customer_id,age,gender,item_purchased,category,purchase_amount_(usd),location,size,color,season,review_rating,subscription_status,payment_method,shipping_type,discount_applied,promo_code_used,previous_purchases,preferred_payment_method,frequency_of_purchases,_quality_score,_original_index,_cleaned_at
1.0,55.0,male,blouse,clothing,53.0,kentucky,l,gray,winter,3.1,True,credit_card,express,True,True,14.0,venmo,fortnightly,1.0,0,2026-04-25 09:50:22.623131
2.0,19.0,male,sweater,clothing,64.0,maine,l,maroon,winter,3.1,True,bank_transfer,express,True,True,2.0,cash,fortnightly,1.0,1,2026-04-25 09:50:22.623131
3.0,50.0,male,jeans,clothing,73.0,massachusetts,s,maroon,spring,3.1,True,cash,free_shipping,True,True,23.0,credit_card,weekly,1.0,2,2026-04-25 09:50:22.623131
4.0,21.0,male,sandals,footwear,90.0,rhode_island,m,maroon,spring,3.5,True,paypal,next_day_air,True,True,49.0,paypal,weekly,1.0,3,2026-04-25 09:50:22.623131
5.0,45.0,male,blouse,clothing,49.0,oregon,m,turquoise,spring,2.7,True,cash,free_shipping,True,True,31.0,paypal,annually,1.0,4,2026-04-25 09:50:22.623131
6.0,46.0,male,sneakers,footwear,20.0,wyoming,m,white,summer,2.9,True,venmo,standard,True,True,14.0,venmo,weekly,1.0,5,2026-04-25 09:50:22.623131
7.0,63.0,male,shirt,clothing,85.0,montana,m,gray,fall,3.2,True,debit_card,free_shipping,True,True,49.0,cash,quarterly,1.0,6,2026-04-25 09:50:22.623131
8.0,27.0,male,shorts,clothing,34.0,louisiana,l,charcoal,winter,3.2,True,debit_card,free_shipping,True,True,19.0,credit_card,weekly,1.0,7,2026-04-25 09:50:22.623131
9.0,26.0,male,coat,outerwear,97.0,west_virginia,l,silver,summer,2.6,True,venmo,express,True,True,8.0,venmo,annually,1.0,8,2026-04-25 09:50:22.623131
10.0,57.0,male,handbag,accessories,31.0,missouri,m,pink,spring,4.8,True,paypal,2-day_shipping,True,True,4.0,cash,quarterly,1.0,9,2026-04-25 09:50:22.623131
11.0,53.0,male,shoes,footwear,34.0,arkansas,l,purple,fall,4.1,True,credit_card,store_pickup,True,True,26.0,bank_transfer,bi-weekly,1.0,10,2026-04-25 09:50:22.623131
12.0,30.0,male,shorts,clothing,68.0,hawaii,s,olive,winter,4.9,True,paypal,store_pickup,True,True,10.0,bank_transfer,fortnightly,1.0,11,2026-04-25 09:50:22.623131
13.0,61.0,male,coat,outerwear,72.0,delaware,m,gold,winter,4.5,True,paypal,express,True,True,37.0,venmo,fortnightly,1.0,12,2026-04-25 09:50:22.623131
14.0,65.0,male,dress,clothing,51.0,new_hampshire,m,violet,spring,4.7,True,debit_card,express,True,True,31.0,paypal,weekly,1.0,13,2026-04-25 09:50:22.623131
15.0,64.0,male,coat,outerwear,53.0,new_york,l,teal,winter,4.7,True,paypal,free_shipping,True,True,34.0,debit_card,weekly,1.0,14,2026-04-25 09:50:22.623131
16.0,64.0,male,skirt,clothing,81.0,rhode_island,m,teal,winter,2.8,True,credit_card,store_pickup,True,True,8.0,paypal,monthly,1.0,15,2026-04-25 09:50:22.623131
17.0,25.0,male,sunglasses,accessories,36.0,alabama,s,gray,spring,4.1,True,venmo,next_day_air,True,True,44.0,debit_card,bi-weekly,1.0,16,2026-04-25 09:50:22.623131
18.0,53.0,male,dress,clothing,38.0,mississippi,xl,lavender,winter,4.7,True,debit_card,2-day_shipping,True,True,36.0,venmo,quarterly,1.0,17,2026-04-25 09:50:22.623131
19.0,52.0,male,sweater,clothing,48.0,montana,s,black,summer,4.6,True,bank_transfer,free_shipping,True,True,17.0,cash,weekly,1.0,18,2026-04-25 09:50:22.623131
20.0,66.0,male,pants,clothing,90.0,rhode_island,m,green,summer,3.3,True,venmo,standard,True,True,46.0,debit_card,bi-weekly,1.0,19,2026-04-25 09:50:22.623131
21.0,21.0,male,pants,clothing,51.0,louisiana,m,black,winter,2.8,True,credit_card,express,True,True,50.0,cash,every_3_months,1.0,20,2026-04-25 09:50:22.623131
22.0,31.0,male,pants,clothing,62.0,north_carolina,m,charcoal,winter,4.1,True,credit_card,store_pickup,True,True,22.0,debit_card,quarterly,1.0,21,2026-04-25 09:50:22.623131
23.0,56.0,male,pants,clothing,37.0,california,m,peach,summer,3.2,True,cash,store_pickup,True,True,32.0,debit_card,annually,1.0,22,2026-04-25 09:50:22.623131
24.0,31.0,male,pants,clothing,88.0,oklahoma,xl,white,winter,4.4,True,credit_card,express,True,True,40.0,credit_card,weekly,1.0,23,2026-04-25 09:50:22.623131
25.0,18.0,male,jacket,outerwear,22.0,florida,m,green,fall,2.9,True,cash,store_pickup,True,True,16.0,debit_card,weekly,1.0,24,2026-04-25 09:50:22.623131
26.0,18.0,male,hoodie,clothing,25.0,texas,m,silver,summer,3.6,True,bank_transfer,express,True,True,14.0,paypal,annually,1.0,25,2026-04-25 09:50:22.623131
27.0,38.0,male,jewelry,accessories,20.0,nevada,m,red,spring,3.6,True,cash,next_day_air,True,True,13.0,credit_card,annually,1.0,26,2026-04-25 09:50:22.623131
28.0,56.0,male,shorts,clothing,56.0,kentucky,l,cyan,summer,5.0,True,debit_card,next_day_air,True,True,7.0,bank_transfer,every_3_months,1.0,27,2026-04-25 09:50:22.623131
29.0,54.0,male,handbag,accessories,94.0,north_carolina,m,gray,fall,4.4,True,debit_card,free_shipping,True,True,41.0,paypal,every_3_months,1.0,28,2026-04-25 09:50:22.623131
30.0,31.0,male,dress,clothing,48.0,wyoming,s,black,fall,4.1,True,venmo,store_pickup,True,True,14.0,credit_card,weekly,1.0,29,2026-04-25 09:50:22.623131
31.0,57.0,male,jewelry,accessories,31.0,north_carolina,l,black,winter,4.7,True,bank_transfer,standard,True,True,16.0,credit_card,monthly,1.0,30,2026-04-25 09:50:22.623131
32.0,33.0,male,dress,clothing,79.0,west_virginia,l,brown,winter,4.7,True,venmo,store_pickup,True,True,45.0,venmo,monthly,1.0,31,2026-04-25 09:50:22.623131
33.0,36.0,male,jacket,outerwear,67.0,kansas,m,silver,summer,4.9,True,bank_transfer,free_shipping,True,True,37.0,venmo,annually,1.0,32,2026-04-25 09:50:22.623131
34.0,54.0,male,pants,clothing,38.0,colorado,l,green,summer,3.3,True,venmo,store_pickup,True,True,45.0,cash,quarterly,1.0,33,2026-04-25 09:50:22.623131
35.0,36.0,male,t-shirt,clothing,91.0,north_dakota,l,violet,spring,4.6,True,debit_card,2-day_shipping,True,True,38.0,paypal,quarterly,1.0,34,2026-04-25 09:50:22.623131
36.0,54.0,male,blouse,clothing,33.0,massachusetts,m,cyan,summer,4.0,True,bank_transfer,2-day_shipping,True,True,48.0,credit_card,bi-weekly,1.0,35,2026-04-25 09:50:22.623131
37.0,35.0,male,t-shirt,clothing,69.0,illinois,m,maroon,winter,4.6,True,cash,free_shipping,True,True,44.0,paypal,fortnightly,1.0,36,2026-04-25 09:50:22.623131
38.0,35.0,male,jeans,clothing,45.0,indiana,s,cyan,summer,2.8,True,debit_card,store_pickup,True,True,10.0,paypal,weekly,1.0,37,2026-04-25 09:50:22.623131
39.0,29.0,male,dress,clothing,37.0,florida,m,red,winter,3.7,True,debit_card,2-day_shipping,True,True,44.0,venmo,every_3_months,1.0,38,2026-04-25 09:50:22.623131
40.0,70.0,male,pants,clothing,60.0,arizona,s,turquoise,summer,4.2,True,bank_transfer,express,True,True,18.0,credit_card,monthly,1.0,39,2026-04-25 09:50:22.623131
41.0,69.0,male,handbag,accessories,76.0,louisiana,l,beige,winter,4.6,True,paypal,next_day_air,True,True,31.0,debit_card,quarterly,1.0,40,2026-04-25 09:50:22.623131
42.0,67.0,male,scarf,accessories,39.0,alaska,m,orange,spring,4.5,True,cash,standard,True,True,40.0,venmo,annually,1.0,41,2026-04-25 09:50:22.623131
43.0,20.0,male,coat,outerwear,100.0,tennessee,m,beige,spring,4.1,True,bank_transfer,free_shipping,True,True,15.0,paypal,annually,1.0,42,2026-04-25 09:50:22.623131
44.0,25.0,male,scarf,accessories,69.0,ohio,l,lavender,fall,3.7,True,paypal,store_pickup,True,True,19.0,paypal,fortnightly,1.0,43,2026-04-25 09:50:22.623131
45.0,39.0,male,hat,accessories,53.0,kentucky,s,silver,summer,4.6,True,bank_transfer,free_shipping,True,True,45.0,paypal,weekly,1.0,44,2026-04-25 09:50:22.623131
46.0,50.0,male,socks,clothing,21.0,tennessee,xl,indigo,fall,2.9,True,venmo,2-day_shipping,True,True,25.0,paypal,annually,1.0,45,2026-04-25 09:50:22.623131
47.0,57.0,male,shirt,clothing,43.0,california,l,white,summer,2.9,True,venmo,store_pickup,True,True,45.0,cash,quarterly,1.0,46,2026-04-25 09:50:22.623131
48.0,55.0,male,jewelry,accessories,54.0,montana,m,charcoal,winter,4.5,True,debit_card,free_shipping,True,True,36.0,cash,weekly,1.0,47,2026-04-25 09:50:22.623131
49.0,42.0,male,shirt,clothing,55.0,nevada,m,orange,summer,2.7,True,debit_card,store_pickup,True,True,38.0,cash,monthly,1.0,48,2026-04-25 09:50:22.623131
50.0,68.0,male,hoodie,clothing,30.0,new_jersey,s,indigo,spring,4.6,True,bank_transfer,next_day_air,True,True,34.0,debit_card,bi-weekly,1.0,49,2026-04-25 09:50:22.623131
51.0,49.0,male,blouse,clothing,28.0,maryland,m,red,spring,3.7,True,cash,store_pickup,True,True,39.0,debit_card,bi-weekly,1.0,50,2026-04-25 09:50:22.623131
52.0,59.0,male,skirt,clothing,59.0,vermont,xl,gray,winter,4.7,True,paypal,2-day_shipping,True,True,7.0,credit_card,quarterly,1.0,51,2026-04-25 09:50:22.623131
53.0,42.0,male,t-shirt,clothing,20.0,alaska,m,green,summer,2.6,True,credit_card,free_shipping,True,True,26.0,credit_card,weekly,1.0,52,2026-04-25 09:50:22.623131
54.0,29.0,male,skirt,clothing,24.0,mississippi,s,peach,winter,3.9,True,debit_card,next_day_air,True,True,35.0,credit_card,weekly,1.0,53,2026-04-25 09:50:22.623131
55.0,47.0,male,coat,outerwear,94.0,new_mexico,m,brown,summer,4.2,True,bank_transfer,next_day_air,True,True,35.0,debit_card,bi-weekly,1.0,54,2026-04-25 09:50:22.623131
56.0,40.0,male,jacket,outerwear,28.0,south_carolina,m,lavender,winter,3.0,True,venmo,2-day_shipping,True,True,49.0,credit_card,annually,1.0,55,2026-04-25 09:50:22.623131
57.0,41.0,male,backpack,accessories,73.0,mississippi,xl,brown,summer,4.7,True,paypal,store_pickup,True,True,46.0,credit_card,weekly,1.0,56,2026-04-25 09:50:22.623131
58.0,21.0,male,coat,outerwear,64.0,west_virginia,m,white,summer,4.4,True,paypal,store_pickup,True,True,17.0,debit_card,fortnightly,1.0,57,2026-04-25 09:50:22.623131
59.0,69.0,male,hoodie,clothing,54.0,missouri,m,charcoal,summer,4.2,True,credit_card,free_shipping,True,True,29.0,venmo,monthly,1.0,58,2026-04-25 09:50:22.623131
60.0,63.0,male,belt,accessories,79.0,louisiana,l,yellow,spring,4.6,True,debit_card,standard,True,True,4.0,debit_card,weekly,1.0,59,2026-04-25 09:50:22.623131
61.0,50.0,male,sweater,clothing,37.0,idaho,l,brown,summer,4.0,True,credit_card,express,True,True,17.0,cash,weekly,1.0,60,2026-04-25 09:50:22.623131
62.0,55.0,male,scarf,accessories,68.0,texas,m,orange,winter,4.7,True,bank_transfer,store_pickup,True,True,21.0,credit_card,every_3_months,1.0,61,2026-04-25 09:50:22.623131
63.0,30.0,male,sneakers,footwear,21.0,mississippi,s,magenta,spring,3.8,True,credit_card,free_shipping,True,True,31.0,credit_card,fortnightly,1.0,62,2026-04-25 09:50:22.623131
64.0,33.0,male,sunglasses,accessories,79.0,arizona,l,lavender,winter,2.7,True,credit_card,2-day_shipping,True,True,43.0,credit_card,weekly,1.0,63,2026-04-25 09:50:22.623131
65.0,65.0,male,boots,footwear,83.0,alabama,s,green,fall,4.8,True,paypal,standard,True,True,18.0,debit_card,fortnightly,1.0,64,2026-04-25 09:50:22.623131
66.0,65.0,male,backpack,accessories,36.0,new_jersey,m,purple,spring,4.8,True,credit_card,2-day_shipping,True,True,44.0,venmo,every_3_months,1.0,65,2026-04-25 09:50:22.623131
67.0,31.0,male,blouse,clothing,94.0,pennsylvania,s,magenta,winter,4.7,True,bank_transfer,2-day_shipping,True,True,3.0,venmo,every_3_months,1.0,66,2026-04-25 09:50:22.623131
68.0,45.0,male,coat,outerwear,33.0,connecticut,l,gray,winter,4.4,True,paypal,store_pickup,True,True,49.0,debit_card,monthly,1.0,67,2026-04-25 09:50:22.623131
69.0,57.0,male,handbag,accessories,46.0,utah,l,silver,summer,3.9,True,credit_card,next_day_air,True,True,21.0,cash,every_3_months,1.0,68,2026-04-25 09:50:22.623131
70.0,48.0,male,belt,accessories,70.0,tennessee,s,cyan,summer,4.4,True,credit_card,express,True,True,5.0,cash,weekly,1.0,69,2026-04-25 09:50:22.623131
71.0,22.0,male,belt,accessories,29.0,alabama,m,magenta,fall,4.2,True,credit_card,express,True,True,32.0,debit_card,every_3_months,1.0,70,2026-04-25 09:50:22.623131
72.0,36.0,male,dress,clothing,48.0,virginia,l,gold,summer,2.9,True,debit_card,express,True,True,34.0,bank_transfer,annually,1.0,71,2026-04-25 09:50:22.623131
73.0,18.0,male,dress,clothing,26.0,georgia,m,olive,winter,2.9,True,debit_card,store_pickup,True,True,21.0,bank_transfer,every_3_months,1.0,72,2026-04-25 09:50:22.623131
74.0,48.0,male,pants,clothing,85.0,hawaii,m,teal,spring,2.7,True,debit_card,free_shipping,True,True,43.0,bank_transfer,bi-weekly,1.0,73,2026-04-25 09:50:22.623131
75.0,49.0,male,gloves,accessories,58.0,indiana,l,violet,spring,4.5,True,paypal,express,True,True,3.0,cash,monthly,1.0,74,2026-04-25 09:50:22.623131
76.0,64.0,male,scarf,accessories,85.0,utah,m,blue,summer,2.7,True,debit_card,free_shipping,True,True,21.0,credit_card,annually,1.0,75,2026-04-25 09:50:22.623131
77.0,50.0,male,hat,accessories,43.0,delaware,s,teal,summer,4.2,True,bank_transfer,free_shipping,True,True,32.0,venmo,monthly,1.0,76,2026-04-25 09:50:22.623131
78.0,22.0,male,dress,clothing,53.0,delaware,l,gold,summer,3.3,True,debit_card,next_day_air,True,True,36.0,debit_card,fortnightly,1.0,77,2026-04-25 09:50:22.623131
79.0,50.0,male,skirt,clothing,91.0,nebraska,m,maroon,spring,4.7,True,venmo,free_shipping,True,True,50.0,venmo,fortnightly,1.0,78,2026-04-25 09:50:22.623131
80.0,38.0,male,jacket,outerwear,96.0,iowa,m,olive,winter,2.6,True,bank_transfer,2-day_shipping,True,True,43.0,bank_transfer,every_3_months,1.0,79,2026-04-25 09:50:22.623131
81.0,19.0,male,sandals,footwear,72.0,new_york,xl,blue,summer,3.3,True,credit_card,store_pickup,True,True,24.0,credit_card,every_3_months,1.0,80,2026-04-25 09:50:22.623131
82.0,67.0,male,shoes,footwear,96.0,virginia,l,maroon,summer,2.6,True,paypal,express,True,True,36.0,credit_card,every_3_months,1.0,81,2026-04-25 09:50:22.623131
83.0,19.0,male,pants,clothing,28.0,georgia,s,olive,spring,4.0,True,bank_transfer,2-day_shipping,True,True,21.0,credit_card,every_3_months,1.0,82,2026-04-25 09:50:22.623131
84.0,36.0,male,dress,clothing,40.0,texas,m,turquoise,summer,4.1,True,debit_card,standard,True,True,34.0,bank_transfer,weekly,1.0,83,2026-04-25 09:50:22.623131
85.0,52.0,male,coat,outerwear,32.0,arizona,s,peach,spring,4.4,True,cash,standard,True,True,42.0,bank_transfer,every_3_months,1.0,84,2026-04-25 09:50:22.623131
86.0,53.0,male,sunglasses,accessories,95.0,new_mexico,m,charcoal,winter,4.5,True,credit_card,next_day_air,True,True,2.0,debit_card,bi-weekly,1.0,85,2026-04-25 09:50:22.623131
87.0,24.0,male,hoodie,clothing,41.0,nevada,l,pink,spring,3.7,True,venmo,2-day_shipping,True,True,47.0,cash,bi-weekly,1.0,86,2026-04-25 09:50:22.623131
88.0,52.0,male,shoes,footwear,53.0,ohio,m,green,fall,3.7,True,debit_card,2-day_shipping,True,True,44.0,debit_card,fortnightly,1.0,87,2026-04-25 09:50:22.623131
89.0,33.0,male,t-shirt,clothing,47.0,wyoming,m,orange,fall,3.5,True,credit_card,free_shipping,True,True,35.0,credit_card,monthly,1.0,88,2026-04-25 09:50:22.623131
90.0,47.0,male,jacket,outerwear,83.0,california,xl,pink,fall,3.6,True,bank_transfer,next_day_air,True,True,15.0,cash,quarterly,1.0,89,2026-04-25 09:50:22.623131
91.0,25.0,male,hat,accessories,48.0,south_carolina,l,violet,summer,2.9,True,venmo,express,True,True,29.0,credit_card,monthly,1.0,90,2026-04-25 09:50:22.623131
92.0,44.0,male,scarf,accessories,99.0,south_carolina,s,green,winter,4.6,True,paypal,standard,True,True,18.0,credit_card,every_3_months,1.0,91,2026-04-25 09:50:22.623131
93.0,61.0,male,jacket,outerwear,87.0,texas,m,olive,winter,4.4,True,cash,2-day_shipping,True,True,13.0,venmo,every_3_months,1.0,92,2026-04-25 09:50:22.623131
94.0,37.0,male,sweater,clothing,62.0,florida,m,purple,fall,4.5,True,paypal,standard,True,True,46.0,credit_card,weekly,1.0,93,2026-04-25 09:50:22.623131
95.0,58.0,male,skirt,clothing,76.0,nevada,s,silver,spring,4.6,True,bank_transfer,free_shipping,True,True,28.0,credit_card,weekly,1.0,94,2026-04-25 09:50:22.623131
96.0,37.0,male,sneakers,footwear,100.0,missouri,l,pink,fall,3.8,True,paypal,free_shipping,True,True,48.0,paypal,monthly,1.0,95,2026-04-25 09:50:22.623131
97.0,32.0,male,gloves,accessories,73.0,delaware,s,gold,spring,3.6,True,venmo,express,True,True,43.0,venmo,every_3_months,1.0,96,2026-04-25 09:50:22.623131
98.0,21.0,male,shoes,footwear,92.0,virginia,m,teal,winter,4.8,True,paypal,store_pickup,True,True,37.0,cash,annually,1.0,97,2026-04-25 09:50:22.623131
99.0,20.0,male,jeans,clothing,67.0,new_york,xl,teal,spring,2.6,True,cash,next_day_air,True,True,20.0,bank_transfer,annually,1.0,98,2026-04-25 09:50:22.623131
100.0,26.0,male,hoodie,clothing,40.0,missouri,xl,indigo,summer,3.7,True,cash,express,True,True,33.0,debit_card,quarterly,1.0,99,2026-04-25 09:50:22.623131
101.0,62.0,male,sunglasses,accessories,98.0,south_dakota,m,maroon,fall,2.7,True,paypal,express,True,True,31.0,cash,fortnightly,1.0,100,2026-04-25 09:50:22.623131
102.0,27.0,male,coat,outerwear,85.0,north_dakota,xl,white,spring,4.6,True,venmo,express,True,True,50.0,credit_card,bi-weekly,1.0,101,2026-04-25 09:50:22.623131
103.0,51.0,male,socks,clothing,67.0,oklahoma,l,violet,winter,4.8,True,credit_card,next_day_air,True,True,35.0,credit_card,quarterly,1.0,102,2026-04-25 09:50:22.623131
104.0,54.0,male,boots,footwear,89.0,west_virginia,l,red,winter,4.0,True,debit_card,next_day_air,True,True,22.0,venmo,bi-weekly,1.0,103,2026-04-25 09:50:22.623131
105.0,55.0,male,sunglasses,accessories,24.0,new_hampshire,l,pink,spring,4.4,True,bank_transfer,2-day_shipping,True,True,1.0,paypal,monthly,1.0,104,2026-04-25 09:50:22.623131
106.0,69.0,male,backpack,accessories,96.0,new_york,m,charcoal,fall,3.6,True,bank_transfer,next_day_air,True,True,4.0,bank_transfer,annually,1.0,105,2026-04-25 09:50:22.623131
107.0,64.0,male,jacket,outerwear,35.0,minnesota,l,white,summer,3.7,True,cash,standard,True,True,31.0,credit_card,monthly,1.0,106,2026-04-25 09:50:22.623131
108.0,28.0,male,sneakers,footwear,67.0,maryland,l,olive,winter,3.1,True,cash,next_day_air,True,True,46.0,paypal,fortnightly,1.0,107,2026-04-25 09:50:22.623131
109.0,70.0,male,socks,clothing,79.0,montana,l,purple,spring,3.4,True,bank_transfer,next_day_air,True,True,32.0,bank_transfer,bi-weekly,1.0,108,2026-04-25 09:50:22.623131
110.0,58.0,male,t-shirt,clothing,85.0,alabama,m,violet,spring,2.6,True,cash,next_day_air,True,True,43.0,bank_transfer,fortnightly,1.0,109,2026-04-25 09:50:22.623131
111.0,56.0,male,backpack,accessories,26.0,new_york,m,black,summer,4.0,True,bank_transfer,standard,True,True,26.0,venmo,fortnightly,1.0,110,2026-04-25 09:50:22.623131
112.0,26.0,male,belt,accessories,75.0,massachusetts,l,purple,summer,5.0,True,paypal,free_shipping,True,True,9.0,credit_card,annually,1.0,111,2026-04-25 09:50:22.623131
113.0,37.0,male,gloves,accessories,65.0,florida,m,red,spring,4.3,True,credit_card,free_shipping,True,True,28.0,paypal,bi-weekly,1.0,112,2026-04-25 09:50:22.623131
114.0,44.0,male,hat,accessories,54.0,new_jersey,l,maroon,winter,3.1,True,debit_card,next_day_air,True,True,20.0,paypal,quarterly,1.0,113,2026-04-25 09:50:22.623131
115.0,70.0,male,coat,outerwear,95.0,massachusetts,s,blue,summer,3.7,True,venmo,store_pickup,True,True,9.0,cash,weekly,1.0,114,2026-04-25 09:50:22.623131
116.0,53.0,male,skirt,clothing,94.0,wyoming,m,gray,spring,3.8,True,cash,standard,True,True,48.0,debit_card,every_3_months,1.0,115,2026-04-25 09:50:22.623131
117.0,55.0,male,shoes,footwear,86.0,virginia,s,blue,spring,3.4,True,paypal,free_shipping,True,True,12.0,venmo,annually,1.0,116,2026-04-25 09:50:22.623131
118.0,50.0,male,sandals,footwear,32.0,south_dakota,l,yellow,summer,4.6,True,bank_transfer,express,True,True,29.0,cash,fortnightly,1.0,117,2026-04-25 09:50:22.623131
119.0,50.0,male,sweater,clothing,45.0,kentucky,l,orange,fall,4.8,True,bank_transfer,2-day_shipping,True,True,27.0,cash,bi-weekly,1.0,118,2026-04-25 09:50:22.623131
120.0,38.0,male,coat,outerwear,76.0,wyoming,m,orange,fall,4.3,True,debit_card,express,True,True,44.0,cash,annually,1.0,119,2026-04-25 09:50:22.623131
121.0,64.0,male,hat,accessories,84.0,west_virginia,l,red,summer,4.0,True,paypal,express,True,True,32.0,bank_transfer,annually,1.0,120,2026-04-25 09:50:22.623131
122.0,19.0,male,shorts,clothing,72.0,virginia,m,olive,winter,4.2,True,cash,standard,True,True,11.0,cash,fortnightly,1.0,121,2026-04-25 09:50:22.623131
123.0,40.0,male,backpack,accessories,40.0,washington,l,brown,spring,4.8,True,credit_card,2-day_shipping,True,True,44.0,cash,fortnightly,1.0,122,2026-04-25 09:50:22.623131
124.0,57.0,male,sweater,clothing,89.0,louisiana,l,brown,fall,3.1,True,debit_card,free_shipping,True,True,46.0,cash,weekly,1.0,123,2026-04-25 09:50:22.623131
125.0,44.0,male,sweater,clothing,86.0,nevada,m,gray,spring,3.1,True,paypal,next_day_air,True,True,50.0,paypal,annually,1.0,124,2026-04-25 09:50:22.623131
126.0,49.0,male,shorts,clothing,54.0,california,m,indigo,winter,3.6,True,cash,next_day_air,True,True,45.0,venmo,every_3_months,1.0,125,2026-04-25 09:50:22.623131
127.0,43.0,male,shorts,clothing,36.0,mississippi,l,pink,spring,3.9,True,bank_transfer,store_pickup,True,True,48.0,cash,every_3_months,1.0,126,2026-04-25 09:50:22.623131
128.0,24.0,male,sweater,clothing,89.0,mississippi,m,gray,winter,4.8,True,venmo,next_day_air,True,True,26.0,credit_card,weekly,1.0,127,2026-04-25 09:50:22.623131
129.0,20.0,male,scarf,accessories,32.0,california,m,gold,spring,4.7,True,venmo,standard,True,True,21.0,credit_card,fortnightly,1.0,128,2026-04-25 09:50:22.623131
130.0,24.0,male,dress,clothing,67.0,pennsylvania,xl,olive,summer,4.2,True,cash,2-day_shipping,True,True,49.0,paypal,bi-weekly,1.0,129,2026-04-25 09:50:22.623131
131.0,44.0,male,scarf,accessories,39.0,kentucky,l,violet,fall,3.7,True,credit_card,next_day_air,True,True,13.0,paypal,fortnightly,1.0,130,2026-04-25 09:50:22.623131
132.0,28.0,male,skirt,clothing,29.0,maine,l,indigo,summer,3.9,True,paypal,standard,True,True,46.0,credit_card,weekly,1.0,131,2026-04-25 09:50:22.623131
133.0,30.0,male,backpack,accessories,58.0,new_mexico,m,orange,fall,4.7,True,bank_transfer,2-day_shipping,True,True,42.0,paypal,weekly,1.0,132,2026-04-25 09:50:22.623131
134.0,52.0,male,sweater,clothing,65.0,montana,m,violet,winter,2.5,True,bank_transfer,next_day_air,True,True,25.0,venmo,annually,1.0,133,2026-04-25 09:50:22.623131
135.0,43.0,male,hat,accessories,94.0,texas,l,gray,fall,4.9,True,credit_card,store_pickup,True,True,25.0,cash,monthly,1.0,134,2026-04-25 09:50:22.623131
136.0,43.0,male,sandals,footwear,81.0,kansas,m,purple,fall,4.1,True,paypal,express,True,True,12.0,paypal,quarterly,1.0,135,2026-04-25 09:50:22.623131
137.0,39.0,male,blouse,clothing,86.0,south_carolina,m,white,winter,3.3,True,credit_card,free_shipping,True,True,4.0,debit_card,quarterly,1.0,136,2026-04-25 09:50:22.623131
138.0,68.0,male,sneakers,footwear,43.0,colorado,m,turquoise,spring,4.7,True,cash,free_shipping,True,True,38.0,paypal,weekly,1.0,137,2026-04-25 09:50:22.623131
139.0,68.0,male,skirt,clothing,29.0,georgia,m,maroon,winter,4.4,True,cash,store_pickup,True,True,42.0,bank_transfer,weekly,1.0,138,2026-04-25 09:50:22.623131
140.0,49.0,male,coat,outerwear,95.0,florida,m,white,fall,3.8,True,debit_card,store_pickup,True,True,30.0,venmo,annually,1.0,139,2026-04-25 09:50:22.623131
141.0,63.0,male,shirt,clothing,28.0,north_carolina,l,yellow,fall,3.9,True,bank_transfer,2-day_shipping,True,True,50.0,credit_card,weekly,1.0,140,2026-04-25 09:50:22.623131
142.0,56.0,male,gloves,accessories,46.0,virginia,m,turquoise,fall,4.9,True,paypal,free_shipping,True,True,45.0,paypal,weekly,1.0,141,2026-04-25 09:50:22.623131
143.0,37.0,male,jacket,outerwear,58.0,nebraska,l,violet,fall,3.1,True,paypal,free_shipping,True,True,33.0,credit_card,fortnightly,1.0,142,2026-04-25 09:50:22.623131
144.0,30.0,male,coat,outerwear,48.0,missouri,m,beige,fall,2.7,True,bank_transfer,store_pickup,True,True,25.0,paypal,quarterly,1.0,143,2026-04-25 09:50:22.623131
145.0,19.0,male,shoes,footwear,43.0,new_jersey,m,silver,fall,3.2,True,credit_card,express,True,True,25.0,cash,monthly,1.0,144,2026-04-25 09:50:22.623131
146.0,24.0,male,jewelry,accessories,95.0,missouri,m,teal,fall,4.5,True,venmo,standard,True,True,44.0,debit_card,quarterly,1.0,145,2026-04-25 09:50:22.623131
147.0,52.0,male,skirt,clothing,30.0,colorado,s,black,fall,4.0,True,debit_card,standard,True,True,21.0,venmo,fortnightly,1.0,146,2026-04-25 09:50:22.623131
148.0,63.0,male,shoes,footwear,64.0,idaho,m,purple,summer,3.5,True,bank_transfer,2-day_shipping,True,True,31.0,bank_transfer,fortnightly,1.0,147,2026-04-25 09:50:22.623131
149.0,37.0,male,gloves,accessories,90.0,wyoming,m,gray,fall,2.6,True,paypal,store_pickup,True,True,47.0,debit_card,annually,1.0,148,2026-04-25 09:50:22.623131
150.0,38.0,male,pants,clothing,76.0,delaware,m,white,summer,3.2,True,venmo,free_shipping,True,True,14.0,paypal,monthly,1.0,149,2026-04-25 09:50:22.623131
151.0,35.0,male,boots,footwear,96.0,california,l,cyan,fall,4.9,True,bank_transfer,standard,True,True,17.0,debit_card,every_3_months,1.0,150,2026-04-25 09:50:22.623131
152.0,28.0,male,sunglasses,accessories,47.0,north_dakota,l,turquoise,fall,4.5,True,debit_card,next_day_air,True,True,3.0,venmo,annually,1.0,151,2026-04-25 09:50:22.623131
153.0,30.0,male,shirt,clothing,85.0,south_carolina,s,brown,summer,4.3,True,paypal,express,True,True,42.0,venmo,annually,1.0,152,2026-04-25 09:50:22.623131
154.0,69.0,male,hoodie,clothing,55.0,north_carolina,m,maroon,winter,3.2,True,debit_card,standard,True,True,22.0,debit_card,annually,1.0,153,2026-04-25 09:50:22.623131
155.0,41.0,male,dress,clothing,98.0,oklahoma,m,charcoal,fall,3.6,True,debit_card,next_day_air,True,True,21.0,venmo,quarterly,1.0,154,2026-04-25 09:50:22.623131
156.0,63.0,male,socks,clothing,77.0,maine,s,olive,spring,4.3,True,cash,free_shipping,True,True,21.0,bank_transfer,quarterly,1.0,155,2026-04-25 09:50:22.623131
157.0,35.0,male,shorts,clothing,26.0,missouri,m,lavender,fall,4.0,True,venmo,standard,True,True,40.0,debit_card,annually,1.0,156,2026-04-25 09:50:22.623131
158.0,36.0,male,hat,accessories,68.0,vermont,s,yellow,fall,3.0,True,debit_card,next_day_air,True,True,1.0,bank_transfer,fortnightly,1.0,157,2026-04-25 09:50:22.623131
159.0,25.0,male,shirt,clothing,73.0,connecticut,xl,teal,fall,4.1,True,bank_transfer,standard,True,True,50.0,bank_transfer,monthly,1.0,158,2026-04-25 09:50:22.623131
160.0,58.0,male,gloves,accessories,27.0,new_hampshire,m,charcoal,fall,3.8,True,debit_card,store_pickup,True,True,39.0,bank_transfer,every_3_months,1.0,159,2026-04-25 09:50:22.623131
161.0,27.0,male,gloves,accessories,23.0,texas,m,orange,summer,4.6,True,bank_transfer,free_shipping,True,True,34.0,venmo,monthly,1.0,160,2026-04-25 09:50:22.623131
162.0,65.0,male,backpack,accessories,49.0,north_dakota,m,olive,fall,3.0,True,venmo,express,True,True,29.0,venmo,fortnightly,1.0,161,2026-04-25 09:50:22.623131
163.0,54.0,male,sunglasses,accessories,74.0,california,m,turquoise,summer,3.0,True,credit_card,store_pickup,True,True,31.0,paypal,bi-weekly,1.0,162,2026-04-25 09:50:22.623131
164.0,54.0,male,skirt,clothing,67.0,virginia,m,purple,summer,3.4,True,paypal,standard,True,True,8.0,debit_card,weekly,1.0,163,2026-04-25 09:50:22.623131
165.0,59.0,male,handbag,accessories,65.0,delaware,s,purple,spring,2.6,True,debit_card,free_shipping,True,True,5.0,credit_card,fortnightly,1.0,164,2026-04-25 09:50:22.623131
166.0,42.0,male,handbag,accessories,60.0,kentucky,s,yellow,winter,2.8,True,credit_card,store_pickup,True,True,7.0,cash,monthly,1.0,165,2026-04-25 09:50:22.623131
167.0,46.0,male,sneakers,footwear,31.0,delaware,xl,indigo,fall,4.0,True,cash,store_pickup,True,True,30.0,cash,monthly,1.0,166,2026-04-25 09:50:22.623131
168.0,33.0,male,gloves,accessories,27.0,arkansas,m,green,fall,4.0,True,venmo,express,True,True,14.0,credit_card,every_3_months,1.0,167,2026-04-25 09:50:22.623131
169.0,34.0,male,shoes,footwear,80.0,louisiana,m,magenta,summer,3.0,True,bank_transfer,express,True,True,5.0,cash,fortnightly,1.0,168,2026-04-25 09:50:22.623131
170.0,27.0,male,jacket,outerwear,30.0,nevada,s,gold,summer,3.3,True,credit_card,standard,True,True,3.0,paypal,every_3_months,1.0,169,2026-04-25 09:50:22.623131
171.0,52.0,male,shirt,clothing,25.0,wyoming,m,maroon,fall,2.6,True,venmo,store_pickup,True,True,46.0,venmo,bi-weekly,1.0,170,2026-04-25 09:50:22.623131
172.0,29.0,male,shorts,clothing,35.0,virginia,m,blue,summer,3.6,True,debit_card,store_pickup,True,True,4.0,credit_card,weekly,1.0,171,2026-04-25 09:50:22.623131
173.0,54.0,male,jewelry,accessories,67.0,nebraska,m,violet,summer,3.9,True,bank_transfer,next_day_air,True,True,42.0,credit_card,bi-weekly,1.0,172,2026-04-25 09:50:22.623131
174.0,25.0,male,hat,accessories,46.0,hawaii,m,turquoise,fall,3.4,True,paypal,standard,True,True,30.0,cash,annually,1.0,173,2026-04-25 09:50:22.623131
175.0,41.0,male,shoes,footwear,35.0,vermont,l,brown,winter,3.5,True,venmo,express,True,True,37.0,venmo,annually,1.0,174,2026-04-25 09:50:22.623131
176.0,53.0,male,coat,outerwear,86.0,oklahoma,l,violet,fall,2.8,True,debit_card,next_day_air,True,True,2.0,bank_transfer,annually,1.0,175,2026-04-25 09:50:22.623131
177.0,53.0,male,backpack,accessories,81.0,new_hampshire,l,black,spring,2.7,True,bank_transfer,next_day_air,True,True,30.0,credit_card,quarterly,1.0,176,2026-04-25 09:50:22.623131
178.0,21.0,male,hoodie,clothing,42.0,kansas,l,magenta,fall,3.7,True,debit_card,next_day_air,True,True,47.0,bank_transfer,monthly,1.0,177,2026-04-25 09:50:22.623131
179.0,61.0,male,skirt,clothing,43.0,idaho,l,lavender,fall,4.3,True,debit_card,2-day_shipping,True,True,21.0,paypal,quarterly,1.0,178,2026-04-25 09:50:22.623131
180.0,64.0,male,boots,footwear,31.0,illinois,m,violet,fall,4.9,True,debit_card,store_pickup,True,True,9.0,bank_transfer,fortnightly,1.0,179,2026-04-25 09:50:22.623131
181.0,51.0,male,sandals,footwear,81.0,south_dakota,l,green,fall,3.3,True,cash,store_pickup,True,True,12.0,debit_card,fortnightly,1.0,180,2026-04-25 09:50:22.623131
182.0,32.0,male,pants,clothing,61.0,massachusetts,m,beige,summer,4.7,True,venmo,next_day_air,True,True,4.0,bank_transfer,weekly,1.0,181,2026-04-25 09:50:22.623131
183.0,38.0,male,gloves,accessories,96.0,alabama,xl,purple,summer,2.8,True,venmo,store_pickup,True,True,10.0,debit_card,annually,1.0,182,2026-04-25 09:50:22.623131
184.0,58.0,male,skirt,clothing,29.0,ohio,xl,beige,spring,3.6,True,bank_transfer,2-day_shipping,True,True,26.0,credit_card,weekly,1.0,183,2026-04-25 09:50:22.623131
185.0,32.0,male,sneakers,footwear,33.0,hawaii,l,cyan,spring,3.0,True,cash,express,True,True,40.0,cash,fortnightly,1.0,184,2026-04-25 09:50:22.623131
186.0,46.0,male,t-shirt,clothing,32.0,wisconsin,xl,silver,summer,4.5,True,bank_transfer,store_pickup,True,True,34.0,bank_transfer,fortnightly,1.0,185,2026-04-25 09:50:22.623131
187.0,39.0,male,backpack,accessories,56.0,minnesota,s,lavender,summer,2.9,True,debit_card,standard,True,True,31.0,debit_card,annually,1.0,186,2026-04-25 09:50:22.623131
188.0,19.0,male,shoes,footwear,94.0,georgia,s,purple,spring,3.3,True,credit_card,store_pickup,True,True,1.0,bank_transfer,bi-weekly,1.0,187,2026-04-25 09:50:22.623131
189.0,50.0,male,hoodie,clothing,53.0,arkansas,m,pink,spring,3.1,True,credit_card,express,True,True,5.0,bank_transfer,bi-weekly,1.0,188,2026-04-25 09:50:22.623131
190.0,36.0,male,blouse,clothing,82.0,west_virginia,m,maroon,fall,4.4,True,venmo,next_day_air,True,True,4.0,credit_card,weekly,1.0,189,2026-04-25 09:50:22.623131
191.0,65.0,male,coat,outerwear,70.0,indiana,xl,beige,fall,3.0,True,venmo,free_shipping,True,True,48.0,venmo,quarterly,1.0,190,2026-04-25 09:50:22.623131
192.0,64.0,male,hat,accessories,76.0,utah,m,gray,fall,3.9,True,credit_card,free_shipping,True,True,29.0,cash,every_3_months,1.0,191,2026-04-25 09:50:22.623131
193.0,46.0,male,shoes,footwear,29.0,nebraska,l,turquoise,summer,2.9,True,venmo,express,True,True,12.0,paypal,bi-weekly,1.0,192,2026-04-25 09:50:22.623131
194.0,36.0,male,belt,accessories,100.0,north_dakota,s,silver,fall,3.0,True,paypal,standard,True,True,29.0,venmo,annually,1.0,193,2026-04-25 09:50:22.623131
195.0,51.0,male,backpack,accessories,94.0,missouri,m,olive,spring,3.1,True,venmo,express,True,True,15.0,debit_card,quarterly,1.0,194,2026-04-25 09:50:22.623131
196.0,51.0,male,jacket,outerwear,25.0,new_york,m,magenta,fall,4.3,True,credit_card,free_shipping,True,True,34.0,credit_card,monthly,1.0,195,2026-04-25 09:50:22.623131
197.0,38.0,male,boots,footwear,88.0,washington,m,lavender,summer,3.9,True,cash,next_day_air,True,True,41.0,credit_card,fortnightly,1.0,196,2026-04-25 09:50:22.623131
198.0,59.0,male,scarf,accessories,78.0,south_carolina,m,black,fall,3.2,True,debit_card,2-day_shipping,True,True,41.0,credit_card,monthly,1.0,197,2026-04-25 09:50:22.623131
199.0,57.0,male,jewelry,accessories,45.0,utah,m,turquoise,winter,4.8,True,cash,standard,True,True,39.0,credit_card,fortnightly,1.0,198,2026-04-25 09:50:22.623131
200.0,54.0,male,hat,accessories,73.0,idaho,xl,green,summer,3.8,True,debit_card,express,True,True,32.0,cash,weekly,1.0,199,2026-04-25 09:50:22.623131
201.0,25.0,male,dress,clothing,61.0,pennsylvania,s,teal,summer,3.3,True,paypal,next_day_air,True,True,29.0,venmo,monthly,1.0,200,2026-04-25 09:50:22.623131
202.0,69.0,male,blouse,clothing,22.0,missouri,s,beige,fall,4.3,True,bank_transfer,free_shipping,True,True,15.0,bank_transfer,annually,1.0,201,2026-04-25 09:50:22.623131
203.0,57.0,male,hat,accessories,38.0,nebraska,l,magenta,spring,2.7,True,bank_transfer,express,True,True,33.0,venmo,annually,1.0,202,2026-04-25 09:50:22.623131
204.0,70.0,male,scarf,accessories,38.0,indiana,s,yellow,fall,3.2,True,paypal,next_day_air,True,True,18.0,bank_transfer,weekly,1.0,203,2026-04-25 09:50:22.623131
205.0,24.0,male,sneakers,footwear,100.0,arizona,m,yellow,fall,4.0,True,paypal,store_pickup,True,True,35.0,cash,bi-weekly,1.0,204,2026-04-25 09:50:22.623131
206.0,67.0,male,shirt,clothing,64.0,hawaii,m,silver,winter,3.0,True,bank_transfer,standard,True,True,25.0,paypal,weekly,1.0,205,2026-04-25 09:50:22.623131
207.0,24.0,male,t-shirt,clothing,55.0,wisconsin,l,silver,summer,4.2,True,venmo,free_shipping,True,True,6.0,venmo,fortnightly,1.0,206,2026-04-25 09:50:22.623131
208.0,62.0,male,gloves,accessories,91.0,rhode_island,m,silver,summer,2.9,True,venmo,express,True,True,17.0,bank_transfer,bi-weekly,1.0,207,2026-04-25 09:50:22.623131
209.0,57.0,male,skirt,clothing,38.0,wisconsin,m,gold,spring,4.1,True,cash,store_pickup,True,True,17.0,credit_card,monthly,1.0,208,2026-04-25 09:50:22.623131
210.0,55.0,male,sandals,footwear,97.0,minnesota,s,olive,winter,3.2,True,bank_transfer,store_pickup,True,True,44.0,cash,every_3_months,1.0,209,2026-04-25 09:50:22.623131
211.0,45.0,male,jacket,outerwear,22.0,vermont,l,teal,fall,3.0,True,venmo,2-day_shipping,True,True,6.0,paypal,fortnightly,1.0,210,2026-04-25 09:50:22.623131
212.0,69.0,male,skirt,clothing,92.0,south_dakota,l,maroon,fall,4.2,True,venmo,2-day_shipping,True,True,45.0,debit_card,fortnightly,1.0,211,2026-04-25 09:50:22.623131
213.0,67.0,male,handbag,accessories,84.0,virginia,l,blue,fall,4.2,True,venmo,express,True,True,7.0,debit_card,annually,1.0,212,2026-04-25 09:50:22.623131
214.0,30.0,male,handbag,accessories,93.0,nevada,l,peach,fall,4.4,True,cash,store_pickup,True,True,11.0,debit_card,every_3_months,1.0,213,2026-04-25 09:50:22.623131
215.0,24.0,male,jacket,outerwear,50.0,hawaii,l,blue,summer,4.2,True,cash,next_day_air,True,True,41.0,cash,every_3_months,1.0,214,2026-04-25 09:50:22.623131
216.0,62.0,male,scarf,accessories,64.0,new_jersey,s,orange,spring,2.8,True,bank_transfer,2-day_shipping,True,True,24.0,paypal,bi-weekly,1.0,215,2026-04-25 09:50:22.623131
217.0,43.0,male,shorts,clothing,61.0,massachusetts,l,yellow,spring,3.7,True,cash,free_shipping,True,True,21.0,venmo,weekly,1.0,216,2026-04-25 09:50:22.623131
218.0,35.0,male,sunglasses,accessories,48.0,oklahoma,m,purple,winter,3.5,True,venmo,next_day_air,True,True,24.0,bank_transfer,annually,1.0,217,2026-04-25 09:50:22.623131
219.0,28.0,male,t-shirt,clothing,45.0,california,s,magenta,spring,2.9,True,credit_card,store_pickup,True,True,8.0,credit_card,quarterly,1.0,218,2026-04-25 09:50:22.623131
220.0,32.0,male,belt,accessories,88.0,nevada,m,cyan,spring,3.0,True,venmo,free_shipping,True,True,12.0,cash,fortnightly,1.0,219,2026-04-25 09:50:22.623131
221.0,39.0,male,sneakers,footwear,57.0,arizona,s,indigo,spring,3.7,True,debit_card,express,True,True,48.0,debit_card,fortnightly,1.0,220,2026-04-25 09:50:22.623131
222.0,28.0,male,hat,accessories,68.0,north_carolina,xl,magenta,summer,4.4,True,debit_card,store_pickup,True,True,6.0,bank_transfer,quarterly,1.0,221,2026-04-25 09:50:22.623131
223.0,47.0,male,gloves,accessories,94.0,new_york,xl,gray,spring,4.5,True,venmo,2-day_shipping,True,True,14.0,paypal,fortnightly,1.0,222,2026-04-25 09:50:22.623131
224.0,20.0,male,pants,clothing,41.0,wyoming,m,turquoise,spring,4.8,True,venmo,free_shipping,True,True,34.0,paypal,annually,1.0,223,2026-04-25 09:50:22.623131
225.0,63.0,male,socks,clothing,83.0,south_dakota,s,beige,summer,2.9,True,paypal,free_shipping,True,True,12.0,cash,every_3_months,1.0,224,2026-04-25 09:50:22.623131
226.0,25.0,male,jacket,outerwear,22.0,arkansas,m,olive,spring,3.2,True,debit_card,next_day_air,True,True,11.0,bank_transfer,annually,1.0,225,2026-04-25 09:50:22.623131
227.0,29.0,male,shoes,footwear,74.0,texas,l,violet,spring,3.3,True,cash,free_shipping,True,True,5.0,paypal,monthly,1.0,226,2026-04-25 09:50:22.623131
228.0,50.0,male,jeans,clothing,90.0,rhode_island,m,turquoise,winter,4.2,True,venmo,standard,True,True,25.0,venmo,fortnightly,1.0,227,2026-04-25 09:50:22.623131
229.0,18.0,male,socks,clothing,79.0,new_hampshire,m,white,spring,2.9,True,credit_card,store_pickup,True,True,11.0,credit_card,annually,1.0,228,2026-04-25 09:50:22.623131
230.0,70.0,male,sandals,footwear,28.0,ohio,s,silver,spring,4.6,True,cash,next_day_air,True,True,27.0,paypal,every_3_months,1.0,229,2026-04-25 09:50:22.623131
231.0,66.0,male,scarf,accessories,88.0,utah,l,olive,fall,4.1,True,venmo,standard,True,True,43.0,credit_card,annually,1.0,230,2026-04-25 09:50:22.623131
232.0,28.0,male,blouse,clothing,26.0,tennessee,m,blue,spring,3.1,True,bank_transfer,2-day_shipping,True,True,18.0,debit_card,every_3_months,1.0,231,2026-04-25 09:50:22.623131
233.0,54.0,male,jewelry,accessories,27.0,hawaii,l,purple,winter,4.2,True,bank_transfer,express,True,True,32.0,bank_transfer,bi-weekly,1.0,232,2026-04-25 09:50:22.623131
234.0,19.0,male,sweater,clothing,83.0,arizona,xl,yellow,fall,4.5,True,paypal,next_day_air,True,True,27.0,bank_transfer,every_3_months,1.0,233,2026-04-25 09:50:22.623131
235.0,20.0,male,gloves,accessories,39.0,south_dakota,s,silver,summer,3.7,True,paypal,next_day_air,True,True,24.0,credit_card,weekly,1.0,234,2026-04-25 09:50:22.623131
236.0,43.0,male,sunglasses,accessories,89.0,new_jersey,m,cyan,winter,3.7,True,cash,free_shipping,True,True,31.0,debit_card,quarterly,1.0,235,2026-04-25 09:50:22.623131
237.0,38.0,male,coat,outerwear,68.0,north_dakota,l,green,winter,3.4,True,debit_card,next_day_air,True,True,39.0,paypal,fortnightly,1.0,236,2026-04-25 09:50:22.623131
238.0,50.0,male,dress,clothing,90.0,iowa,m,beige,summer,3.0,True,venmo,store_pickup,True,True,36.0,debit_card,fortnightly,1.0,237,2026-04-25 09:50:22.623131
239.0,64.0,male,skirt,clothing,34.0,ohio,m,peach,fall,4.2,True,debit_card,free_shipping,True,True,5.0,cash,annually,1.0,238,2026-04-25 09:50:22.623131
240.0,49.0,male,pants,clothing,51.0,vermont,l,yellow,summer,2.9,True,paypal,express,True,True,47.0,credit_card,bi-weekly,1.0,239,2026-04-25 09:50:22.623131
241.0,47.0,male,sweater,clothing,45.0,montana,xl,turquoise,winter,3.5,True,credit_card,free_shipping,True,True,29.0,bank_transfer,fortnightly,1.0,240,2026-04-25 09:50:22.623131
242.0,36.0,male,hoodie,clothing,88.0,delaware,m,peach,winter,4.1,True,paypal,free_shipping,True,True,43.0,venmo,bi-weekly,1.0,241,2026-04-25 09:50:22.623131
243.0,55.0,male,coat,outerwear,85.0,new_york,l,gray,summer,4.3,True,credit_card,store_pickup,True,True,40.0,debit_card,every_3_months,1.0,242,2026-04-25 09:50:22.623131
244.0,25.0,male,jewelry,accessories,100.0,kentucky,m,olive,winter,2.8,True,credit_card,2-day_shipping,True,True,4.0,debit_card,monthly,1.0,243,2026-04-25 09:50:22.623131
245.0,53.0,male,belt,accessories,42.0,oregon,s,indigo,spring,4.9,True,debit_card,2-day_shipping,True,True,39.0,paypal,weekly,1.0,244,2026-04-25 09:50:22.623131
246.0,49.0,male,sandals,footwear,53.0,rhode_island,l,charcoal,summer,3.3,True,cash,next_day_air,True,True,45.0,venmo,fortnightly,1.0,245,2026-04-25 09:50:22.623131
247.0,35.0,male,sunglasses,accessories,86.0,nevada,xl,beige,spring,3.2,True,credit_card,express,True,True,20.0,venmo,bi-weekly,1.0,246,2026-04-25 09:50:22.623131
248.0,29.0,male,sweater,clothing,66.0,montana,xl,brown,spring,4.4,True,credit_card,standard,True,True,14.0,debit_card,weekly,1.0,247,2026-04-25 09:50:22.623131
249.0,47.0,male,belt,accessories,100.0,pennsylvania,m,blue,winter,4.8,True,venmo,express,True,True,33.0,paypal,weekly,1.0,248,2026-04-25 09:50:22.623131
250.0,53.0,male,handbag,accessories,47.0,alaska,s,teal,fall,4.2,True,cash,standard,True,True,18.0,credit_card,annually,1.0,249,2026-04-25 09:50:22.623131
251.0,33.0,male,skirt,clothing,25.0,mississippi,l,black,fall,4.0,True,debit_card,express,True,True,9.0,bank_transfer,weekly,1.0,250,2026-04-25 09:50:22.623131
252.0,21.0,male,handbag,accessories,51.0,wyoming,xl,gold,winter,2.5,True,paypal,standard,True,True,34.0,paypal,annually,1.0,251,2026-04-25 09:50:22.623131
253.0,32.0,male,shorts,clothing,41.0,delaware,m,violet,summer,3.9,True,cash,free_shipping,True,True,33.0,venmo,fortnightly,1.0,252,2026-04-25 09:50:22.623131
254.0,52.0,male,boots,footwear,73.0,oklahoma,l,cyan,winter,4.9,True,paypal,2-day_shipping,True,True,15.0,bank_transfer,bi-weekly,1.0,253,2026-04-25 09:50:22.623131
255.0,67.0,male,sunglasses,accessories,42.0,indiana,m,white,winter,3.5,True,credit_card,store_pickup,True,True,4.0,paypal,bi-weekly,1.0,254,2026-04-25 09:50:22.623131
256.0,43.0,male,scarf,accessories,20.0,maryland,m,charcoal,spring,4.2,True,debit_card,free_shipping,True,True,25.0,debit_card,annually,1.0,255,2026-04-25 09:50:22.623131
257.0,58.0,male,jewelry,accessories,30.0,south_dakota,xl,violet,spring,4.7,True,venmo,express,True,True,20.0,credit_card,every_3_months,1.0,256,2026-04-25 09:50:22.623131
258.0,20.0,male,handbag,accessories,53.0,west_virginia,m,red,summer,4.5,True,paypal,express,True,True,5.0,credit_card,quarterly,1.0,257,2026-04-25 09:50:22.623131
259.0,61.0,male,gloves,accessories,74.0,alabama,s,lavender,spring,2.8,True,venmo,express,True,True,16.0,cash,quarterly,1.0,258,2026-04-25 09:50:22.623131
260.0,32.0,male,jeans,clothing,57.0,louisiana,m,gold,fall,2.9,True,credit_card,standard,True,True,13.0,debit_card,annually,1.0,259,2026-04-25 09:50:22.623131
261.0,38.0,male,hat,accessories,57.0,montana,s,red,winter,3.2,True,bank_transfer,2-day_shipping,True,True,11.0,credit_card,every_3_months,1.0,260,2026-04-25 09:50:22.623131
262.0,21.0,male,jeans,clothing,77.0,california,l,magenta,winter,4.9,True,cash,standard,True,True,21.0,credit_card,annually,1.0,261,2026-04-25 09:50:22.623131
263.0,37.0,male,pants,clothing,40.0,hawaii,m,teal,summer,3.7,True,cash,next_day_air,True,True,6.0,debit_card,annually,1.0,262,2026-04-25 09:50:22.623131
264.0,27.0,male,shorts,clothing,46.0,iowa,m,purple,summer,4.3,True,credit_card,store_pickup,True,True,29.0,venmo,monthly,1.0,263,2026-04-25 09:50:22.623131
265.0,36.0,male,pants,clothing,78.0,colorado,s,charcoal,fall,3.9,True,venmo,store_pickup,True,True,15.0,cash,annually,1.0,264,2026-04-25 09:50:22.623131
266.0,32.0,male,backpack,accessories,59.0,michigan,m,gray,spring,3.2,True,venmo,2-day_shipping,True,True,17.0,bank_transfer,bi-weekly,1.0,265,2026-04-25 09:50:22.623131
267.0,51.0,male,jewelry,accessories,75.0,louisiana,l,white,summer,3.1,True,cash,express,True,True,32.0,credit_card,weekly,1.0,266,2026-04-25 09:50:22.623131
268.0,64.0,male,sweater,clothing,54.0,maryland,m,olive,spring,3.9,True,venmo,2-day_shipping,True,True,42.0,venmo,annually,1.0,267,2026-04-25 09:50:22.623131
269.0,68.0,male,shoes,footwear,42.0,georgia,m,charcoal,spring,2.6,True,venmo,store_pickup,True,True,21.0,cash,monthly,1.0,268,2026-04-25 09:50:22.623131
270.0,68.0,male,blouse,clothing,44.0,georgia,m,charcoal,winter,3.3,True,paypal,next_day_air,True,True,9.0,cash,bi-weekly,1.0,269,2026-04-25 09:50:22.623131
271.0,33.0,male,jeans,clothing,52.0,north_dakota,xl,orange,fall,4.6,True,debit_card,free_shipping,True,True,16.0,bank_transfer,annually,1.0,270,2026-04-25 09:50:22.623131
272.0,65.0,male,sunglasses,accessories,69.0,maryland,xl,yellow,summer,4.6,True,credit_card,express,True,True,42.0,credit_card,fortnightly,1.0,271,2026-04-25 09:50:22.623131
273.0,48.0,male,jewelry,accessories,26.0,oregon,m,beige,summer,4.4,True,paypal,2-day_shipping,True,True,37.0,debit_card,bi-weekly,1.0,272,2026-04-25 09:50:22.623131
274.0,69.0,male,coat,outerwear,33.0,north_dakota,s,silver,spring,4.2,True,cash,express,True,True,32.0,debit_card,quarterly,1.0,273,2026-04-25 09:50:22.623131
275.0,59.0,male,jewelry,accessories,32.0,maryland,m,indigo,spring,3.0,True,credit_card,express,True,True,28.0,cash,bi-weekly,1.0,274,2026-04-25 09:50:22.623131
276.0,48.0,male,backpack,accessories,85.0,virginia,xl,lavender,winter,4.0,True,debit_card,express,True,True,13.0,credit_card,weekly,1.0,275,2026-04-25 09:50:22.623131
277.0,25.0,male,skirt,clothing,30.0,south_dakota,xl,turquoise,fall,3.5,True,debit_card,express,True,True,11.0,bank_transfer,fortnightly,1.0,276,2026-04-25 09:50:22.623131
278.0,29.0,male,shirt,clothing,29.0,georgia,m,green,winter,3.0,True,credit_card,store_pickup,True,True,36.0,bank_transfer,bi-weekly,1.0,277,2026-04-25 09:50:22.623131
279.0,57.0,male,sweater,clothing,95.0,hawaii,m,orange,spring,3.7,True,bank_transfer,express,True,True,23.0,debit_card,annually,1.0,278,2026-04-25 09:50:22.623131
280.0,23.0,male,sneakers,footwear,69.0,arkansas,l,turquoise,summer,4.0,True,credit_card,standard,True,True,37.0,bank_transfer,monthly,1.0,279,2026-04-25 09:50:22.623131
281.0,45.0,male,sandals,footwear,69.0,montana,s,cyan,fall,4.2,True,debit_card,2-day_shipping,True,True,21.0,cash,bi-weekly,1.0,280,2026-04-25 09:50:22.623131
282.0,38.0,male,belt,accessories,61.0,oklahoma,xl,charcoal,spring,2.5,True,bank_transfer,standard,True,True,22.0,debit_card,bi-weekly,1.0,281,2026-04-25 09:50:22.623131
283.0,21.0,male,skirt,clothing,94.0,minnesota,m,teal,summer,3.0,True,debit_card,2-day_shipping,True,True,9.0,cash,monthly,1.0,282,2026-04-25 09:50:22.623131
284.0,32.0,male,sweater,clothing,30.0,montana,s,maroon,fall,3.2,True,debit_card,next_day_air,True,True,16.0,venmo,annually,1.0,283,2026-04-25 09:50:22.623131
285.0,63.0,male,skirt,clothing,45.0,ohio,m,red,summer,3.5,True,paypal,standard,True,True,4.0,paypal,quarterly,1.0,284,2026-04-25 09:50:22.623131
286.0,29.0,male,handbag,accessories,39.0,kentucky,xl,yellow,summer,4.8,True,credit_card,express,True,True,3.0,debit_card,bi-weekly,1.0,285,2026-04-25 09:50:22.623131
287.0,27.0,male,jewelry,accessories,51.0,nebraska,l,gray,summer,2.6,True,cash,store_pickup,True,True,6.0,debit_card,annually,1.0,286,2026-04-25 09:50:22.623131
288.0,56.0,male,scarf,accessories,37.0,delaware,l,blue,spring,3.4,True,cash,2-day_shipping,True,True,18.0,venmo,fortnightly,1.0,287,2026-04-25 09:50:22.623131
289.0,30.0,male,t-shirt,clothing,62.0,north_carolina,m,lavender,winter,3.7,True,credit_card,2-day_shipping,True,True,34.0,venmo,bi-weekly,1.0,288,2026-04-25 09:50:22.623131
290.0,49.0,male,coat,outerwear,85.0,new_york,m,yellow,fall,4.5,True,debit_card,2-day_shipping,True,True,26.0,credit_card,monthly,1.0,289,2026-04-25 09:50:22.623131
291.0,58.0,male,t-shirt,clothing,33.0,colorado,m,indigo,winter,3.7,True,bank_transfer,standard,True,True,50.0,paypal,weekly,1.0,290,2026-04-25 09:50:22.623131
292.0,57.0,male,dress,clothing,26.0,delaware,xl,violet,fall,3.3,True,credit_card,next_day_air,True,True,40.0,bank_transfer,monthly,1.0,291,2026-04-25 09:50:22.623131
293.0,60.0,male,shoes,footwear,99.0,utah,m,green,spring,4.7,True,credit_card,free_shipping,True,True,24.0,cash,quarterly,1.0,292,2026-04-25 09:50:22.623131
294.0,69.0,male,handbag,accessories,39.0,connecticut,m,white,spring,2.7,True,paypal,express,True,True,33.0,paypal,annually,1.0,293,2026-04-25 09:50:22.623131
295.0,70.0,male,skirt,clothing,20.0,new_jersey,m,gold,spring,4.6,True,cash,store_pickup,True,True,19.0,credit_card,every_3_months,1.0,294,2026-04-25 09:50:22.623131
296.0,53.0,male,sunglasses,accessories,42.0,west_virginia,m,indigo,winter,2.7,True,venmo,store_pickup,True,True,24.0,credit_card,quarterly,1.0,295,2026-04-25 09:50:22.623131
297.0,25.0,male,sandals,footwear,74.0,indiana,s,lavender,spring,4.8,True,paypal,2-day_shipping,True,True,19.0,credit_card,weekly,1.0,296,2026-04-25 09:50:22.623131
298.0,48.0,male,shoes,footwear,26.0,delaware,xl,purple,summer,4.4,True,bank_transfer,standard,True,True,4.0,credit_card,bi-weekly,1.0,297,2026-04-25 09:50:22.623131
299.0,69.0,male,t-shirt,clothing,53.0,maryland,m,lavender,winter,4.0,True,cash,standard,True,True,11.0,venmo,every_3_months,1.0,298,2026-04-25 09:50:22.623131
300.0,25.0,male,sneakers,footwear,80.0,pennsylvania,m,maroon,summer,3.2,True,credit_card,next_day_air,True,True,28.0,paypal,fortnightly,1.0,299,2026-04-25 09:50:22.623131
301.0,29.0,male,hat,accessories,98.0,iowa,m,teal,spring,4.4,True,cash,store_pickup,True,True,24.0,paypal,weekly,1.0,300,2026-04-25 09:50:22.623131
302.0,46.0,male,skirt,clothing,95.0,pennsylvania,m,green,spring,3.8,True,debit_card,standard,True,True,25.0,credit_card,every_3_months,1.0,301,2026-04-25 09:50:22.623131
303.0,37.0,male,sweater,clothing,44.0,delaware,l,olive,summer,3.6,True,venmo,express,True,True,27.0,bank_transfer,every_3_months,1.0,302,2026-04-25 09:50:22.623131
304.0,20.0,male,sandals,footwear,60.0,oregon,m,turquoise,summer,3.3,True,cash,next_day_air,True,True,49.0,venmo,weekly,1.0,303,2026-04-25 09:50:22.623131
305.0,40.0,male,dress,clothing,84.0,oregon,m,green,winter,3.4,True,venmo,next_day_air,True,True,45.0,credit_card,bi-weekly,1.0,304,2026-04-25 09:50:22.623131
306.0,60.0,male,sweater,clothing,59.0,utah,m,teal,fall,3.5,True,debit_card,2-day_shipping,True,True,26.0,paypal,annually,1.0,305,2026-04-25 09:50:22.623131
307.0,26.0,male,jacket,outerwear,49.0,north_dakota,s,white,summer,3.6,True,debit_card,express,True,True,4.0,cash,annually,1.0,306,2026-04-25 09:50:22.623131
308.0,29.0,male,gloves,accessories,32.0,florida,m,orange,winter,3.2,True,cash,free_shipping,True,True,3.0,credit_card,every_3_months,1.0,307,2026-04-25 09:50:22.623131
309.0,66.0,male,handbag,accessories,29.0,maryland,m,beige,fall,3.7,True,bank_transfer,standard,True,True,45.0,venmo,bi-weekly,1.0,308,2026-04-25 09:50:22.623131
310.0,66.0,male,dress,clothing,22.0,minnesota,m,yellow,spring,4.5,True,bank_transfer,standard,True,True,21.0,cash,fortnightly,1.0,309,2026-04-25 09:50:22.623131
311.0,56.0,male,pants,clothing,85.0,montana,m,charcoal,winter,4.6,True,debit_card,standard,True,True,50.0,cash,fortnightly,1.0,310,2026-04-25 09:50:22.623131
312.0,69.0,male,jeans,clothing,52.0,rhode_island,l,silver,winter,4.1,True,debit_card,store_pickup,True,True,19.0,bank_transfer,monthly,1.0,311,2026-04-25 09:50:22.623131
313.0,38.0,male,pants,clothing,89.0,massachusetts,l,green,spring,3.4,True,bank_transfer,next_day_air,True,True,6.0,paypal,annually,1.0,312,2026-04-25 09:50:22.623131
314.0,42.0,male,dress,clothing,77.0,vermont,m,pink,spring,3.7,True,paypal,express,True,True,50.0,credit_card,every_3_months,1.0,313,2026-04-25 09:50:22.623131
315.0,30.0,male,pants,clothing,24.0,new_jersey,m,purple,summer,3.3,True,paypal,store_pickup,True,True,17.0,debit_card,every_3_months,1.0,314,2026-04-25 09:50:22.623131
316.0,66.0,male,jewelry,accessories,24.0,wisconsin,xl,orange,spring,4.5,True,venmo,express,True,True,24.0,debit_card,annually,1.0,315,2026-04-25 09:50:22.623131
317.0,36.0,male,handbag,accessories,22.0,california,m,charcoal,fall,3.3,True,bank_transfer,free_shipping,True,True,46.0,venmo,monthly,1.0,316,2026-04-25 09:50:22.623131
318.0,58.0,male,sweater,clothing,82.0,west_virginia,l,teal,fall,4.3,True,bank_transfer,standard,True,True,42.0,cash,every_3_months,1.0,317,2026-04-25 09:50:22.623131
319.0,45.0,male,backpack,accessories,67.0,south_dakota,m,beige,winter,2.5,True,paypal,standard,True,True,10.0,cash,annually,1.0,318,2026-04-25 09:50:22.623131
320.0,47.0,male,shorts,clothing,74.0,maine,xl,white,spring,2.6,True,venmo,standard,True,True,1.0,cash,every_3_months,1.0,319,2026-04-25 09:50:22.623131
321.0,66.0,male,jewelry,accessories,72.0,kansas,l,white,summer,4.9,True,paypal,standard,True,True,28.0,debit_card,quarterly,1.0,320,2026-04-25 09:50:22.623131
322.0,41.0,male,sneakers,footwear,36.0,vermont,l,orange,summer,4.7,True,credit_card,free_shipping,True,True,48.0,debit_card,quarterly,1.0,321,2026-04-25 09:50:22.623131
323.0,41.0,male,belt,accessories,95.0,tennessee,s,cyan,winter,3.0,True,credit_card,standard,True,True,47.0,credit_card,monthly,1.0,322,2026-04-25 09:50:22.623131
324.0,66.0,male,hoodie,clothing,78.0,tennessee,m,orange,winter,3.5,True,venmo,next_day_air,True,True,29.0,paypal,bi-weekly,1.0,323,2026-04-25 09:50:22.623131
325.0,37.0,male,shirt,clothing,82.0,wyoming,m,olive,summer,4.8,True,credit_card,standard,True,True,37.0,venmo,quarterly,1.0,324,2026-04-25 09:50:22.623131
326.0,70.0,male,pants,clothing,70.0,vermont,m,charcoal,winter,4.3,True,debit_card,free_shipping,True,True,38.0,debit_card,annually,1.0,325,2026-04-25 09:50:22.623131
327.0,62.0,male,scarf,accessories,41.0,new_jersey,m,white,fall,3.2,True,cash,store_pickup,True,True,48.0,bank_transfer,weekly,1.0,326,2026-04-25 09:50:22.623131
328.0,61.0,male,coat,outerwear,42.0,iowa,m,teal,summer,3.1,True,paypal,free_shipping,True,True,36.0,paypal,weekly,1.0,327,2026-04-25 09:50:22.623131
329.0,48.0,male,coat,outerwear,50.0,florida,m,yellow,fall,2.8,True,debit_card,free_shipping,True,True,9.0,credit_card,weekly,1.0,328,2026-04-25 09:50:22.623131
330.0,70.0,male,socks,clothing,31.0,nevada,s,white,summer,2.9,True,debit_card,2-day_shipping,True,True,34.0,bank_transfer,monthly,1.0,329,2026-04-25 09:50:22.623131
331.0,46.0,male,sweater,clothing,51.0,north_dakota,m,beige,winter,3.7,True,bank_transfer,express,True,True,43.0,venmo,bi-weekly,1.0,330,2026-04-25 09:50:22.623131
332.0,31.0,male,shirt,clothing,98.0,florida,l,beige,fall,3.3,True,credit_card,store_pickup,True,True,46.0,paypal,quarterly,1.0,331,2026-04-25 09:50:22.623131
333.0,19.0,male,shirt,clothing,86.0,new_york,m,maroon,winter,2.8,True,cash,2-day_shipping,True,True,5.0,credit_card,monthly,1.0,332,2026-04-25 09:50:22.623131
334.0,39.0,male,sweater,clothing,64.0,alaska,m,teal,winter,4.5,True,cash,standard,True,True,15.0,bank_transfer,bi-weekly,1.0,333,2026-04-25 09:50:22.623131
335.0,41.0,male,blouse,clothing,46.0,kansas,m,lavender,fall,2.6,True,paypal,next_day_air,True,True,30.0,credit_card,annually,1.0,334,2026-04-25 09:50:22.623131
336.0,20.0,male,sweater,clothing,85.0,oregon,l,maroon,spring,3.7,True,cash,standard,True,True,44.0,venmo,every_3_months,1.0,335,2026-04-25 09:50:22.623131
337.0,36.0,male,hat,accessories,81.0,rhode_island,s,orange,fall,4.4,True,debit_card,express,True,True,16.0,paypal,annually,1.0,336,2026-04-25 09:50:22.623131
338.0,32.0,male,sweater,clothing,59.0,new_mexico,m,cyan,winter,4.3,True,cash,2-day_shipping,True,True,16.0,bank_transfer,annually,1.0,337,2026-04-25 09:50:22.623131
339.0,69.0,male,hoodie,clothing,79.0,massachusetts,m,silver,winter,3.5,True,venmo,express,True,True,16.0,cash,weekly,1.0,338,2026-04-25 09:50:22.623131
340.0,40.0,male,shorts,clothing,33.0,pennsylvania,m,teal,spring,3.8,True,credit_card,2-day_shipping,True,True,21.0,credit_card,every_3_months,1.0,339,2026-04-25 09:50:22.623131
341.0,40.0,male,shorts,clothing,47.0,new_jersey,l,blue,summer,3.5,True,cash,express,True,True,39.0,venmo,every_3_months,1.0,340,2026-04-25 09:50:22.623131
342.0,20.0,male,hat,accessories,20.0,utah,s,blue,summer,4.6,True,credit_card,store_pickup,True,True,40.0,debit_card,bi-weekly,1.0,341,2026-04-25 09:50:22.623131
343.0,64.0,male,coat,outerwear,36.0,kentucky,m,olive,spring,2.6,True,bank_transfer,next_day_air,True,True,48.0,credit_card,every_3_months,1.0,342,2026-04-25 09:50:22.623131
344.0,27.0,male,sandals,footwear,39.0,nebraska,m,purple,summer,4.4,True,cash,next_day_air,True,True,26.0,venmo,monthly,1.0,343,2026-04-25 09:50:22.623131
345.0,24.0,male,skirt,clothing,71.0,virginia,m,charcoal,winter,4.0,True,paypal,standard,True,True,46.0,debit_card,monthly,1.0,344,2026-04-25 09:50:22.623131
346.0,48.0,male,shoes,footwear,59.0,wyoming,s,olive,winter,4.4,True,cash,next_day_air,True,True,27.0,bank_transfer,annually,1.0,345,2026-04-25 09:50:22.623131
347.0,49.0,male,jeans,clothing,50.0,new_mexico,l,violet,spring,4.7,True,credit_card,next_day_air,True,True,5.0,cash,weekly,1.0,346,2026-04-25 09:50:22.623131
348.0,36.0,male,sandals,footwear,41.0,oregon,l,red,fall,3.9,True,credit_card,store_pickup,True,True,43.0,paypal,fortnightly,1.0,347,2026-04-25 09:50:22.623131
349.0,56.0,male,blouse,clothing,59.0,south_carolina,m,beige,fall,2.7,True,bank_transfer,free_shipping,True,True,17.0,paypal,fortnightly,1.0,348,2026-04-25 09:50:22.623131
350.0,37.0,male,hat,accessories,87.0,arizona,m,green,winter,3.7,True,cash,2-day_shipping,True,True,3.0,bank_transfer,bi-weekly,1.0,349,2026-04-25 09:50:22.623131
351.0,42.0,male,sweater,clothing,68.0,kentucky,m,violet,spring,2.6,True,venmo,2-day_shipping,True,True,47.0,bank_transfer,fortnightly,1.0,350,2026-04-25 09:50:22.623131
352.0,28.0,male,skirt,clothing,90.0,new_york,m,teal,winter,3.9,True,cash,standard,True,True,24.0,debit_card,bi-weekly,1.0,351,2026-04-25 09:50:22.623131
353.0,27.0,male,jeans,clothing,71.0,texas,xl,yellow,fall,4.9,True,venmo,next_day_air,True,True,12.0,cash,every_3_months,1.0,352,2026-04-25 09:50:22.623131
354.0,63.0,male,sneakers,footwear,64.0,missouri,l,yellow,fall,4.1,True,credit_card,store_pickup,True,True,35.0,debit_card,monthly,1.0,353,2026-04-25 09:50:22.623131
355.0,58.0,male,jewelry,accessories,76.0,pennsylvania,s,olive,fall,3.0,True,paypal,free_shipping,True,True,42.0,venmo,weekly,1.0,354,2026-04-25 09:50:22.623131
356.0,37.0,male,jewelry,accessories,42.0,oregon,xl,magenta,fall,4.1,True,credit_card,2-day_shipping,True,True,1.0,paypal,every_3_months,1.0,355,2026-04-25 09:50:22.623131
357.0,56.0,male,pants,clothing,80.0,nevada,l,black,spring,3.8,True,debit_card,standard,True,True,27.0,cash,weekly,1.0,356,2026-04-25 09:50:22.623131
358.0,18.0,male,belt,accessories,56.0,arkansas,m,olive,spring,4.0,True,bank_transfer,standard,True,True,16.0,credit_card,bi-weekly,1.0,357,2026-04-25 09:50:22.623131
359.0,48.0,male,hat,accessories,25.0,minnesota,xl,magenta,summer,3.6,True,debit_card,express,True,True,36.0,credit_card,every_3_months,1.0,358,2026-04-25 09:50:22.623131
360.0,31.0,male,sneakers,footwear,74.0,georgia,m,olive,winter,3.0,True,debit_card,store_pickup,True,True,30.0,credit_card,every_3_months,1.0,359,2026-04-25 09:50:22.623131
361.0,51.0,male,pants,clothing,30.0,rhode_island,m,teal,summer,3.0,True,bank_transfer,standard,True,True,18.0,debit_card,fortnightly,1.0,360,2026-04-25 09:50:22.623131
362.0,65.0,male,t-shirt,clothing,96.0,nevada,m,white,spring,2.6,True,bank_transfer,free_shipping,True,True,45.0,cash,annually,1.0,361,2026-04-25 09:50:22.623131
363.0,53.0,male,sneakers,footwear,64.0,texas,m,charcoal,fall,3.4,True,cash,free_shipping,True,True,1.0,venmo,fortnightly,1.0,362,2026-04-25 09:50:22.623131
364.0,55.0,male,shorts,clothing,88.0,florida,l,yellow,winter,3.1,True,cash,free_shipping,True,True,42.0,bank_transfer,fortnightly,1.0,363,2026-04-25 09:50:22.623131
365.0,62.0,male,shoes,footwear,88.0,north_dakota,l,charcoal,summer,3.0,True,debit_card,free_shipping,True,True,7.0,venmo,every_3_months,1.0,364,2026-04-25 09:50:22.623131
366.0,55.0,male,gloves,accessories,88.0,west_virginia,xl,gray,summer,3.7,True,paypal,standard,True,True,50.0,paypal,quarterly,1.0,365,2026-04-25 09:50:22.623131
367.0,64.0,male,socks,clothing,36.0,nebraska,m,turquoise,spring,3.5,True,bank_transfer,store_pickup,True,True,37.0,venmo,fortnightly,1.0,366,2026-04-25 09:50:22.623131
368.0,52.0,male,dress,clothing,40.0,tennessee,xl,cyan,spring,2.8,True,credit_card,store_pickup,True,True,18.0,bank_transfer,monthly,1.0,367,2026-04-25 09:50:22.623131
369.0,24.0,male,handbag,accessories,39.0,oklahoma,m,charcoal,spring,4.5,True,venmo,standard,True,True,29.0,cash,monthly,1.0,368,2026-04-25 09:50:22.623131
370.0,38.0,male,belt,accessories,40.0,wisconsin,m,silver,summer,3.3,True,cash,store_pickup,True,True,45.0,paypal,quarterly,1.0,369,2026-04-25 09:50:22.623131
371.0,59.0,male,scarf,accessories,34.0,oregon,m,olive,winter,3.4,True,credit_card,express,True,True,13.0,paypal,weekly,1.0,370,2026-04-25 09:50:22.623131
372.0,27.0,male,sneakers,footwear,83.0,north_carolina,s,pink,winter,3.2,True,bank_transfer,2-day_shipping,True,True,47.0,paypal,monthly,1.0,371,2026-04-25 09:50:22.623131
373.0,24.0,male,sweater,clothing,85.0,pennsylvania,l,orange,summer,3.7,True,credit_card,standard,True,True,7.0,debit_card,weekly,1.0,372,2026-04-25 09:50:22.623131
374.0,23.0,male,coat,outerwear,27.0,north_dakota,l,white,summer,4.6,True,bank_transfer,express,True,True,11.0,venmo,bi-weekly,1.0,373,2026-04-25 09:50:22.623131
375.0,69.0,male,jewelry,accessories,78.0,ohio,s,purple,spring,5.0,True,bank_transfer,store_pickup,True,True,39.0,bank_transfer,monthly,1.0,374,2026-04-25 09:50:22.623131
376.0,59.0,male,sunglasses,accessories,32.0,oklahoma,m,olive,summer,4.4,True,debit_card,standard,True,True,6.0,debit_card,quarterly,1.0,375,2026-04-25 09:50:22.623131
377.0,51.0,male,shoes,footwear,51.0,south_carolina,s,gray,fall,4.9,True,paypal,express,True,True,2.0,venmo,bi-weekly,1.0,376,2026-04-25 09:50:22.623131
378.0,63.0,male,scarf,accessories,32.0,maine,m,silver,spring,4.1,True,debit_card,standard,True,True,39.0,credit_card,every_3_months,1.0,377,2026-04-25 09:50:22.623131
379.0,54.0,male,dress,clothing,62.0,nevada,l,orange,winter,4.9,True,cash,next_day_air,True,True,23.0,credit_card,monthly,1.0,378,2026-04-25 09:50:22.623131
380.0,32.0,male,t-shirt,clothing,29.0,montana,s,magenta,fall,4.7,True,debit_card,2-day_shipping,True,True,46.0,debit_card,bi-weekly,1.0,379,2026-04-25 09:50:22.623131
381.0,39.0,male,backpack,accessories,69.0,new_hampshire,xl,beige,fall,3.0,True,paypal,store_pickup,True,True,19.0,bank_transfer,weekly,1.0,380,2026-04-25 09:50:22.623131
382.0,66.0,male,jewelry,accessories,25.0,maine,l,lavender,winter,3.4,True,debit_card,store_pickup,True,True,3.0,credit_card,every_3_months,1.0,381,2026-04-25 09:50:22.623131
383.0,28.0,male,jeans,clothing,76.0,california,m,peach,winter,3.2,True,paypal,store_pickup,True,True,47.0,paypal,quarterly,1.0,382,2026-04-25 09:50:22.623131
384.0,50.0,male,sunglasses,accessories,77.0,west_virginia,s,magenta,fall,2.9,True,credit_card,standard,True,True,6.0,paypal,quarterly,1.0,383,2026-04-25 09:50:22.623131
385.0,70.0,male,sweater,clothing,33.0,california,m,beige,fall,4.5,True,credit_card,2-day_shipping,True,True,6.0,venmo,annually,1.0,384,2026-04-25 09:50:22.623131
386.0,67.0,male,shorts,clothing,93.0,west_virginia,s,yellow,fall,2.7,True,credit_card,next_day_air,True,True,12.0,credit_card,bi-weekly,1.0,385,2026-04-25 09:50:22.623131
387.0,64.0,male,jewelry,accessories,39.0,louisiana,l,brown,spring,3.4,True,cash,express,True,True,40.0,paypal,quarterly,1.0,386,2026-04-25 09:50:22.623131
388.0,45.0,male,coat,outerwear,93.0,georgia,l,silver,summer,4.6,True,cash,store_pickup,True,True,38.0,paypal,fortnightly,1.0,387,2026-04-25 09:50:22.623131
389.0,22.0,male,handbag,accessories,82.0,washington,m,orange,summer,2.7,True,credit_card,store_pickup,True,True,10.0,paypal,quarterly,1.0,388,2026-04-25 09:50:22.623131
390.0,27.0,male,boots,footwear,42.0,virginia,l,purple,spring,4.2,True,venmo,standard,True,True,28.0,bank_transfer,monthly,1.0,389,2026-04-25 09:50:22.623131
391.0,25.0,male,gloves,accessories,71.0,indiana,m,indigo,winter,3.2,True,debit_card,2-day_shipping,True,True,19.0,paypal,annually,1.0,390,2026-04-25 09:50:22.623131
392.0,37.0,male,sweater,clothing,86.0,minnesota,l,gray,spring,4.8,True,cash,standard,True,True,25.0,cash,fortnightly,1.0,391,2026-04-25 09:50:22.623131
393.0,26.0,male,t-shirt,clothing,82.0,idaho,xl,black,spring,3.3,True,paypal,next_day_air,True,True,38.0,credit_card,annually,1.0,392,2026-04-25 09:50:22.623131
394.0,33.0,male,shoes,footwear,65.0,vermont,l,maroon,fall,4.2,True,credit_card,standard,True,True,6.0,paypal,fortnightly,1.0,393,2026-04-25 09:50:22.623131
395.0,43.0,male,scarf,accessories,29.0,north_dakota,m,beige,spring,4.8,True,paypal,store_pickup,True,True,7.0,debit_card,bi-weekly,1.0,394,2026-04-25 09:50:22.623131
396.0,37.0,male,sneakers,footwear,65.0,rhode_island,l,brown,winter,4.9,True,cash,store_pickup,True,True,2.0,paypal,annually,1.0,395,2026-04-25 09:50:22.623131
397.0,46.0,male,dress,clothing,88.0,south_carolina,s,black,fall,3.9,True,bank_transfer,standard,True,True,24.0,bank_transfer,annually,1.0,396,2026-04-25 09:50:22.623131
398.0,22.0,male,belt,accessories,46.0,mississippi,m,indigo,fall,3.0,True,venmo,free_shipping,True,True,26.0,cash,annually,1.0,397,2026-04-25 09:50:22.623131
399.0,20.0,male,boots,footwear,67.0,montana,s,silver,winter,4.6,True,paypal,free_shipping,True,True,25.0,debit_card,every_3_months,1.0,398,2026-04-25 09:50:22.623131
400.0,60.0,male,scarf,accessories,35.0,idaho,l,blue,fall,3.5,True,credit_card,2-day_shipping,True,True,10.0,debit_card,monthly,1.0,399,2026-04-25 09:50:22.623131
401.0,39.0,male,boots,footwear,66.0,utah,m,green,winter,4.8,True,venmo,free_shipping,True,True,14.0,paypal,fortnightly,1.0,400,2026-04-25 09:50:22.623131
402.0,43.0,male,t-shirt,clothing,91.0,oklahoma,l,orange,fall,4.8,True,bank_transfer,standard,True,True,21.0,cash,quarterly,1.0,401,2026-04-25 09:50:22.623131
403.0,31.0,male,backpack,accessories,78.0,california,l,cyan,fall,3.0,True,paypal,express,True,True,26.0,paypal,monthly,1.0,402,2026-04-25 09:50:22.623131
404.0,19.0,male,sneakers,footwear,45.0,nevada,m,orange,winter,4.5,True,credit_card,next_day_air,True,True,12.0,bank_transfer,annually,1.0,403,2026-04-25 09:50:22.623131
405.0,35.0,male,t-shirt,clothing,93.0,delaware,m,indigo,spring,4.8,True,credit_card,store_pickup,True,True,11.0,credit_card,monthly,1.0,404,2026-04-25 09:50:22.623131
406.0,41.0,male,jeans,clothing,74.0,south_carolina,s,silver,summer,3.8,True,debit_card,standard,True,True,15.0,cash,annually,1.0,405,2026-04-25 09:50:22.623131
407.0,52.0,male,gloves,accessories,55.0,maryland,m,peach,spring,4.6,True,debit_card,express,True,True,13.0,cash,monthly,1.0,406,2026-04-25 09:50:22.623131
408.0,45.0,male,hoodie,clothing,76.0,north_carolina,xl,teal,spring,3.1,True,debit_card,next_day_air,True,True,5.0,credit_card,bi-weekly,1.0,407,2026-04-25 09:50:22.623131
409.0,34.0,male,sneakers,footwear,66.0,alabama,l,white,spring,3.4,True,credit_card,express,True,True,36.0,cash,fortnightly,1.0,408,2026-04-25 09:50:22.623131
410.0,35.0,male,shorts,clothing,51.0,minnesota,m,brown,winter,3.3,True,debit_card,2-day_shipping,True,True,32.0,bank_transfer,monthly,1.0,409,2026-04-25 09:50:22.623131
411.0,29.0,male,sweater,clothing,26.0,virginia,l,lavender,spring,4.8,True,debit_card,2-day_shipping,True,True,1.0,credit_card,quarterly,1.0,410,2026-04-25 09:50:22.623131
412.0,59.0,male,jeans,clothing,29.0,michigan,m,indigo,summer,2.8,True,cash,express,True,True,15.0,paypal,annually,1.0,411,2026-04-25 09:50:22.623131
413.0,24.0,male,jacket,outerwear,74.0,maine,m,yellow,summer,3.1,True,venmo,store_pickup,True,True,3.0,bank_transfer,weekly,1.0,412,2026-04-25 09:50:22.623131
414.0,70.0,male,jewelry,accessories,99.0,nevada,s,white,summer,4.6,True,debit_card,free_shipping,True,True,48.0,cash,monthly,1.0,413,2026-04-25 09:50:22.623131
415.0,29.0,male,backpack,accessories,88.0,wyoming,l,violet,winter,2.6,True,bank_transfer,store_pickup,True,True,30.0,debit_card,weekly,1.0,414,2026-04-25 09:50:22.623131
416.0,67.0,male,coat,outerwear,31.0,connecticut,m,lavender,winter,2.6,True,venmo,express,True,True,40.0,bank_transfer,monthly,1.0,415,2026-04-25 09:50:22.623131
417.0,36.0,male,belt,accessories,55.0,oregon,l,olive,spring,3.8,True,bank_transfer,free_shipping,True,True,24.0,bank_transfer,fortnightly,1.0,416,2026-04-25 09:50:22.623131
418.0,23.0,male,sandals,footwear,81.0,mississippi,l,beige,fall,4.5,True,paypal,free_shipping,True,True,48.0,debit_card,quarterly,1.0,417,2026-04-25 09:50:22.623131
419.0,18.0,male,sweater,clothing,73.0,illinois,l,purple,spring,3.0,True,cash,standard,True,True,27.0,venmo,bi-weekly,1.0,418,2026-04-25 09:50:22.623131
420.0,53.0,male,shorts,clothing,91.0,utah,s,teal,winter,3.5,True,credit_card,free_shipping,True,True,14.0,credit_card,every_3_months,1.0,419,2026-04-25 09:50:22.623131
421.0,32.0,male,socks,clothing,54.0,north_carolina,s,peach,spring,3.8,True,credit_card,free_shipping,True,True,18.0,debit_card,bi-weekly,1.0,420,2026-04-25 09:50:22.623131
422.0,38.0,male,shirt,clothing,40.0,kentucky,m,violet,winter,3.5,True,cash,standard,True,True,48.0,cash,bi-weekly,1.0,421,2026-04-25 09:50:22.623131
423.0,47.0,male,pants,clothing,59.0,minnesota,m,purple,fall,3.1,True,bank_transfer,store_pickup,True,True,32.0,debit_card,annually,1.0,422,2026-04-25 09:50:22.623131
424.0,46.0,male,scarf,accessories,26.0,new_york,l,teal,spring,3.0,True,bank_transfer,store_pickup,True,True,21.0,credit_card,bi-weekly,1.0,423,2026-04-25 09:50:22.623131
425.0,66.0,male,sweater,clothing,23.0,illinois,m,gold,winter,4.3,True,credit_card,standard,True,True,42.0,paypal,fortnightly,1.0,424,2026-04-25 09:50:22.623131
426.0,40.0,male,jeans,clothing,87.0,north_dakota,s,teal,winter,3.3,True,debit_card,store_pickup,True,True,4.0,credit_card,quarterly,1.0,425,2026-04-25 09:50:22.623131
427.0,43.0,male,pants,clothing,71.0,louisiana,m,violet,winter,4.7,True,cash,express,True,True,19.0,credit_card,quarterly,1.0,426,2026-04-25 09:50:22.623131
428.0,58.0,male,backpack,accessories,91.0,illinois,l,black,winter,4.5,True,cash,store_pickup,True,True,6.0,credit_card,quarterly,1.0,427,2026-04-25 09:50:22.623131
429.0,21.0,male,coat,outerwear,64.0,wyoming,xl,gold,winter,2.9,True,venmo,free_shipping,True,True,2.0,debit_card,fortnightly,1.0,428,2026-04-25 09:50:22.623131
430.0,42.0,male,sandals,footwear,94.0,washington,m,gold,winter,4.1,True,venmo,2-day_shipping,True,True,21.0,cash,fortnightly,1.0,429,2026-04-25 09:50:22.623131
431.0,24.0,male,shirt,clothing,40.0,texas,m,brown,summer,3.5,True,debit_card,store_pickup,True,True,40.0,debit_card,annually,1.0,430,2026-04-25 09:50:22.623131
432.0,43.0,male,hat,accessories,76.0,new_hampshire,l,cyan,winter,3.4,True,credit_card,store_pickup,True,True,33.0,cash,fortnightly,1.0,431,2026-04-25 09:50:22.623131
433.0,47.0,male,shirt,clothing,86.0,indiana,s,indigo,fall,3.3,True,debit_card,free_shipping,True,True,26.0,venmo,weekly,1.0,432,2026-04-25 09:50:22.623131
434.0,49.0,male,skirt,clothing,92.0,alabama,m,orange,fall,3.2,True,bank_transfer,store_pickup,True,True,23.0,credit_card,fortnightly,1.0,433,2026-04-25 09:50:22.623131
435.0,50.0,male,shoes,footwear,52.0,oklahoma,l,pink,spring,4.0,True,bank_transfer,store_pickup,True,True,39.0,paypal,every_3_months,1.0,434,2026-04-25 09:50:22.623131
436.0,51.0,male,coat,outerwear,28.0,montana,xl,olive,winter,3.6,True,paypal,next_day_air,True,True,42.0,bank_transfer,monthly,1.0,435,2026-04-25 09:50:22.623131
437.0,40.0,male,pants,clothing,46.0,tennessee,l,cyan,summer,4.6,True,cash,free_shipping,True,True,41.0,bank_transfer,weekly,1.0,436,2026-04-25 09:50:22.623131
438.0,45.0,male,jewelry,accessories,50.0,new_mexico,m,peach,summer,2.6,True,credit_card,next_day_air,True,True,41.0,paypal,annually,1.0,437,2026-04-25 09:50:22.623131
439.0,52.0,male,belt,accessories,23.0,iowa,m,turquoise,winter,4.3,True,cash,express,True,True,12.0,credit_card,fortnightly,1.0,438,2026-04-25 09:50:22.623131
440.0,62.0,male,jacket,outerwear,50.0,idaho,m,turquoise,summer,3.4,True,paypal,free_shipping,True,True,31.0,cash,monthly,1.0,439,2026-04-25 09:50:22.623131
441.0,20.0,male,shirt,clothing,89.0,oklahoma,xl,maroon,winter,3.5,True,debit_card,store_pickup,True,True,34.0,debit_card,fortnightly,1.0,440,2026-04-25 09:50:22.623131
442.0,43.0,male,hoodie,clothing,81.0,florida,m,maroon,winter,4.2,True,bank_transfer,standard,True,True,32.0,credit_card,annually,1.0,441,2026-04-25 09:50:22.623131
443.0,29.0,male,sunglasses,accessories,69.0,michigan,m,olive,fall,3.5,True,bank_transfer,store_pickup,True,True,31.0,credit_card,quarterly,1.0,442,2026-04-25 09:50:22.623131
444.0,22.0,male,sunglasses,accessories,67.0,hawaii,m,magenta,summer,3.6,True,paypal,free_shipping,True,True,24.0,paypal,annually,1.0,443,2026-04-25 09:50:22.623131
445.0,48.0,male,dress,clothing,20.0,california,m,red,summer,4.3,True,debit_card,store_pickup,True,True,31.0,debit_card,annually,1.0,444,2026-04-25 09:50:22.623131
446.0,42.0,male,boots,footwear,29.0,iowa,m,olive,fall,4.9,True,bank_transfer,standard,True,True,18.0,venmo,annually,1.0,445,2026-04-25 09:50:22.623131
447.0,19.0,male,shirt,clothing,74.0,west_virginia,m,silver,summer,4.1,True,bank_transfer,store_pickup,True,True,15.0,venmo,monthly,1.0,446,2026-04-25 09:50:22.623131
448.0,60.0,male,shorts,clothing,82.0,washington,s,turquoise,spring,3.6,True,venmo,standard,True,True,7.0,bank_transfer,every_3_months,1.0,447,2026-04-25 09:50:22.623131
449.0,32.0,male,gloves,accessories,23.0,missouri,m,yellow,summer,3.4,True,credit_card,next_day_air,True,True,35.0,bank_transfer,fortnightly,1.0,448,2026-04-25 09:50:22.623131
450.0,26.0,male,jewelry,accessories,45.0,new_york,l,peach,summer,2.9,True,paypal,2-day_shipping,True,True,35.0,bank_transfer,monthly,1.0,449,2026-04-25 09:50:22.623131
451.0,25.0,male,boots,footwear,21.0,connecticut,l,beige,summer,2.7,True,venmo,store_pickup,True,True,19.0,credit_card,monthly,1.0,450,2026-04-25 09:50:22.623131
452.0,66.0,male,jewelry,accessories,31.0,virginia,m,pink,summer,4.3,True,cash,express,True,True,26.0,credit_card,fortnightly,1.0,451,2026-04-25 09:50:22.623131
453.0,45.0,male,pants,clothing,45.0,missouri,m,violet,summer,3.3,True,debit_card,express,True,True,39.0,paypal,fortnightly,1.0,452,2026-04-25 09:50:22.623131
454.0,54.0,male,jewelry,accessories,56.0,nebraska,xl,peach,winter,2.8,True,cash,next_day_air,True,True,22.0,credit_card,weekly,1.0,453,2026-04-25 09:50:22.623131
455.0,37.0,male,jacket,outerwear,97.0,new_jersey,s,gold,summer,3.2,True,debit_card,next_day_air,True,True,14.0,cash,bi-weekly,1.0,454,2026-04-25 09:50:22.623131
456.0,54.0,male,blouse,clothing,100.0,utah,xl,gold,fall,3.6,True,credit_card,store_pickup,True,True,50.0,debit_card,fortnightly,1.0,455,2026-04-25 09:50:22.623131
457.0,50.0,male,blouse,clothing,96.0,north_carolina,s,indigo,fall,4.0,True,bank_transfer,2-day_shipping,True,True,33.0,credit_card,quarterly,1.0,456,2026-04-25 09:50:22.623131
458.0,25.0,male,gloves,accessories,99.0,rhode_island,m,blue,spring,4.9,True,credit_card,next_day_air,True,True,48.0,debit_card,every_3_months,1.0,457,2026-04-25 09:50:22.623131
459.0,47.0,male,shorts,clothing,91.0,arkansas,l,black,winter,4.0,True,debit_card,2-day_shipping,True,True,48.0,paypal,monthly,1.0,458,2026-04-25 09:50:22.623131
460.0,63.0,male,hat,accessories,30.0,maryland,l,black,winter,3.8,True,debit_card,standard,True,True,27.0,paypal,fortnightly,1.0,459,2026-04-25 09:50:22.623131
461.0,64.0,male,shoes,footwear,65.0,south_carolina,l,teal,summer,3.7,True,venmo,store_pickup,True,True,27.0,bank_transfer,weekly,1.0,460,2026-04-25 09:50:22.623131
462.0,18.0,male,boots,footwear,93.0,ohio,m,yellow,winter,3.9,True,cash,express,True,True,20.0,venmo,weekly,1.0,461,2026-04-25 09:50:22.623131
463.0,59.0,male,jacket,outerwear,81.0,illinois,m,white,fall,3.3,True,debit_card,express,True,True,48.0,venmo,every_3_months,1.0,462,2026-04-25 09:50:22.623131
464.0,37.0,male,jewelry,accessories,81.0,georgia,s,orange,summer,2.7,True,venmo,standard,True,True,29.0,venmo,weekly,1.0,463,2026-04-25 09:50:22.623131
465.0,23.0,male,sunglasses,accessories,52.0,alabama,m,silver,winter,4.7,True,paypal,next_day_air,True,True,45.0,paypal,monthly,1.0,464,2026-04-25 09:50:22.623131
466.0,54.0,male,skirt,clothing,88.0,oklahoma,m,pink,summer,2.8,True,cash,next_day_air,True,True,25.0,cash,quarterly,1.0,465,2026-04-25 09:50:22.623131
467.0,38.0,male,jeans,clothing,24.0,vermont,l,turquoise,winter,4.6,True,credit_card,free_shipping,True,True,25.0,paypal,weekly,1.0,466,2026-04-25 09:50:22.623131
468.0,19.0,male,backpack,accessories,51.0,nebraska,s,orange,spring,4.5,True,credit_card,2-day_shipping,True,True,37.0,debit_card,every_3_months,1.0,467,2026-04-25 09:50:22.623131
469.0,34.0,male,backpack,accessories,38.0,georgia,s,peach,fall,5.0,True,bank_transfer,free_shipping,True,True,16.0,cash,quarterly,1.0,468,2026-04-25 09:50:22.623131
470.0,21.0,male,shorts,clothing,46.0,alabama,l,pink,fall,4.1,True,debit_card,2-day_shipping,True,True,30.0,debit_card,bi-weekly,1.0,469,2026-04-25 09:50:22.623131
471.0,50.0,male,dress,clothing,63.0,minnesota,l,teal,summer,4.6,True,cash,express,True,True,6.0,cash,every_3_months,1.0,470,2026-04-25 09:50:22.623131
472.0,55.0,male,scarf,accessories,72.0,missouri,xl,white,winter,4.9,True,credit_card,2-day_shipping,True,True,36.0,bank_transfer,quarterly,1.0,471,2026-04-25 09:50:22.623131
473.0,20.0,male,jeans,clothing,39.0,georgia,l,gray,winter,3.9,True,cash,free_shipping,True,True,3.0,bank_transfer,quarterly,1.0,472,2026-04-25 09:50:22.623131
474.0,34.0,male,coat,outerwear,42.0,west_virginia,l,olive,spring,3.9,True,venmo,store_pickup,True,True,29.0,paypal,every_3_months,1.0,473,2026-04-25 09:50:22.623131
475.0,62.0,male,sweater,clothing,76.0,arkansas,xl,maroon,summer,2.6,True,debit_card,2-day_shipping,True,True,15.0,cash,quarterly,1.0,474,2026-04-25 09:50:22.623131
476.0,21.0,male,sneakers,footwear,66.0,ohio,l,magenta,summer,2.7,True,cash,free_shipping,True,True,18.0,debit_card,annually,1.0,475,2026-04-25 09:50:22.623131
477.0,21.0,male,scarf,accessories,90.0,connecticut,m,magenta,spring,3.5,True,venmo,free_shipping,True,True,2.0,debit_card,fortnightly,1.0,476,2026-04-25 09:50:22.623131
478.0,42.0,male,sweater,clothing,56.0,north_dakota,m,green,summer,3.7,True,credit_card,free_shipping,True,True,49.0,debit_card,weekly,1.0,477,2026-04-25 09:50:22.623131
479.0,35.0,male,jewelry,accessories,43.0,kansas,xl,turquoise,winter,3.2,True,debit_card,free_shipping,True,True,48.0,venmo,annually,1.0,478,2026-04-25 09:50:22.623131
480.0,39.0,male,handbag,accessories,84.0,iowa,l,yellow,winter,3.3,True,bank_transfer,store_pickup,True,True,43.0,venmo,monthly,1.0,479,2026-04-25 09:50:22.623131
481.0,68.0,male,hoodie,clothing,88.0,vermont,m,gray,summer,4.8,True,credit_card,standard,True,True,30.0,debit_card,bi-weekly,1.0,480,2026-04-25 09:50:22.623131
482.0,46.0,male,hat,accessories,88.0,wisconsin,l,peach,fall,3.2,True,paypal,2-day_shipping,True,True,10.0,paypal,fortnightly,1.0,481,2026-04-25 09:50:22.623131
483.0,41.0,male,belt,accessories,42.0,connecticut,m,yellow,winter,2.5,True,paypal,2-day_shipping,True,True,11.0,venmo,annually,1.0,482,2026-04-25 09:50:22.623131
484.0,23.0,male,hoodie,clothing,73.0,oklahoma,m,white,fall,3.9,True,venmo,store_pickup,True,True,12.0,debit_card,weekly,1.0,483,2026-04-25 09:50:22.623131
485.0,68.0,male,hat,accessories,73.0,missouri,l,lavender,summer,4.7,True,credit_card,free_shipping,True,True,28.0,bank_transfer,quarterly,1.0,484,2026-04-25 09:50:22.623131
486.0,48.0,male,shoes,footwear,44.0,tennessee,s,blue,spring,2.6,True,debit_card,next_day_air,True,True,36.0,debit_card,fortnightly,1.0,485,2026-04-25 09:50:22.623131
487.0,38.0,male,sandals,footwear,63.0,new_mexico,m,charcoal,fall,2.8,True,debit_card,store_pickup,True,True,37.0,venmo,every_3_months,1.0,486,2026-04-25 09:50:22.623131
488.0,41.0,male,jacket,outerwear,68.0,iowa,l,red,winter,4.4,True,credit_card,store_pickup,True,True,22.0,credit_card,quarterly,1.0,487,2026-04-25 09:50:22.623131
489.0,58.0,male,sweater,clothing,29.0,maine,l,olive,spring,4.6,True,venmo,standard,True,True,32.0,venmo,weekly,1.0,488,2026-04-25 09:50:22.623131
490.0,49.0,male,socks,clothing,85.0,south_dakota,m,green,summer,3.2,True,venmo,standard,True,True,40.0,paypal,annually,1.0,489,2026-04-25 09:50:22.623131
491.0,57.0,male,sneakers,footwear,42.0,colorado,m,silver,winter,4.2,True,paypal,2-day_shipping,True,True,47.0,cash,monthly,1.0,490,2026-04-25 09:50:22.623131
492.0,49.0,male,coat,outerwear,69.0,vermont,m,silver,summer,3.7,True,bank_transfer,2-day_shipping,True,True,24.0,credit_card,bi-weekly,1.0,491,2026-04-25 09:50:22.623131
493.0,50.0,male,shirt,clothing,62.0,michigan,m,black,fall,3.9,True,paypal,standard,True,True,11.0,debit_card,weekly,1.0,492,2026-04-25 09:50:22.623131
494.0,28.0,male,backpack,accessories,48.0,nevada,xl,red,summer,4.7,True,debit_card,store_pickup,True,True,19.0,cash,bi-weekly,1.0,493,2026-04-25 09:50:22.623131
495.0,38.0,male,boots,footwear,68.0,indiana,m,indigo,winter,4.5,True,paypal,express,True,True,42.0,debit_card,weekly,1.0,494,2026-04-25 09:50:22.623131
496.0,33.0,male,handbag,accessories,36.0,michigan,xl,cyan,fall,3.3,True,credit_card,free_shipping,True,True,6.0,debit_card,fortnightly,1.0,495,2026-04-25 09:50:22.623131
497.0,30.0,male,dress,clothing,63.0,california,s,maroon,fall,3.3,True,venmo,express,True,True,31.0,venmo,fortnightly,1.0,496,2026-04-25 09:50:22.623131
498.0,43.0,male,sneakers,footwear,39.0,oklahoma,s,silver,winter,4.6,True,bank_transfer,free_shipping,True,True,31.0,cash,weekly,1.0,497,2026-04-25 09:50:22.623131
499.0,43.0,male,boots,footwear,78.0,iowa,m,lavender,spring,3.6,True,paypal,free_shipping,True,True,27.0,bank_transfer,monthly,1.0,498,2026-04-25 09:50:22.623131
500.0,36.0,male,shoes,footwear,99.0,rhode_island,l,silver,winter,4.8,True,credit_card,express,True,True,24.0,paypal,monthly,1.0,499,2026-04-25 09:50:22.623131
501.0,36.0,male,t-shirt,clothing,31.0,washington,l,purple,fall,4.8,True,bank_transfer,next_day_air,True,True,35.0,venmo,every_3_months,1.0,500,2026-04-25 09:50:22.623131
502.0,64.0,male,boots,footwear,45.0,florida,m,cyan,spring,2.9,True,debit_card,next_day_air,True,True,21.0,venmo,annually,1.0,501,2026-04-25 09:50:22.623131
503.0,59.0,male,pants,clothing,30.0,south_carolina,s,cyan,fall,2.8,True,cash,express,True,True,8.0,paypal,fortnightly,1.0,502,2026-04-25 09:50:22.623131
504.0,55.0,male,shoes,footwear,24.0,west_virginia,m,lavender,summer,3.2,True,credit_card,next_day_air,True,True,26.0,bank_transfer,quarterly,1.0,503,2026-04-25 09:50:22.623131
505.0,42.0,male,shoes,footwear,22.0,missouri,m,maroon,winter,3.9,True,bank_transfer,free_shipping,True,True,26.0,paypal,annually,1.0,504,2026-04-25 09:50:22.623131
506.0,61.0,male,t-shirt,clothing,63.0,maine,l,gray,spring,4.3,True,credit_card,express,True,True,9.0,cash,bi-weekly,1.0,505,2026-04-25 09:50:22.623131
507.0,28.0,male,scarf,accessories,40.0,georgia,m,olive,fall,2.7,True,cash,2-day_shipping,True,True,48.0,debit_card,annually,1.0,506,2026-04-25 09:50:22.623131
508.0,65.0,male,shorts,clothing,20.0,maine,m,magenta,spring,5.0,True,bank_transfer,store_pickup,True,True,33.0,debit_card,fortnightly,1.0,507,2026-04-25 09:50:22.623131
509.0,27.0,male,jewelry,accessories,20.0,illinois,s,yellow,winter,3.7,True,cash,store_pickup,True,True,31.0,paypal,quarterly,1.0,508,2026-04-25 09:50:22.623131
510.0,41.0,male,t-shirt,clothing,80.0,delaware,l,cyan,summer,3.9,True,bank_transfer,free_shipping,True,True,17.0,debit_card,weekly,1.0,509,2026-04-25 09:50:22.623131
511.0,21.0,male,shirt,clothing,87.0,west_virginia,m,teal,fall,3.9,True,credit_card,2-day_shipping,True,True,22.0,venmo,annually,1.0,510,2026-04-25 09:50:22.623131
512.0,61.0,male,shirt,clothing,46.0,hawaii,l,yellow,fall,3.1,True,debit_card,free_shipping,True,True,8.0,paypal,annually,1.0,511,2026-04-25 09:50:22.623131
513.0,19.0,male,gloves,accessories,49.0,new_york,l,peach,winter,3.3,True,credit_card,next_day_air,True,True,2.0,bank_transfer,monthly,1.0,512,2026-04-25 09:50:22.623131
514.0,22.0,male,scarf,accessories,65.0,new_mexico,m,peach,fall,3.6,True,paypal,store_pickup,True,True,45.0,venmo,annually,1.0,513,2026-04-25 09:50:22.623131
515.0,64.0,male,skirt,clothing,62.0,indiana,s,olive,winter,4.3,True,debit_card,standard,True,True,47.0,paypal,quarterly,1.0,514,2026-04-25 09:50:22.623131
516.0,28.0,male,hat,accessories,67.0,kentucky,l,charcoal,spring,4.5,True,credit_card,next_day_air,True,True,7.0,cash,monthly,1.0,515,2026-04-25 09:50:22.623131
517.0,34.0,male,hoodie,clothing,41.0,west_virginia,l,indigo,fall,2.8,True,cash,2-day_shipping,True,True,19.0,debit_card,bi-weekly,1.0,516,2026-04-25 09:50:22.623131
518.0,61.0,male,boots,footwear,49.0,north_dakota,l,silver,fall,2.7,True,debit_card,free_shipping,True,True,44.0,cash,every_3_months,1.0,517,2026-04-25 09:50:22.623131
519.0,24.0,male,blouse,clothing,100.0,oregon,m,beige,fall,2.9,True,paypal,next_day_air,True,True,16.0,venmo,every_3_months,1.0,518,2026-04-25 09:50:22.623131
520.0,19.0,male,belt,accessories,54.0,minnesota,l,blue,summer,4.4,True,cash,2-day_shipping,True,True,17.0,bank_transfer,quarterly,1.0,519,2026-04-25 09:50:22.623131
521.0,51.0,male,sunglasses,accessories,84.0,south_carolina,m,white,spring,3.9,True,bank_transfer,free_shipping,True,True,20.0,debit_card,quarterly,1.0,520,2026-04-25 09:50:22.623131
522.0,36.0,male,shorts,clothing,41.0,vermont,l,gold,winter,3.5,True,credit_card,standard,True,True,50.0,bank_transfer,annually,1.0,521,2026-04-25 09:50:22.623131
523.0,65.0,male,gloves,accessories,88.0,minnesota,m,blue,spring,2.5,True,paypal,store_pickup,True,True,37.0,cash,quarterly,1.0,522,2026-04-25 09:50:22.623131
524.0,46.0,male,sandals,footwear,40.0,delaware,m,orange,spring,4.9,True,cash,express,True,True,5.0,paypal,quarterly,1.0,523,2026-04-25 09:50:22.623131
525.0,59.0,male,shirt,clothing,39.0,pennsylvania,m,gold,summer,4.8,True,venmo,free_shipping,True,True,44.0,paypal,annually,1.0,524,2026-04-25 09:50:22.623131
526.0,51.0,male,coat,outerwear,37.0,iowa,m,cyan,spring,3.2,True,credit_card,next_day_air,True,True,41.0,debit_card,monthly,1.0,525,2026-04-25 09:50:22.623131
527.0,51.0,male,pants,clothing,52.0,new_jersey,s,red,winter,4.9,True,cash,standard,True,True,19.0,cash,monthly,1.0,526,2026-04-25 09:50:22.623131
528.0,21.0,male,t-shirt,clothing,23.0,south_carolina,l,yellow,winter,4.3,True,bank_transfer,next_day_air,True,True,47.0,bank_transfer,every_3_months,1.0,527,2026-04-25 09:50:22.623131
529.0,34.0,male,sneakers,footwear,88.0,maryland,s,beige,winter,3.2,True,venmo,express,True,True,40.0,cash,annually,1.0,528,2026-04-25 09:50:22.623131
530.0,32.0,male,shorts,clothing,84.0,california,m,orange,fall,3.7,True,cash,standard,True,True,6.0,credit_card,monthly,1.0,529,2026-04-25 09:50:22.623131
531.0,48.0,male,coat,outerwear,37.0,montana,xl,magenta,winter,3.2,True,venmo,store_pickup,True,True,25.0,credit_card,bi-weekly,1.0,530,2026-04-25 09:50:22.623131
532.0,50.0,male,sandals,footwear,51.0,vermont,l,purple,fall,3.4,True,bank_transfer,next_day_air,True,True,42.0,cash,weekly,1.0,531,2026-04-25 09:50:22.623131
533.0,26.0,male,pants,clothing,76.0,texas,l,black,winter,4.1,True,bank_transfer,express,True,True,35.0,bank_transfer,every_3_months,1.0,532,2026-04-25 09:50:22.623131
534.0,57.0,male,sandals,footwear,60.0,north_carolina,l,pink,spring,4.5,True,paypal,next_day_air,True,True,17.0,debit_card,weekly,1.0,533,2026-04-25 09:50:22.623131
535.0,65.0,male,gloves,accessories,72.0,florida,l,pink,fall,4.5,True,bank_transfer,next_day_air,True,True,4.0,paypal,quarterly,1.0,534,2026-04-25 09:50:22.623131
536.0,56.0,male,t-shirt,clothing,45.0,west_virginia,l,maroon,spring,3.2,True,credit_card,free_shipping,True,True,24.0,bank_transfer,weekly,1.0,535,2026-04-25 09:50:22.623131
537.0,44.0,male,jacket,outerwear,84.0,illinois,s,maroon,fall,4.4,True,debit_card,store_pickup,True,True,16.0,debit_card,every_3_months,1.0,536,2026-04-25 09:50:22.623131
538.0,50.0,male,blouse,clothing,49.0,virginia,s,turquoise,summer,3.0,True,credit_card,store_pickup,True,True,14.0,debit_card,annually,1.0,537,2026-04-25 09:50:22.623131
539.0,27.0,male,socks,clothing,22.0,virginia,xl,green,spring,3.2,True,paypal,free_shipping,True,True,43.0,cash,weekly,1.0,538,2026-04-25 09:50:22.623131
540.0,49.0,male,coat,outerwear,48.0,wyoming,m,violet,winter,4.0,True,cash,store_pickup,True,True,49.0,debit_card,weekly,1.0,539,2026-04-25 09:50:22.623131
541.0,49.0,male,dress,clothing,37.0,south_carolina,m,lavender,spring,3.1,True,venmo,next_day_air,True,True,33.0,cash,every_3_months,1.0,540,2026-04-25 09:50:22.623131
542.0,52.0,male,jacket,outerwear,27.0,connecticut,l,gray,fall,2.8,True,bank_transfer,next_day_air,True,True,45.0,cash,bi-weekly,1.0,541,2026-04-25 09:50:22.623131
543.0,27.0,male,boots,footwear,79.0,illinois,xl,teal,spring,4.6,True,venmo,next_day_air,True,True,35.0,cash,bi-weekly,1.0,542,2026-04-25 09:50:22.623131
544.0,53.0,male,skirt,clothing,98.0,alabama,s,red,spring,4.3,True,debit_card,express,True,True,11.0,credit_card,monthly,1.0,543,2026-04-25 09:50:22.623131
545.0,34.0,male,sandals,footwear,64.0,washington,s,yellow,summer,3.3,True,cash,standard,True,True,30.0,bank_transfer,every_3_months,1.0,544,2026-04-25 09:50:22.623131
546.0,33.0,male,coat,outerwear,32.0,alabama,l,magenta,summer,3.5,True,bank_transfer,2-day_shipping,True,True,48.0,debit_card,annually,1.0,545,2026-04-25 09:50:22.623131
547.0,62.0,male,hoodie,clothing,74.0,new_mexico,m,brown,winter,3.4,True,cash,free_shipping,True,True,45.0,venmo,bi-weekly,1.0,546,2026-04-25 09:50:22.623131
548.0,38.0,male,jacket,outerwear,50.0,nevada,m,blue,winter,2.8,True,debit_card,free_shipping,True,True,26.0,venmo,weekly,1.0,547,2026-04-25 09:50:22.623131
549.0,36.0,male,backpack,accessories,64.0,nebraska,m,black,winter,4.6,True,paypal,store_pickup,True,True,41.0,debit_card,every_3_months,1.0,548,2026-04-25 09:50:22.623131
550.0,31.0,male,backpack,accessories,29.0,arizona,s,olive,fall,3.6,True,cash,express,True,True,37.0,venmo,bi-weekly,1.0,549,2026-04-25 09:50:22.623131
551.0,62.0,male,belt,accessories,62.0,georgia,m,olive,summer,3.3,True,cash,store_pickup,True,True,12.0,paypal,weekly,1.0,550,2026-04-25 09:50:22.623131
552.0,29.0,male,coat,outerwear,78.0,idaho,xl,green,fall,3.1,True,venmo,2-day_shipping,True,True,27.0,cash,bi-weekly,1.0,551,2026-04-25 09:50:22.623131
553.0,24.0,male,t-shirt,clothing,94.0,missouri,m,peach,fall,3.5,True,bank_transfer,express,True,True,18.0,bank_transfer,weekly,1.0,552,2026-04-25 09:50:22.623131
554.0,63.0,male,sunglasses,accessories,59.0,florida,m,white,winter,3.2,True,venmo,express,True,True,15.0,credit_card,quarterly,1.0,553,2026-04-25 09:50:22.623131
555.0,56.0,male,sneakers,footwear,47.0,minnesota,m,red,summer,3.0,True,paypal,express,True,True,34.0,bank_transfer,weekly,1.0,554,2026-04-25 09:50:22.623131
556.0,63.0,male,gloves,accessories,57.0,maine,m,white,fall,4.8,True,bank_transfer,express,True,True,37.0,venmo,annually,1.0,555,2026-04-25 09:50:22.623131
557.0,40.0,male,coat,outerwear,90.0,montana,l,indigo,winter,5.0,True,credit_card,store_pickup,True,True,21.0,cash,fortnightly,1.0,556,2026-04-25 09:50:22.623131
558.0,18.0,male,shirt,clothing,60.0,alaska,m,white,spring,2.9,True,paypal,free_shipping,True,True,31.0,debit_card,weekly,1.0,557,2026-04-25 09:50:22.623131
559.0,50.0,male,sneakers,footwear,77.0,iowa,l,teal,fall,3.2,True,venmo,express,True,True,43.0,debit_card,every_3_months,1.0,558,2026-04-25 09:50:22.623131
560.0,66.0,male,scarf,accessories,41.0,arizona,m,indigo,fall,2.9,True,bank_transfer,store_pickup,True,True,22.0,bank_transfer,monthly,1.0,559,2026-04-25 09:50:22.623131
561.0,25.0,male,jewelry,accessories,48.0,louisiana,l,red,fall,3.3,True,paypal,free_shipping,True,True,12.0,debit_card,annually,1.0,560,2026-04-25 09:50:22.623131
562.0,65.0,male,jacket,outerwear,65.0,alabama,m,blue,fall,2.6,True,credit_card,next_day_air,True,True,25.0,paypal,fortnightly,1.0,561,2026-04-25 09:50:22.623131
563.0,53.0,male,jeans,clothing,62.0,missouri,m,blue,summer,3.5,True,paypal,standard,True,True,40.0,debit_card,annually,1.0,562,2026-04-25 09:50:22.623131
564.0,61.0,male,shoes,footwear,99.0,idaho,m,black,fall,4.4,True,paypal,standard,True,True,16.0,debit_card,quarterly,1.0,563,2026-04-25 09:50:22.623131
565.0,67.0,male,hoodie,clothing,58.0,florida,m,olive,winter,3.4,True,cash,next_day_air,True,True,30.0,bank_transfer,weekly,1.0,564,2026-04-25 09:50:22.623131
566.0,59.0,male,backpack,accessories,43.0,idaho,l,lavender,fall,4.2,True,bank_transfer,store_pickup,True,True,10.0,venmo,weekly,1.0,565,2026-04-25 09:50:22.623131
567.0,55.0,male,sneakers,footwear,93.0,alabama,m,indigo,spring,3.6,True,paypal,store_pickup,True,True,1.0,debit_card,fortnightly,1.0,566,2026-04-25 09:50:22.623131
568.0,21.0,male,blouse,clothing,50.0,new_hampshire,s,red,winter,3.0,True,venmo,next_day_air,True,True,24.0,venmo,fortnightly,1.0,567,2026-04-25 09:50:22.623131
569.0,44.0,male,pants,clothing,88.0,utah,l,red,summer,4.0,True,bank_transfer,free_shipping,True,True,36.0,paypal,monthly,1.0,568,2026-04-25 09:50:22.623131
570.0,65.0,male,skirt,clothing,33.0,alabama,m,pink,fall,4.4,True,paypal,express,True,True,46.0,credit_card,every_3_months,1.0,569,2026-04-25 09:50:22.623131
571.0,65.0,male,t-shirt,clothing,99.0,iowa,xl,purple,fall,4.1,True,credit_card,standard,True,True,20.0,cash,annually,1.0,570,2026-04-25 09:50:22.623131
572.0,54.0,male,jacket,outerwear,76.0,kentucky,xl,cyan,spring,3.6,True,venmo,free_shipping,True,True,37.0,venmo,weekly,1.0,571,2026-04-25 09:50:22.623131
573.0,56.0,male,scarf,accessories,97.0,south_carolina,xl,cyan,summer,4.6,True,credit_card,next_day_air,True,True,26.0,bank_transfer,annually,1.0,572,2026-04-25 09:50:22.623131
574.0,58.0,male,pants,clothing,68.0,california,m,charcoal,summer,3.2,True,cash,2-day_shipping,True,True,23.0,credit_card,bi-weekly,1.0,573,2026-04-25 09:50:22.623131
575.0,54.0,male,sneakers,footwear,79.0,maine,l,red,fall,4.8,True,paypal,free_shipping,True,True,20.0,bank_transfer,bi-weekly,1.0,574,2026-04-25 09:50:22.623131
576.0,58.0,male,jeans,clothing,86.0,nebraska,m,peach,fall,4.8,True,venmo,express,True,True,38.0,paypal,monthly,1.0,575,2026-04-25 09:50:22.623131
577.0,48.0,male,hat,accessories,68.0,washington,m,black,winter,5.0,True,venmo,2-day_shipping,True,True,5.0,credit_card,every_3_months,1.0,576,2026-04-25 09:50:22.623131
578.0,19.0,male,skirt,clothing,52.0,alabama,m,black,fall,3.7,True,paypal,store_pickup,True,True,41.0,venmo,annually,1.0,577,2026-04-25 09:50:22.623131
579.0,69.0,male,sandals,footwear,90.0,maine,m,purple,fall,4.6,True,debit_card,next_day_air,True,True,22.0,credit_card,fortnightly,1.0,578,2026-04-25 09:50:22.623131
580.0,58.0,male,sandals,footwear,41.0,california,m,violet,winter,3.7,True,debit_card,free_shipping,True,True,48.0,credit_card,annually,1.0,579,2026-04-25 09:50:22.623131
581.0,49.0,male,sweater,clothing,80.0,iowa,m,orange,spring,4.1,True,paypal,free_shipping,True,True,10.0,paypal,weekly,1.0,580,2026-04-25 09:50:22.623131
582.0,32.0,male,sweater,clothing,100.0,iowa,xl,charcoal,winter,2.7,True,credit_card,store_pickup,True,True,12.0,bank_transfer,every_3_months,1.0,581,2026-04-25 09:50:22.623131
583.0,40.0,male,jacket,outerwear,77.0,colorado,l,turquoise,spring,4.9,True,debit_card,store_pickup,True,True,2.0,bank_transfer,quarterly,1.0,582,2026-04-25 09:50:22.623131
584.0,25.0,male,shorts,clothing,78.0,california,l,yellow,spring,4.0,True,paypal,store_pickup,True,True,38.0,paypal,monthly,1.0,583,2026-04-25 09:50:22.623131
585.0,70.0,male,socks,clothing,94.0,indiana,m,white,spring,4.7,True,paypal,free_shipping,True,True,20.0,debit_card,monthly,1.0,584,2026-04-25 09:50:22.623131
586.0,69.0,male,socks,clothing,23.0,south_carolina,m,gray,fall,2.8,True,credit_card,next_day_air,True,True,5.0,cash,every_3_months,1.0,585,2026-04-25 09:50:22.623131
587.0,45.0,male,hoodie,clothing,20.0,wisconsin,s,blue,winter,4.9,True,venmo,2-day_shipping,True,True,9.0,venmo,annually,1.0,586,2026-04-25 09:50:22.623131
588.0,29.0,male,socks,clothing,86.0,washington,s,maroon,fall,4.2,True,paypal,express,True,True,48.0,debit_card,every_3_months,1.0,587,2026-04-25 09:50:22.623131
589.0,47.0,male,boots,footwear,60.0,south_dakota,m,violet,fall,3.0,True,debit_card,standard,True,True,9.0,debit_card,quarterly,1.0,588,2026-04-25 09:50:22.623131
590.0,28.0,male,shirt,clothing,70.0,minnesota,m,orange,fall,3.4,True,debit_card,2-day_shipping,True,True,40.0,paypal,annually,1.0,589,2026-04-25 09:50:22.623131
591.0,64.0,male,belt,accessories,39.0,alaska,s,turquoise,fall,4.6,True,credit_card,standard,True,True,30.0,venmo,fortnightly,1.0,590,2026-04-25 09:50:22.623131
592.0,47.0,male,backpack,accessories,37.0,kentucky,l,olive,fall,4.2,True,credit_card,store_pickup,True,True,6.0,debit_card,bi-weekly,1.0,591,2026-04-25 09:50:22.623131
593.0,60.0,male,boots,footwear,29.0,north_dakota,m,brown,fall,3.2,True,venmo,free_shipping,True,True,42.0,venmo,every_3_months,1.0,592,2026-04-25 09:50:22.623131
594.0,67.0,male,coat,outerwear,35.0,alaska,s,green,winter,4.4,True,cash,store_pickup,True,True,9.0,paypal,every_3_months,1.0,593,2026-04-25 09:50:22.623131
595.0,35.0,male,hoodie,clothing,83.0,oklahoma,s,brown,winter,2.5,True,cash,next_day_air,True,True,6.0,debit_card,monthly,1.0,594,2026-04-25 09:50:22.623131
596.0,30.0,male,shoes,footwear,77.0,delaware,m,silver,summer,3.6,True,credit_card,next_day_air,True,True,47.0,paypal,quarterly,1.0,595,2026-04-25 09:50:22.623131
597.0,23.0,male,shoes,footwear,37.0,montana,xl,white,summer,4.5,True,paypal,store_pickup,True,True,36.0,venmo,annually,1.0,596,2026-04-25 09:50:22.623131
598.0,70.0,male,jewelry,accessories,69.0,alaska,l,gold,summer,3.4,True,bank_transfer,standard,True,True,19.0,bank_transfer,fortnightly,1.0,597,2026-04-25 09:50:22.623131
599.0,21.0,male,dress,clothing,66.0,california,l,green,winter,3.2,True,credit_card,2-day_shipping,True,True,30.0,cash,every_3_months,1.0,598,2026-04-25 09:50:22.623131
600.0,51.0,male,boots,footwear,26.0,massachusetts,l,teal,spring,4.2,True,cash,standard,True,True,27.0,debit_card,every_3_months,1.0,599,2026-04-25 09:50:22.623131
601.0,22.0,male,hat,accessories,63.0,south_carolina,m,charcoal,spring,5.0,True,debit_card,2-day_shipping,True,True,25.0,venmo,monthly,1.0,600,2026-04-25 09:50:22.623131
602.0,32.0,male,backpack,accessories,38.0,west_virginia,m,maroon,summer,4.7,True,cash,store_pickup,True,True,5.0,cash,fortnightly,1.0,601,2026-04-25 09:50:22.623131
603.0,37.0,male,shoes,footwear,58.0,oregon,l,lavender,summer,4.2,True,venmo,next_day_air,True,True,10.0,cash,every_3_months,1.0,602,2026-04-25 09:50:22.623131
604.0,31.0,male,handbag,accessories,46.0,massachusetts,l,green,winter,3.4,True,debit_card,2-day_shipping,True,True,26.0,paypal,every_3_months,1.0,603,2026-04-25 09:50:22.623131
605.0,44.0,male,sunglasses,accessories,92.0,west_virginia,s,pink,fall,4.4,True,bank_transfer,store_pickup,True,True,11.0,credit_card,every_3_months,1.0,604,2026-04-25 09:50:22.623131
606.0,40.0,male,hat,accessories,32.0,california,xl,charcoal,winter,4.2,True,debit_card,standard,True,True,17.0,bank_transfer,weekly,1.0,605,2026-04-25 09:50:22.623131
607.0,27.0,male,scarf,accessories,90.0,colorado,m,blue,spring,4.5,True,credit_card,standard,True,True,44.0,paypal,monthly,1.0,606,2026-04-25 09:50:22.623131
608.0,47.0,male,hoodie,clothing,23.0,indiana,l,purple,fall,2.8,True,paypal,next_day_air,True,True,44.0,cash,monthly,1.0,607,2026-04-25 09:50:22.623131
609.0,41.0,male,backpack,accessories,25.0,delaware,s,gold,fall,3.3,True,debit_card,next_day_air,True,True,21.0,venmo,every_3_months,1.0,608,2026-04-25 09:50:22.623131
610.0,51.0,male,sweater,clothing,54.0,ohio,l,purple,fall,4.6,True,cash,next_day_air,True,True,49.0,credit_card,fortnightly,1.0,609,2026-04-25 09:50:22.623131
611.0,53.0,male,shorts,clothing,72.0,oklahoma,m,charcoal,summer,2.5,True,debit_card,free_shipping,True,True,27.0,bank_transfer,every_3_months,1.0,610,2026-04-25 09:50:22.623131
612.0,43.0,male,scarf,accessories,33.0,california,m,black,winter,4.7,True,credit_card,store_pickup,True,True,19.0,cash,monthly,1.0,611,2026-04-25 09:50:22.623131
613.0,67.0,male,hat,accessories,43.0,new_hampshire,l,lavender,fall,4.6,True,paypal,express,True,True,33.0,credit_card,quarterly,1.0,612,2026-04-25 09:50:22.623131
614.0,61.0,male,coat,outerwear,51.0,pennsylvania,l,lavender,fall,2.6,True,cash,standard,True,True,46.0,cash,bi-weekly,1.0,613,2026-04-25 09:50:22.623131
615.0,68.0,male,jewelry,accessories,85.0,idaho,m,lavender,winter,4.0,True,cash,standard,True,True,21.0,credit_card,bi-weekly,1.0,614,2026-04-25 09:50:22.623131
616.0,67.0,male,sandals,footwear,100.0,maryland,l,olive,summer,2.6,True,debit_card,next_day_air,True,True,23.0,venmo,annually,1.0,615,2026-04-25 09:50:22.623131
617.0,29.0,male,gloves,accessories,72.0,pennsylvania,l,teal,spring,4.6,True,cash,free_shipping,True,True,38.0,credit_card,every_3_months,1.0,616,2026-04-25 09:50:22.623131
618.0,50.0,male,backpack,accessories,57.0,colorado,m,maroon,fall,2.6,True,debit_card,standard,True,True,2.0,bank_transfer,quarterly,1.0,617,2026-04-25 09:50:22.623131
619.0,61.0,male,jacket,outerwear,94.0,indiana,l,cyan,spring,4.0,True,credit_card,express,True,True,21.0,debit_card,bi-weekly,1.0,618,2026-04-25 09:50:22.623131
620.0,19.0,male,backpack,accessories,34.0,nebraska,m,charcoal,summer,4.6,True,debit_card,store_pickup,True,True,1.0,debit_card,every_3_months,1.0,619,2026-04-25 09:50:22.623131
621.0,33.0,male,backpack,accessories,89.0,rhode_island,m,black,fall,3.7,True,paypal,2-day_shipping,True,True,10.0,venmo,every_3_months,1.0,620,2026-04-25 09:50:22.623131
622.0,51.0,male,sunglasses,accessories,27.0,kansas,s,red,fall,4.4,True,debit_card,store_pickup,True,True,45.0,credit_card,weekly,1.0,621,2026-04-25 09:50:22.623131
623.0,69.0,male,socks,clothing,63.0,georgia,s,peach,spring,4.0,True,credit_card,next_day_air,True,True,44.0,bank_transfer,fortnightly,1.0,622,2026-04-25 09:50:22.623131
624.0,19.0,male,shoes,footwear,70.0,nevada,m,white,fall,4.7,True,bank_transfer,standard,True,True,48.0,paypal,bi-weekly,1.0,623,2026-04-25 09:50:22.623131
625.0,55.0,male,pants,clothing,87.0,south_carolina,xl,pink,fall,3.4,True,venmo,express,True,True,21.0,paypal,annually,1.0,624,2026-04-25 09:50:22.623131
626.0,49.0,male,jewelry,accessories,79.0,delaware,m,red,fall,4.0,True,venmo,next_day_air,True,True,1.0,venmo,weekly,1.0,625,2026-04-25 09:50:22.623131
627.0,31.0,male,sunglasses,accessories,79.0,new_hampshire,m,indigo,spring,3.9,True,credit_card,standard,True,True,10.0,venmo,annually,1.0,626,2026-04-25 09:50:22.623131
628.0,42.0,male,sandals,footwear,44.0,oregon,l,black,winter,4.1,True,venmo,express,True,True,24.0,paypal,monthly,1.0,627,2026-04-25 09:50:22.623131
629.0,69.0,male,sweater,clothing,85.0,massachusetts,m,white,fall,3.7,True,venmo,2-day_shipping,True,True,29.0,credit_card,monthly,1.0,628,2026-04-25 09:50:22.623131
630.0,26.0,male,shoes,footwear,90.0,vermont,l,beige,spring,4.7,True,bank_transfer,standard,True,True,11.0,debit_card,annually,1.0,629,2026-04-25 09:50:22.623131
631.0,41.0,male,jewelry,accessories,94.0,mississippi,s,silver,fall,4.3,True,cash,2-day_shipping,True,True,33.0,debit_card,annually,1.0,630,2026-04-25 09:50:22.623131
632.0,55.0,male,boots,footwear,68.0,washington,s,violet,summer,4.1,True,venmo,store_pickup,True,True,27.0,cash,fortnightly,1.0,631,2026-04-25 09:50:22.623131
633.0,35.0,male,backpack,accessories,51.0,wyoming,m,red,winter,3.9,True,venmo,next_day_air,True,True,19.0,venmo,fortnightly,1.0,632,2026-04-25 09:50:22.623131
634.0,66.0,male,sandals,footwear,33.0,minnesota,m,orange,spring,2.9,True,bank_transfer,express,True,True,50.0,debit_card,quarterly,1.0,633,2026-04-25 09:50:22.623131
635.0,36.0,male,sneakers,footwear,60.0,ohio,m,teal,summer,3.9,True,bank_transfer,standard,True,True,46.0,paypal,weekly,1.0,634,2026-04-25 09:50:22.623131
636.0,27.0,male,hoodie,clothing,59.0,south_carolina,m,brown,fall,4.3,True,paypal,2-day_shipping,True,True,28.0,cash,quarterly,1.0,635,2026-04-25 09:50:22.623131
637.0,41.0,male,handbag,accessories,30.0,wisconsin,m,indigo,summer,2.8,True,cash,store_pickup,True,True,14.0,bank_transfer,every_3_months,1.0,636,2026-04-25 09:50:22.623131
638.0,21.0,male,sweater,clothing,20.0,tennessee,m,cyan,winter,3.4,True,cash,2-day_shipping,True,True,46.0,cash,fortnightly,1.0,637,2026-04-25 09:50:22.623131
639.0,53.0,male,sandals,footwear,20.0,maryland,s,blue,summer,2.7,True,venmo,express,True,True,41.0,paypal,monthly,1.0,638,2026-04-25 09:50:22.623131
640.0,54.0,male,dress,clothing,24.0,mississippi,l,olive,spring,4.0,True,credit_card,2-day_shipping,True,True,50.0,credit_card,annually,1.0,639,2026-04-25 09:50:22.623131
641.0,53.0,male,skirt,clothing,88.0,minnesota,m,gray,summer,4.4,True,debit_card,store_pickup,True,True,28.0,debit_card,fortnightly,1.0,640,2026-04-25 09:50:22.623131
642.0,47.0,male,blouse,clothing,78.0,alaska,m,red,winter,3.9,True,venmo,2-day_shipping,True,True,23.0,credit_card,every_3_months,1.0,641,2026-04-25 09:50:22.623131
643.0,64.0,male,skirt,clothing,25.0,arkansas,l,red,spring,2.8,True,credit_card,2-day_shipping,True,True,14.0,debit_card,bi-weekly,1.0,642,2026-04-25 09:50:22.623131
644.0,18.0,male,sweater,clothing,57.0,oregon,xl,green,winter,3.2,True,venmo,next_day_air,True,True,10.0,bank_transfer,every_3_months,1.0,643,2026-04-25 09:50:22.623131
645.0,68.0,male,backpack,accessories,93.0,louisiana,s,blue,summer,4.3,True,venmo,next_day_air,True,True,37.0,cash,weekly,1.0,644,2026-04-25 09:50:22.623131
646.0,62.0,male,hoodie,clothing,42.0,oklahoma,s,purple,summer,4.2,True,credit_card,express,True,True,15.0,venmo,bi-weekly,1.0,645,2026-04-25 09:50:22.623131
647.0,51.0,male,boots,footwear,54.0,indiana,xl,pink,spring,4.9,True,debit_card,standard,True,True,19.0,venmo,bi-weekly,1.0,646,2026-04-25 09:50:22.623131
648.0,54.0,male,blouse,clothing,70.0,mississippi,xl,charcoal,summer,3.7,True,bank_transfer,express,True,True,23.0,credit_card,fortnightly,1.0,647,2026-04-25 09:50:22.623131
649.0,22.0,male,hoodie,clothing,31.0,michigan,m,brown,winter,4.1,True,bank_transfer,store_pickup,True,True,35.0,credit_card,weekly,1.0,648,2026-04-25 09:50:22.623131
650.0,53.0,male,pants,clothing,93.0,delaware,l,orange,spring,4.2,True,credit_card,store_pickup,True,True,33.0,paypal,every_3_months,1.0,649,2026-04-25 09:50:22.623131
651.0,34.0,male,gloves,accessories,40.0,florida,m,magenta,spring,3.9,True,venmo,next_day_air,True,True,12.0,bank_transfer,annually,1.0,650,2026-04-25 09:50:22.623131
652.0,32.0,male,hat,accessories,32.0,arkansas,l,yellow,summer,2.9,True,paypal,next_day_air,True,True,41.0,venmo,fortnightly,1.0,651,2026-04-25 09:50:22.623131
653.0,64.0,male,sunglasses,accessories,27.0,minnesota,m,beige,winter,3.1,True,paypal,free_shipping,True,True,27.0,venmo,weekly,1.0,652,2026-04-25 09:50:22.623131
654.0,20.0,male,scarf,accessories,68.0,north_dakota,m,olive,winter,3.6,True,credit_card,2-day_shipping,True,True,45.0,cash,fortnightly,1.0,653,2026-04-25 09:50:22.623131
655.0,24.0,male,handbag,accessories,59.0,california,l,gray,summer,4.4,True,bank_transfer,2-day_shipping,True,True,23.0,venmo,annually,1.0,654,2026-04-25 09:50:22.623131
656.0,20.0,male,handbag,accessories,36.0,mississippi,s,purple,fall,3.1,True,debit_card,free_shipping,True,True,19.0,venmo,monthly,1.0,655,2026-04-25 09:50:22.623131
657.0,42.0,male,jeans,clothing,23.0,pennsylvania,m,beige,summer,3.9,True,debit_card,standard,True,True,6.0,paypal,quarterly,1.0,656,2026-04-25 09:50:22.623131
658.0,48.0,male,jacket,outerwear,80.0,arizona,m,white,winter,4.3,True,paypal,free_shipping,True,True,6.0,paypal,quarterly,1.0,657,2026-04-25 09:50:22.623131
659.0,62.0,male,backpack,accessories,37.0,louisiana,s,white,fall,4.9,True,debit_card,store_pickup,True,True,20.0,venmo,weekly,1.0,658,2026-04-25 09:50:22.623131
660.0,62.0,male,shorts,clothing,52.0,virginia,s,gold,spring,3.6,True,debit_card,2-day_shipping,True,True,8.0,cash,weekly,1.0,659,2026-04-25 09:50:22.623131
661.0,50.0,male,coat,outerwear,79.0,montana,m,olive,fall,5.0,True,debit_card,2-day_shipping,True,True,39.0,credit_card,quarterly,1.0,660,2026-04-25 09:50:22.623131
662.0,57.0,male,shirt,clothing,68.0,iowa,xl,green,fall,4.1,True,cash,store_pickup,True,True,39.0,credit_card,quarterly,1.0,661,2026-04-25 09:50:22.623131
663.0,24.0,male,gloves,accessories,98.0,illinois,l,magenta,fall,2.8,True,debit_card,express,True,True,39.0,venmo,bi-weekly,1.0,662,2026-04-25 09:50:22.623131
664.0,59.0,male,dress,clothing,83.0,alaska,m,charcoal,fall,4.7,True,cash,express,True,True,23.0,credit_card,monthly,1.0,663,2026-04-25 09:50:22.623131
665.0,63.0,male,pants,clothing,83.0,colorado,m,indigo,winter,4.4,True,cash,express,True,True,41.0,paypal,bi-weekly,1.0,664,2026-04-25 09:50:22.623131
666.0,41.0,male,pants,clothing,55.0,new_mexico,m,peach,spring,4.9,True,cash,2-day_shipping,True,True,50.0,credit_card,annually,1.0,665,2026-04-25 09:50:22.623131
667.0,35.0,male,hoodie,clothing,26.0,colorado,l,turquoise,winter,3.1,True,cash,free_shipping,True,True,30.0,debit_card,quarterly,1.0,666,2026-04-25 09:50:22.623131
668.0,34.0,male,sunglasses,accessories,76.0,arizona,s,blue,winter,2.6,True,debit_card,standard,True,True,32.0,bank_transfer,quarterly,1.0,667,2026-04-25 09:50:22.623131
669.0,49.0,male,t-shirt,clothing,85.0,hawaii,s,turquoise,fall,2.9,True,credit_card,express,True,True,35.0,bank_transfer,monthly,1.0,668,2026-04-25 09:50:22.623131
670.0,43.0,male,jacket,outerwear,89.0,illinois,m,gray,spring,3.3,True,paypal,free_shipping,True,True,45.0,venmo,bi-weekly,1.0,669,2026-04-25 09:50:22.623131
671.0,63.0,male,sweater,clothing,41.0,louisiana,xl,purple,spring,4.8,True,credit_card,next_day_air,True,True,37.0,cash,bi-weekly,1.0,670,2026-04-25 09:50:22.623131
672.0,38.0,male,jacket,outerwear,30.0,iowa,l,black,winter,4.7,True,paypal,express,True,True,45.0,cash,weekly,1.0,671,2026-04-25 09:50:22.623131
673.0,59.0,male,socks,clothing,53.0,washington,m,peach,winter,3.3,True,cash,2-day_shipping,True,True,29.0,cash,quarterly,1.0,672,2026-04-25 09:50:22.623131
674.0,35.0,male,shirt,clothing,66.0,oklahoma,m,indigo,spring,4.2,True,cash,free_shipping,True,True,27.0,venmo,bi-weekly,1.0,673,2026-04-25 09:50:22.623131
675.0,48.0,male,jewelry,accessories,33.0,washington,xl,beige,winter,4.7,True,venmo,store_pickup,True,True,36.0,bank_transfer,annually,1.0,674,2026-04-25 09:50:22.623131
676.0,64.0,male,sunglasses,accessories,86.0,arkansas,m,yellow,spring,2.6,True,credit_card,2-day_shipping,True,True,9.0,cash,annually,1.0,675,2026-04-25 09:50:22.623131
677.0,28.0,male,pants,clothing,60.0,connecticut,m,peach,winter,2.9,True,debit_card,2-day_shipping,True,True,38.0,venmo,bi-weekly,1.0,676,2026-04-25 09:50:22.623131
678.0,60.0,male,socks,clothing,62.0,washington,s,turquoise,summer,2.7,True,paypal,express,True,True,41.0,paypal,annually,1.0,677,2026-04-25 09:50:22.623131
679.0,27.0,male,blouse,clothing,74.0,maine,m,teal,fall,3.3,True,credit_card,store_pickup,True,True,25.0,debit_card,every_3_months,1.0,678,2026-04-25 09:50:22.623131
680.0,56.0,male,sandals,footwear,95.0,michigan,m,turquoise,fall,3.4,True,paypal,express,True,True,37.0,venmo,fortnightly,1.0,679,2026-04-25 09:50:22.623131
681.0,58.0,male,sneakers,footwear,25.0,tennessee,m,magenta,spring,4.2,True,venmo,express,True,True,3.0,paypal,annually,1.0,680,2026-04-25 09:50:22.623131
682.0,30.0,male,shirt,clothing,59.0,louisiana,xl,purple,winter,3.8,True,paypal,2-day_shipping,True,True,24.0,credit_card,every_3_months,1.0,681,2026-04-25 09:50:22.623131
683.0,23.0,male,jacket,outerwear,29.0,missouri,m,brown,summer,4.0,True,debit_card,standard,True,True,49.0,credit_card,bi-weekly,1.0,682,2026-04-25 09:50:22.623131
684.0,33.0,male,sandals,footwear,36.0,michigan,s,violet,winter,2.7,True,venmo,free_shipping,True,True,3.0,bank_transfer,monthly,1.0,683,2026-04-25 09:50:22.623131
685.0,63.0,male,hat,accessories,82.0,alabama,m,yellow,summer,4.7,True,bank_transfer,express,True,True,42.0,debit_card,monthly,1.0,684,2026-04-25 09:50:22.623131
686.0,70.0,male,blouse,clothing,71.0,massachusetts,xl,magenta,winter,3.5,True,credit_card,standard,True,True,32.0,cash,fortnightly,1.0,685,2026-04-25 09:50:22.623131
687.0,70.0,male,sweater,clothing,35.0,indiana,l,beige,fall,3.0,True,paypal,2-day_shipping,True,True,33.0,venmo,fortnightly,1.0,686,2026-04-25 09:50:22.623131
688.0,19.0,male,gloves,accessories,38.0,west_virginia,xl,turquoise,winter,3.3,True,cash,free_shipping,True,True,46.0,bank_transfer,quarterly,1.0,687,2026-04-25 09:50:22.623131
689.0,25.0,male,scarf,accessories,59.0,michigan,s,peach,summer,4.7,True,cash,store_pickup,True,True,44.0,venmo,monthly,1.0,688,2026-04-25 09:50:22.623131
690.0,19.0,male,hoodie,clothing,91.0,pennsylvania,m,orange,summer,4.7,True,cash,express,True,True,35.0,credit_card,every_3_months,1.0,689,2026-04-25 09:50:22.623131
691.0,25.0,male,shorts,clothing,68.0,alaska,xl,red,spring,4.8,True,bank_transfer,standard,True,True,45.0,bank_transfer,weekly,1.0,690,2026-04-25 09:50:22.623131
692.0,60.0,male,backpack,accessories,21.0,massachusetts,l,silver,summer,2.9,True,credit_card,standard,True,True,37.0,paypal,bi-weekly,1.0,691,2026-04-25 09:50:22.623131
693.0,35.0,male,sunglasses,accessories,95.0,north_dakota,m,cyan,spring,4.0,True,venmo,2-day_shipping,True,True,40.0,debit_card,every_3_months,1.0,692,2026-04-25 09:50:22.623131
694.0,46.0,male,shorts,clothing,52.0,vermont,l,turquoise,spring,3.1,True,credit_card,free_shipping,True,True,30.0,cash,every_3_months,1.0,693,2026-04-25 09:50:22.623131
695.0,41.0,male,dress,clothing,21.0,kentucky,s,charcoal,fall,3.5,True,venmo,2-day_shipping,True,True,38.0,venmo,every_3_months,1.0,694,2026-04-25 09:50:22.623131
696.0,30.0,male,shorts,clothing,67.0,nevada,xl,peach,summer,3.7,True,bank_transfer,next_day_air,True,True,15.0,debit_card,every_3_months,1.0,695,2026-04-25 09:50:22.623131
697.0,44.0,male,belt,accessories,42.0,utah,l,green,fall,2.8,True,bank_transfer,standard,True,True,49.0,cash,monthly,1.0,696,2026-04-25 09:50:22.623131
698.0,61.0,male,scarf,accessories,63.0,north_dakota,xl,brown,summer,4.6,True,bank_transfer,free_shipping,True,True,40.0,debit_card,quarterly,1.0,697,2026-04-25 09:50:22.623131
699.0,55.0,male,boots,footwear,41.0,iowa,m,yellow,winter,3.8,True,paypal,standard,True,True,40.0,debit_card,weekly,1.0,698,2026-04-25 09:50:22.623131
700.0,50.0,male,handbag,accessories,46.0,connecticut,m,charcoal,fall,2.6,True,bank_transfer,2-day_shipping,True,True,5.0,paypal,weekly,1.0,699,2026-04-25 09:50:22.623131
701.0,57.0,male,pants,clothing,79.0,wisconsin,l,olive,winter,4.1,True,venmo,standard,True,True,5.0,paypal,monthly,1.0,700,2026-04-25 09:50:22.623131
702.0,51.0,male,boots,footwear,90.0,idaho,l,red,fall,3.3,True,cash,next_day_air,True,True,5.0,debit_card,every_3_months,1.0,701,2026-04-25 09:50:22.623131
703.0,18.0,male,shirt,clothing,71.0,montana,m,white,winter,3.4,True,bank_transfer,store_pickup,True,True,1.0,cash,weekly,1.0,702,2026-04-25 09:50:22.623131
704.0,63.0,male,dress,clothing,87.0,connecticut,l,pink,summer,3.0,True,debit_card,standard,True,True,21.0,venmo,weekly,1.0,703,2026-04-25 09:50:22.623131
705.0,34.0,male,hoodie,clothing,66.0,idaho,s,black,spring,3.2,True,venmo,express,True,True,18.0,paypal,annually,1.0,704,2026-04-25 09:50:22.623131
706.0,25.0,male,pants,clothing,90.0,arkansas,xl,indigo,summer,4.5,True,paypal,free_shipping,True,True,49.0,cash,quarterly,1.0,705,2026-04-25 09:50:22.623131
707.0,46.0,male,jeans,clothing,47.0,iowa,l,turquoise,summer,4.8,True,venmo,express,True,True,27.0,debit_card,weekly,1.0,706,2026-04-25 09:50:22.623131
708.0,59.0,male,shirt,clothing,38.0,louisiana,l,purple,spring,3.7,True,debit_card,next_day_air,True,True,21.0,venmo,annually,1.0,707,2026-04-25 09:50:22.623131
709.0,37.0,male,backpack,accessories,50.0,kentucky,l,beige,summer,3.4,True,cash,store_pickup,True,True,19.0,cash,fortnightly,1.0,708,2026-04-25 09:50:22.623131
710.0,49.0,male,jacket,outerwear,79.0,massachusetts,l,charcoal,summer,4.6,True,debit_card,standard,True,True,23.0,debit_card,monthly,1.0,709,2026-04-25 09:50:22.623131
711.0,22.0,male,scarf,accessories,91.0,virginia,l,turquoise,spring,4.1,True,bank_transfer,standard,True,True,26.0,paypal,fortnightly,1.0,710,2026-04-25 09:50:22.623131
712.0,64.0,male,boots,footwear,60.0,new_hampshire,m,maroon,spring,3.5,True,paypal,2-day_shipping,True,True,13.0,bank_transfer,bi-weekly,1.0,711,2026-04-25 09:50:22.623131
713.0,42.0,male,blouse,clothing,81.0,new_hampshire,xl,black,summer,3.8,True,credit_card,next_day_air,True,True,36.0,bank_transfer,quarterly,1.0,712,2026-04-25 09:50:22.623131
714.0,37.0,male,hoodie,clothing,90.0,oregon,m,lavender,summer,2.6,True,bank_transfer,express,True,True,39.0,bank_transfer,bi-weekly,1.0,713,2026-04-25 09:50:22.623131
715.0,26.0,male,jacket,outerwear,70.0,south_dakota,m,magenta,fall,4.4,True,venmo,store_pickup,True,True,40.0,debit_card,fortnightly,1.0,714,2026-04-25 09:50:22.623131
716.0,33.0,male,jeans,clothing,63.0,delaware,l,green,spring,2.6,True,venmo,express,True,True,37.0,debit_card,quarterly,1.0,715,2026-04-25 09:50:22.623131
717.0,30.0,male,jewelry,accessories,29.0,missouri,m,olive,spring,3.6,True,paypal,express,True,True,9.0,venmo,bi-weekly,1.0,716,2026-04-25 09:50:22.623131
718.0,21.0,male,socks,clothing,90.0,alaska,l,green,spring,4.2,True,debit_card,express,True,True,7.0,venmo,every_3_months,1.0,717,2026-04-25 09:50:22.623131
719.0,22.0,male,shirt,clothing,22.0,florida,m,peach,summer,4.6,True,bank_transfer,standard,True,True,25.0,bank_transfer,annually,1.0,718,2026-04-25 09:50:22.623131
720.0,63.0,male,shorts,clothing,22.0,mississippi,l,turquoise,summer,3.3,True,venmo,next_day_air,True,True,42.0,venmo,bi-weekly,1.0,719,2026-04-25 09:50:22.623131
721.0,33.0,male,jewelry,accessories,62.0,new_mexico,l,orange,fall,3.4,True,bank_transfer,free_shipping,True,True,19.0,debit_card,weekly,1.0,720,2026-04-25 09:50:22.623131
722.0,43.0,male,blouse,clothing,57.0,california,l,silver,summer,4.4,True,debit_card,next_day_air,True,True,41.0,debit_card,every_3_months,1.0,721,2026-04-25 09:50:22.623131
723.0,27.0,male,sweater,clothing,32.0,wyoming,s,blue,summer,4.3,True,paypal,store_pickup,True,True,50.0,cash,bi-weekly,1.0,722,2026-04-25 09:50:22.623131
724.0,35.0,male,jewelry,accessories,53.0,missouri,l,cyan,fall,3.5,True,cash,express,True,True,43.0,paypal,monthly,1.0,723,2026-04-25 09:50:22.623131
725.0,37.0,male,t-shirt,clothing,79.0,new_hampshire,xl,green,fall,4.7,True,cash,store_pickup,True,True,36.0,venmo,every_3_months,1.0,724,2026-04-25 09:50:22.623131
726.0,61.0,male,hat,accessories,61.0,texas,l,silver,winter,3.1,True,cash,standard,True,True,33.0,debit_card,fortnightly,1.0,725,2026-04-25 09:50:22.623131
727.0,32.0,male,shorts,clothing,78.0,north_dakota,l,yellow,summer,3.6,True,paypal,next_day_air,True,True,20.0,bank_transfer,every_3_months,1.0,726,2026-04-25 09:50:22.623131
728.0,62.0,male,sweater,clothing,97.0,arkansas,s,gray,winter,4.8,True,credit_card,next_day_air,True,True,37.0,venmo,every_3_months,1.0,727,2026-04-25 09:50:22.623131
729.0,29.0,male,jeans,clothing,78.0,nebraska,m,pink,winter,3.7,True,debit_card,next_day_air,True,True,12.0,paypal,every_3_months,1.0,728,2026-04-25 09:50:22.623131
730.0,41.0,male,sunglasses,accessories,56.0,minnesota,l,beige,summer,3.2,True,venmo,express,True,True,46.0,paypal,every_3_months,1.0,729,2026-04-25 09:50:22.623131
731.0,48.0,male,boots,footwear,25.0,massachusetts,m,indigo,summer,3.9,True,venmo,standard,True,True,28.0,venmo,fortnightly,1.0,730,2026-04-25 09:50:22.623131
732.0,43.0,male,coat,outerwear,28.0,arkansas,m,red,spring,3.5,True,credit_card,free_shipping,True,True,30.0,paypal,fortnightly,1.0,731,2026-04-25 09:50:22.623131
733.0,34.0,male,shirt,clothing,57.0,new_hampshire,l,blue,spring,2.8,True,cash,express,True,True,28.0,cash,bi-weekly,1.0,732,2026-04-25 09:50:22.623131
734.0,45.0,male,dress,clothing,36.0,rhode_island,l,cyan,fall,2.7,True,cash,2-day_shipping,True,True,20.0,debit_card,bi-weekly,1.0,733,2026-04-25 09:50:22.623131
735.0,65.0,male,shirt,clothing,69.0,new_jersey,s,violet,winter,3.1,True,venmo,express,True,True,39.0,bank_transfer,every_3_months,1.0,734,2026-04-25 09:50:22.623131
736.0,61.0,male,sunglasses,accessories,48.0,montana,m,orange,fall,3.6,True,venmo,2-day_shipping,True,True,48.0,cash,bi-weekly,1.0,735,2026-04-25 09:50:22.623131
737.0,18.0,male,dress,clothing,58.0,colorado,l,maroon,spring,2.9,True,debit_card,2-day_shipping,True,True,32.0,credit_card,every_3_months,1.0,736,2026-04-25 09:50:22.623131
738.0,47.0,male,sunglasses,accessories,24.0,nebraska,m,teal,spring,3.6,True,paypal,store_pickup,True,True,28.0,paypal,annually,1.0,737,2026-04-25 09:50:22.623131
739.0,56.0,male,sunglasses,accessories,31.0,minnesota,l,orange,winter,3.5,True,credit_card,2-day_shipping,True,True,27.0,venmo,quarterly,1.0,738,2026-04-25 09:50:22.623131
740.0,64.0,male,shorts,clothing,29.0,minnesota,s,purple,summer,3.5,True,cash,free_shipping,True,True,26.0,venmo,bi-weekly,1.0,739,2026-04-25 09:50:22.623131
741.0,26.0,male,jeans,clothing,69.0,south_dakota,m,orange,summer,2.8,True,bank_transfer,next_day_air,True,True,22.0,credit_card,fortnightly,1.0,740,2026-04-25 09:50:22.623131
742.0,22.0,male,t-shirt,clothing,79.0,west_virginia,xl,yellow,summer,4.7,True,debit_card,free_shipping,True,True,23.0,bank_transfer,every_3_months,1.0,741,2026-04-25 09:50:22.623131
743.0,64.0,male,pants,clothing,39.0,nevada,m,charcoal,summer,3.1,True,debit_card,express,True,True,21.0,debit_card,quarterly,1.0,742,2026-04-25 09:50:22.623131
744.0,21.0,male,sunglasses,accessories,84.0,north_carolina,l,gray,fall,4.9,True,paypal,free_shipping,True,True,36.0,cash,weekly,1.0,743,2026-04-25 09:50:22.623131
745.0,67.0,male,boots,footwear,66.0,illinois,s,charcoal,spring,4.1,True,debit_card,next_day_air,True,True,42.0,debit_card,bi-weekly,1.0,744,2026-04-25 09:50:22.623131
746.0,46.0,male,t-shirt,clothing,92.0,michigan,l,orange,fall,4.7,True,credit_card,standard,True,True,4.0,venmo,monthly,1.0,745,2026-04-25 09:50:22.623131
747.0,40.0,male,sandals,footwear,45.0,michigan,m,red,winter,2.5,True,debit_card,free_shipping,True,True,47.0,credit_card,annually,1.0,746,2026-04-25 09:50:22.623131
748.0,51.0,male,shorts,clothing,74.0,oklahoma,l,gold,spring,4.4,True,venmo,next_day_air,True,True,13.0,bank_transfer,weekly,1.0,747,2026-04-25 09:50:22.623131
749.0,35.0,male,hat,accessories,39.0,south_dakota,l,brown,fall,3.9,True,bank_transfer,free_shipping,True,True,8.0,bank_transfer,quarterly,1.0,748,2026-04-25 09:50:22.623131
750.0,56.0,male,scarf,accessories,71.0,oklahoma,m,olive,winter,3.7,True,bank_transfer,standard,True,True,11.0,debit_card,quarterly,1.0,749,2026-04-25 09:50:22.623131
751.0,25.0,male,t-shirt,clothing,95.0,maryland,l,violet,fall,3.4,True,bank_transfer,free_shipping,True,True,5.0,venmo,annually,1.0,750,2026-04-25 09:50:22.623131
752.0,65.0,male,gloves,accessories,72.0,ohio,l,indigo,fall,4.8,True,credit_card,free_shipping,True,True,1.0,credit_card,monthly,1.0,751,2026-04-25 09:50:22.623131
753.0,39.0,male,scarf,accessories,85.0,ohio,l,yellow,fall,4.2,True,cash,2-day_shipping,True,True,17.0,paypal,every_3_months,1.0,752,2026-04-25 09:50:22.623131
754.0,47.0,male,boots,footwear,54.0,massachusetts,m,teal,fall,3.4,True,credit_card,store_pickup,True,True,27.0,venmo,quarterly,1.0,753,2026-04-25 09:50:22.623131
755.0,36.0,male,gloves,accessories,41.0,north_carolina,l,pink,spring,2.9,True,cash,store_pickup,True,True,3.0,debit_card,quarterly,1.0,754,2026-04-25 09:50:22.623131
756.0,66.0,male,coat,outerwear,24.0,florida,m,violet,spring,3.3,True,venmo,free_shipping,True,True,22.0,paypal,weekly,1.0,755,2026-04-25 09:50:22.623131
757.0,62.0,male,belt,accessories,99.0,montana,s,orange,summer,4.8,True,cash,standard,True,True,24.0,cash,fortnightly,1.0,756,2026-04-25 09:50:22.623131
758.0,41.0,male,hoodie,clothing,32.0,minnesota,m,red,fall,3.8,True,debit_card,store_pickup,True,True,18.0,debit_card,quarterly,1.0,757,2026-04-25 09:50:22.623131
759.0,66.0,male,shoes,footwear,71.0,massachusetts,l,peach,summer,4.6,True,bank_transfer,2-day_shipping,True,True,39.0,bank_transfer,every_3_months,1.0,758,2026-04-25 09:50:22.623131
760.0,51.0,male,dress,clothing,49.0,rhode_island,xl,green,winter,2.6,True,bank_transfer,next_day_air,True,True,25.0,credit_card,fortnightly,1.0,759,2026-04-25 09:50:22.623131
761.0,33.0,male,gloves,accessories,50.0,minnesota,xl,violet,fall,3.4,True,credit_card,free_shipping,True,True,6.0,cash,annually,1.0,760,2026-04-25 09:50:22.623131
762.0,57.0,male,jewelry,accessories,91.0,nevada,l,yellow,fall,4.2,True,credit_card,express,True,True,26.0,bank_transfer,weekly,1.0,761,2026-04-25 09:50:22.623131
763.0,45.0,male,belt,accessories,46.0,new_mexico,m,pink,fall,3.9,True,credit_card,standard,True,True,43.0,debit_card,fortnightly,1.0,762,2026-04-25 09:50:22.623131
764.0,61.0,male,sweater,clothing,50.0,north_carolina,m,brown,spring,2.9,True,debit_card,2-day_shipping,True,True,6.0,credit_card,monthly,1.0,763,2026-04-25 09:50:22.623131
765.0,55.0,male,skirt,clothing,39.0,virginia,xl,silver,fall,4.2,True,bank_transfer,free_shipping,True,True,6.0,debit_card,quarterly,1.0,764,2026-04-25 09:50:22.623131
766.0,54.0,male,sneakers,footwear,99.0,alaska,m,pink,summer,3.0,True,bank_transfer,store_pickup,True,True,13.0,cash,quarterly,1.0,765,2026-04-25 09:50:22.623131
767.0,57.0,male,gloves,accessories,48.0,nevada,m,cyan,winter,3.6,True,paypal,next_day_air,True,True,13.0,paypal,monthly,1.0,766,2026-04-25 09:50:22.623131
768.0,27.0,male,coat,outerwear,77.0,pennsylvania,m,brown,fall,2.5,True,cash,next_day_air,True,True,11.0,cash,annually,1.0,767,2026-04-25 09:50:22.623131
769.0,64.0,male,backpack,accessories,95.0,illinois,xl,red,spring,2.6,True,paypal,express,True,True,45.0,venmo,weekly,1.0,768,2026-04-25 09:50:22.623131
770.0,52.0,male,socks,clothing,100.0,delaware,m,silver,spring,4.3,True,credit_card,store_pickup,True,True,8.0,paypal,monthly,1.0,769,2026-04-25 09:50:22.623131
771.0,19.0,male,sneakers,footwear,54.0,vermont,m,gray,spring,3.3,True,venmo,express,True,True,8.0,credit_card,annually,1.0,770,2026-04-25 09:50:22.623131
772.0,22.0,male,sweater,clothing,68.0,hawaii,l,cyan,fall,2.6,True,credit_card,next_day_air,True,True,34.0,bank_transfer,fortnightly,1.0,771,2026-04-25 09:50:22.623131
773.0,18.0,male,jeans,clothing,22.0,illinois,l,teal,fall,3.6,True,cash,free_shipping,True,True,40.0,debit_card,bi-weekly,1.0,772,2026-04-25 09:50:22.623131
774.0,29.0,male,hat,accessories,84.0,california,l,indigo,winter,2.6,True,venmo,express,True,True,14.0,debit_card,bi-weekly,1.0,773,2026-04-25 09:50:22.623131
775.0,42.0,male,hat,accessories,46.0,nevada,m,yellow,summer,3.5,True,credit_card,standard,True,True,11.0,credit_card,quarterly,1.0,774,2026-04-25 09:50:22.623131
776.0,49.0,male,handbag,accessories,53.0,kentucky,s,gold,winter,3.0,True,paypal,store_pickup,True,True,8.0,paypal,monthly,1.0,775,2026-04-25 09:50:22.623131
777.0,49.0,male,shirt,clothing,60.0,alabama,m,maroon,spring,5.0,True,paypal,standard,True,True,8.0,venmo,every_3_months,1.0,776,2026-04-25 09:50:22.623131
778.0,55.0,male,socks,clothing,32.0,wyoming,xl,silver,spring,2.5,True,credit_card,express,True,True,37.0,venmo,weekly,1.0,777,2026-04-25 09:50:22.623131
779.0,29.0,male,socks,clothing,50.0,massachusetts,m,yellow,summer,2.9,True,cash,store_pickup,True,True,23.0,debit_card,annually,1.0,778,2026-04-25 09:50:22.623131
780.0,60.0,male,dress,clothing,94.0,utah,m,blue,spring,4.6,True,credit_card,express,True,True,38.0,cash,annually,1.0,779,2026-04-25 09:50:22.623131
781.0,34.0,male,shoes,footwear,26.0,new_york,m,turquoise,spring,3.6,True,venmo,free_shipping,True,True,38.0,cash,quarterly,1.0,780,2026-04-25 09:50:22.623131
782.0,30.0,male,scarf,accessories,44.0,vermont,l,indigo,winter,3.0,True,paypal,store_pickup,True,True,12.0,credit_card,fortnightly,1.0,781,2026-04-25 09:50:22.623131
783.0,28.0,male,hoodie,clothing,57.0,hawaii,m,green,summer,4.5,True,paypal,standard,True,True,15.0,cash,weekly,1.0,782,2026-04-25 09:50:22.623131
784.0,63.0,male,t-shirt,clothing,65.0,louisiana,l,purple,winter,4.5,True,debit_card,next_day_air,True,True,38.0,paypal,fortnightly,1.0,783,2026-04-25 09:50:22.623131
785.0,31.0,male,jeans,clothing,72.0,alabama,m,peach,winter,3.2,True,debit_card,store_pickup,True,True,41.0,bank_transfer,every_3_months,1.0,784,2026-04-25 09:50:22.623131
786.0,46.0,male,shorts,clothing,62.0,louisiana,s,purple,spring,4.0,True,bank_transfer,next_day_air,True,True,37.0,paypal,fortnightly,1.0,785,2026-04-25 09:50:22.623131
787.0,70.0,male,hat,accessories,21.0,indiana,s,teal,winter,4.8,True,credit_card,express,True,True,16.0,bank_transfer,every_3_months,1.0,786,2026-04-25 09:50:22.623131
788.0,53.0,male,handbag,accessories,85.0,michigan,s,green,spring,3.7,True,bank_transfer,free_shipping,True,True,25.0,venmo,weekly,1.0,787,2026-04-25 09:50:22.623131
789.0,50.0,male,pants,clothing,51.0,rhode_island,xl,yellow,summer,3.8,True,venmo,store_pickup,True,True,18.0,bank_transfer,quarterly,1.0,788,2026-04-25 09:50:22.623131
790.0,33.0,male,handbag,accessories,84.0,idaho,s,purple,fall,2.7,True,venmo,standard,True,True,4.0,credit_card,bi-weekly,1.0,789,2026-04-25 09:50:22.623131
791.0,22.0,male,sweater,clothing,37.0,louisiana,m,indigo,summer,4.9,True,venmo,store_pickup,True,True,12.0,bank_transfer,quarterly,1.0,790,2026-04-25 09:50:22.623131
792.0,50.0,male,scarf,accessories,44.0,north_carolina,s,magenta,summer,3.1,True,credit_card,2-day_shipping,True,True,35.0,paypal,fortnightly,1.0,791,2026-04-25 09:50:22.623131
793.0,34.0,male,sneakers,footwear,45.0,new_jersey,m,violet,spring,4.2,True,venmo,next_day_air,True,True,45.0,venmo,weekly,1.0,792,2026-04-25 09:50:22.623131
794.0,24.0,male,pants,clothing,35.0,alabama,l,maroon,summer,3.8,True,cash,free_shipping,True,True,16.0,credit_card,monthly,1.0,793,2026-04-25 09:50:22.623131
795.0,69.0,male,backpack,accessories,50.0,kentucky,xl,yellow,winter,4.2,True,bank_transfer,store_pickup,True,True,10.0,debit_card,fortnightly,1.0,794,2026-04-25 09:50:22.623131
796.0,39.0,male,sandals,footwear,26.0,new_york,m,beige,summer,4.6,True,cash,store_pickup,True,True,34.0,venmo,annually,1.0,795,2026-04-25 09:50:22.623131
797.0,42.0,male,socks,clothing,78.0,arizona,xl,black,fall,4.0,True,debit_card,2-day_shipping,True,True,43.0,credit_card,annually,1.0,796,2026-04-25 09:50:22.623131
798.0,42.0,male,coat,outerwear,82.0,maryland,m,violet,fall,4.0,True,cash,2-day_shipping,True,True,38.0,debit_card,weekly,1.0,797,2026-04-25 09:50:22.623131
799.0,29.0,male,socks,clothing,39.0,alaska,m,violet,spring,3.8,True,cash,2-day_shipping,True,True,48.0,paypal,every_3_months,1.0,798,2026-04-25 09:50:22.623131
800.0,55.0,male,belt,accessories,55.0,nevada,l,brown,summer,3.3,True,venmo,free_shipping,True,True,31.0,paypal,annually,1.0,799,2026-04-25 09:50:22.623131
801.0,32.0,male,socks,clothing,20.0,utah,s,gold,summer,2.6,True,credit_card,free_shipping,True,True,20.0,cash,every_3_months,1.0,800,2026-04-25 09:50:22.623131
802.0,25.0,male,belt,accessories,29.0,new_mexico,l,blue,fall,4.9,True,credit_card,express,True,True,12.0,credit_card,fortnightly,1.0,801,2026-04-25 09:50:22.623131
803.0,38.0,male,pants,clothing,41.0,delaware,m,teal,winter,3.5,True,venmo,next_day_air,True,True,2.0,bank_transfer,weekly,1.0,802,2026-04-25 09:50:22.623131
804.0,32.0,male,shorts,clothing,38.0,connecticut,l,silver,winter,2.8,True,credit_card,express,True,True,30.0,venmo,every_3_months,1.0,803,2026-04-25 09:50:22.623131
805.0,43.0,male,boots,footwear,47.0,mississippi,m,maroon,summer,2.6,True,cash,store_pickup,True,True,28.0,venmo,quarterly,1.0,804,2026-04-25 09:50:22.623131
806.0,41.0,male,dress,clothing,30.0,connecticut,l,white,summer,3.7,True,venmo,next_day_air,True,True,40.0,debit_card,monthly,1.0,805,2026-04-25 09:50:22.623131
807.0,56.0,male,jeans,clothing,56.0,florida,l,charcoal,summer,2.7,True,credit_card,standard,True,True,46.0,paypal,quarterly,1.0,806,2026-04-25 09:50:22.623131
808.0,27.0,male,t-shirt,clothing,89.0,new_york,s,brown,winter,3.3,True,bank_transfer,express,True,True,15.0,credit_card,weekly,1.0,807,2026-04-25 09:50:22.623131
809.0,46.0,male,shoes,footwear,96.0,wisconsin,l,lavender,fall,4.6,True,paypal,next_day_air,True,True,38.0,cash,every_3_months,1.0,808,2026-04-25 09:50:22.623131
810.0,48.0,male,boots,footwear,81.0,south_carolina,m,violet,fall,4.9,True,paypal,next_day_air,True,True,30.0,paypal,bi-weekly,1.0,809,2026-04-25 09:50:22.623131
811.0,52.0,male,scarf,accessories,83.0,south_dakota,s,lavender,fall,4.9,True,debit_card,store_pickup,True,True,32.0,debit_card,bi-weekly,1.0,810,2026-04-25 09:50:22.623131
812.0,18.0,male,sneakers,footwear,35.0,illinois,m,green,winter,2.7,True,debit_card,free_shipping,True,True,36.0,venmo,quarterly,1.0,811,2026-04-25 09:50:22.623131
813.0,64.0,male,boots,footwear,56.0,alaska,m,olive,summer,3.2,True,paypal,standard,True,True,32.0,credit_card,weekly,1.0,812,2026-04-25 09:50:22.623131
814.0,54.0,male,handbag,accessories,45.0,montana,s,olive,summer,2.9,True,credit_card,store_pickup,True,True,14.0,debit_card,annually,1.0,813,2026-04-25 09:50:22.623131
815.0,31.0,male,shirt,clothing,62.0,minnesota,m,pink,winter,3.8,True,cash,express,True,True,8.0,paypal,monthly,1.0,814,2026-04-25 09:50:22.623131
816.0,30.0,male,hat,accessories,84.0,west_virginia,l,teal,spring,3.0,True,cash,next_day_air,True,True,27.0,venmo,bi-weekly,1.0,815,2026-04-25 09:50:22.623131
817.0,26.0,male,sweater,clothing,24.0,illinois,l,cyan,summer,3.9,True,credit_card,store_pickup,True,True,24.0,debit_card,monthly,1.0,816,2026-04-25 09:50:22.623131
818.0,25.0,male,handbag,accessories,21.0,nevada,s,gray,spring,4.7,True,credit_card,store_pickup,True,True,30.0,paypal,fortnightly,1.0,817,2026-04-25 09:50:22.623131
819.0,59.0,male,shirt,clothing,91.0,idaho,m,peach,winter,4.9,True,cash,store_pickup,True,True,34.0,debit_card,monthly,1.0,818,2026-04-25 09:50:22.623131
820.0,55.0,male,sunglasses,accessories,36.0,colorado,s,teal,winter,4.8,True,bank_transfer,next_day_air,True,True,28.0,debit_card,quarterly,1.0,819,2026-04-25 09:50:22.623131
821.0,56.0,male,sneakers,footwear,39.0,louisiana,m,turquoise,spring,2.5,True,cash,2-day_shipping,True,True,27.0,debit_card,monthly,1.0,820,2026-04-25 09:50:22.623131
822.0,62.0,male,hoodie,clothing,39.0,vermont,m,green,spring,3.9,True,cash,standard,True,True,31.0,credit_card,bi-weekly,1.0,821,2026-04-25 09:50:22.623131
823.0,35.0,male,shirt,clothing,59.0,mississippi,l,magenta,winter,3.4,True,cash,standard,True,True,23.0,bank_transfer,annually,1.0,822,2026-04-25 09:50:22.623131
824.0,51.0,male,sunglasses,accessories,27.0,georgia,m,green,winter,2.5,True,paypal,free_shipping,True,True,11.0,credit_card,quarterly,1.0,823,2026-04-25 09:50:22.623131
825.0,61.0,male,blouse,clothing,94.0,georgia,m,white,spring,3.0,True,venmo,store_pickup,True,True,48.0,cash,quarterly,1.0,824,2026-04-25 09:50:22.623131
826.0,27.0,male,belt,accessories,94.0,nebraska,xl,brown,fall,3.6,True,venmo,next_day_air,True,True,17.0,cash,monthly,1.0,825,2026-04-25 09:50:22.623131
827.0,54.0,male,dress,clothing,94.0,massachusetts,m,purple,winter,3.6,True,credit_card,standard,True,True,36.0,paypal,weekly,1.0,826,2026-04-25 09:50:22.623131
828.0,31.0,male,shoes,footwear,51.0,colorado,s,green,fall,4.1,True,credit_card,free_shipping,True,True,33.0,bank_transfer,fortnightly,1.0,827,2026-04-25 09:50:22.623131
829.0,24.0,male,socks,clothing,62.0,nevada,m,peach,fall,3.7,True,bank_transfer,2-day_shipping,True,True,27.0,paypal,bi-weekly,1.0,828,2026-04-25 09:50:22.623131
830.0,42.0,male,socks,clothing,57.0,idaho,s,silver,spring,3.1,True,debit_card,2-day_shipping,True,True,14.0,credit_card,fortnightly,1.0,829,2026-04-25 09:50:22.623131
831.0,41.0,male,shorts,clothing,76.0,wyoming,m,maroon,fall,4.2,True,cash,express,True,True,5.0,credit_card,annually,1.0,830,2026-04-25 09:50:22.623131
832.0,66.0,male,gloves,accessories,63.0,washington,m,red,summer,4.3,True,debit_card,express,True,True,47.0,cash,every_3_months,1.0,831,2026-04-25 09:50:22.623131
833.0,58.0,male,jacket,outerwear,80.0,california,l,blue,fall,2.5,True,credit_card,express,True,True,28.0,cash,bi-weekly,1.0,832,2026-04-25 09:50:22.623131
834.0,43.0,male,handbag,accessories,68.0,oklahoma,m,purple,fall,3.5,True,debit_card,standard,True,True,11.0,credit_card,annually,1.0,833,2026-04-25 09:50:22.623131
835.0,52.0,male,backpack,accessories,89.0,nevada,m,indigo,summer,3.1,True,debit_card,free_shipping,True,True,18.0,credit_card,weekly,1.0,834,2026-04-25 09:50:22.623131
836.0,35.0,male,boots,footwear,26.0,maryland,l,indigo,summer,2.5,True,debit_card,next_day_air,True,True,21.0,debit_card,weekly,1.0,835,2026-04-25 09:50:22.623131
837.0,23.0,male,gloves,accessories,90.0,west_virginia,l,violet,winter,3.9,True,paypal,store_pickup,True,True,22.0,cash,bi-weekly,1.0,836,2026-04-25 09:50:22.623131
838.0,25.0,male,hoodie,clothing,28.0,illinois,l,brown,spring,4.9,True,credit_card,express,True,True,33.0,cash,every_3_months,1.0,837,2026-04-25 09:50:22.623131
839.0,33.0,male,coat,outerwear,29.0,kentucky,m,gray,spring,4.3,True,bank_transfer,express,True,True,49.0,credit_card,annually,1.0,838,2026-04-25 09:50:22.623131
840.0,48.0,male,shirt,clothing,31.0,illinois,l,teal,spring,2.6,True,cash,free_shipping,True,True,10.0,debit_card,every_3_months,1.0,839,2026-04-25 09:50:22.623131
841.0,42.0,male,shirt,clothing,24.0,alabama,l,teal,summer,4.2,True,bank_transfer,2-day_shipping,True,True,18.0,paypal,weekly,1.0,840,2026-04-25 09:50:22.623131
842.0,55.0,male,sweater,clothing,88.0,texas,m,beige,summer,2.6,True,venmo,store_pickup,True,True,28.0,paypal,fortnightly,1.0,841,2026-04-25 09:50:22.623131
843.0,59.0,male,shirt,clothing,87.0,missouri,m,violet,spring,3.6,True,venmo,express,True,True,25.0,paypal,weekly,1.0,842,2026-04-25 09:50:22.623131
844.0,65.0,male,hoodie,clothing,80.0,pennsylvania,s,beige,summer,3.2,True,cash,express,True,True,6.0,paypal,weekly,1.0,843,2026-04-25 09:50:22.623131
845.0,59.0,male,sandals,footwear,48.0,missouri,l,purple,winter,4.4,True,paypal,express,True,True,44.0,venmo,bi-weekly,1.0,844,2026-04-25 09:50:22.623131
846.0,31.0,male,belt,accessories,21.0,michigan,xl,charcoal,winter,3.7,True,paypal,standard,True,True,30.0,venmo,monthly,1.0,845,2026-04-25 09:50:22.623131
847.0,49.0,male,boots,footwear,72.0,kentucky,m,pink,spring,3.7,True,bank_transfer,express,True,True,42.0,debit_card,quarterly,1.0,846,2026-04-25 09:50:22.623131
848.0,53.0,male,hoodie,clothing,44.0,new_jersey,l,blue,fall,4.1,True,bank_transfer,standard,True,True,30.0,paypal,monthly,1.0,847,2026-04-25 09:50:22.623131
849.0,48.0,male,sandals,footwear,73.0,delaware,m,lavender,fall,3.6,True,paypal,store_pickup,True,True,33.0,credit_card,bi-weekly,1.0,848,2026-04-25 09:50:22.623131
850.0,23.0,male,jeans,clothing,61.0,missouri,s,charcoal,spring,4.3,True,debit_card,express,True,True,24.0,paypal,quarterly,1.0,849,2026-04-25 09:50:22.623131
851.0,68.0,male,shoes,footwear,20.0,connecticut,l,turquoise,winter,2.6,True,bank_transfer,store_pickup,True,True,13.0,venmo,monthly,1.0,850,2026-04-25 09:50:22.623131
852.0,35.0,male,sandals,footwear,86.0,massachusetts,m,red,summer,2.9,True,credit_card,express,True,True,19.0,debit_card,monthly,1.0,851,2026-04-25 09:50:22.623131
853.0,34.0,male,dress,clothing,60.0,florida,l,yellow,spring,4.2,True,venmo,next_day_air,True,True,23.0,debit_card,every_3_months,1.0,852,2026-04-25 09:50:22.623131
854.0,62.0,male,hat,accessories,43.0,delaware,l,orange,winter,4.0,True,paypal,free_shipping,True,True,35.0,cash,monthly,1.0,853,2026-04-25 09:50:22.623131
855.0,21.0,male,pants,clothing,44.0,california,l,blue,spring,4.3,True,bank_transfer,free_shipping,True,True,22.0,venmo,monthly,1.0,854,2026-04-25 09:50:22.623131
856.0,70.0,male,socks,clothing,76.0,oregon,l,gold,spring,3.0,True,cash,2-day_shipping,True,True,14.0,credit_card,quarterly,1.0,855,2026-04-25 09:50:22.623131
857.0,55.0,male,shirt,clothing,33.0,alaska,m,gold,summer,3.5,True,debit_card,express,True,True,47.0,debit_card,fortnightly,1.0,856,2026-04-25 09:50:22.623131
858.0,43.0,male,shorts,clothing,60.0,missouri,l,cyan,fall,3.0,True,cash,standard,True,True,50.0,debit_card,every_3_months,1.0,857,2026-04-25 09:50:22.623131
859.0,19.0,male,jacket,outerwear,26.0,oklahoma,l,olive,fall,3.1,True,paypal,free_shipping,True,True,33.0,paypal,weekly,1.0,858,2026-04-25 09:50:22.623131
860.0,47.0,male,hoodie,clothing,73.0,wisconsin,m,teal,winter,4.0,True,credit_card,next_day_air,True,True,7.0,debit_card,monthly,1.0,859,2026-04-25 09:50:22.623131
861.0,26.0,male,shoes,footwear,87.0,south_carolina,m,maroon,spring,4.1,True,debit_card,standard,True,True,3.0,cash,monthly,1.0,860,2026-04-25 09:50:22.623131
862.0,46.0,male,skirt,clothing,100.0,virginia,xl,green,spring,3.3,True,paypal,2-day_shipping,True,True,35.0,credit_card,every_3_months,1.0,861,2026-04-25 09:50:22.623131
863.0,19.0,male,coat,outerwear,84.0,arkansas,m,charcoal,winter,4.9,True,paypal,standard,True,True,13.0,paypal,fortnightly,1.0,862,2026-04-25 09:50:22.623131
864.0,49.0,male,sneakers,footwear,41.0,vermont,m,cyan,summer,3.9,True,paypal,standard,True,True,42.0,paypal,fortnightly,1.0,863,2026-04-25 09:50:22.623131
865.0,51.0,male,jeans,clothing,59.0,kentucky,s,charcoal,winter,3.9,True,paypal,next_day_air,True,True,5.0,paypal,annually,1.0,864,2026-04-25 09:50:22.623131
866.0,64.0,male,blouse,clothing,26.0,colorado,l,charcoal,winter,4.8,True,bank_transfer,store_pickup,True,True,23.0,venmo,annually,1.0,865,2026-04-25 09:50:22.623131
867.0,67.0,male,sunglasses,accessories,69.0,new_mexico,m,lavender,summer,2.7,True,credit_card,free_shipping,True,True,11.0,paypal,bi-weekly,1.0,866,2026-04-25 09:50:22.623131
868.0,37.0,male,jacket,outerwear,20.0,colorado,m,turquoise,spring,3.1,True,debit_card,free_shipping,True,True,23.0,bank_transfer,fortnightly,1.0,867,2026-04-25 09:50:22.623131
869.0,40.0,male,dress,clothing,83.0,north_carolina,m,green,summer,3.2,True,credit_card,next_day_air,True,True,2.0,credit_card,every_3_months,1.0,868,2026-04-25 09:50:22.623131
870.0,38.0,male,hat,accessories,54.0,new_hampshire,m,silver,spring,2.7,True,paypal,2-day_shipping,True,True,33.0,paypal,weekly,1.0,869,2026-04-25 09:50:22.623131
871.0,66.0,male,hoodie,clothing,66.0,west_virginia,m,blue,fall,2.5,True,cash,standard,True,True,6.0,bank_transfer,bi-weekly,1.0,870,2026-04-25 09:50:22.623131
872.0,47.0,male,handbag,accessories,42.0,hawaii,m,charcoal,spring,2.6,True,bank_transfer,next_day_air,True,True,45.0,debit_card,quarterly,1.0,871,2026-04-25 09:50:22.623131
873.0,56.0,male,jeans,clothing,33.0,north_dakota,m,pink,spring,2.9,True,cash,standard,True,True,25.0,cash,quarterly,1.0,872,2026-04-25 09:50:22.623131
874.0,51.0,male,boots,footwear,77.0,mississippi,m,pink,summer,4.2,True,paypal,free_shipping,True,True,24.0,venmo,quarterly,1.0,873,2026-04-25 09:50:22.623131
875.0,25.0,male,jacket,outerwear,65.0,maine,m,magenta,fall,4.4,True,paypal,free_shipping,True,True,10.0,venmo,every_3_months,1.0,874,2026-04-25 09:50:22.623131
876.0,37.0,male,sandals,footwear,39.0,north_dakota,l,gray,summer,4.1,True,venmo,free_shipping,True,True,7.0,bank_transfer,every_3_months,1.0,875,2026-04-25 09:50:22.623131
877.0,41.0,male,belt,accessories,51.0,nebraska,l,gray,summer,3.8,True,venmo,2-day_shipping,True,True,1.0,debit_card,weekly,1.0,876,2026-04-25 09:50:22.623131
878.0,64.0,male,handbag,accessories,65.0,nebraska,m,orange,winter,4.9,True,venmo,next_day_air,True,True,45.0,venmo,every_3_months,1.0,877,2026-04-25 09:50:22.623131
879.0,23.0,male,sunglasses,accessories,89.0,tennessee,s,black,summer,4.9,True,cash,express,True,True,37.0,debit_card,weekly,1.0,878,2026-04-25 09:50:22.623131
880.0,62.0,male,skirt,clothing,76.0,wyoming,s,lavender,spring,4.1,True,credit_card,free_shipping,True,True,14.0,paypal,quarterly,1.0,879,2026-04-25 09:50:22.623131
881.0,39.0,male,backpack,accessories,75.0,nevada,l,red,spring,3.1,True,venmo,express,True,True,25.0,debit_card,monthly,1.0,880,2026-04-25 09:50:22.623131
882.0,52.0,male,sandals,footwear,61.0,south_carolina,m,silver,summer,2.7,True,credit_card,next_day_air,True,True,18.0,venmo,annually,1.0,881,2026-04-25 09:50:22.623131
883.0,50.0,male,boots,footwear,35.0,virginia,m,cyan,fall,3.8,True,cash,next_day_air,True,True,37.0,cash,every_3_months,1.0,882,2026-04-25 09:50:22.623131
884.0,28.0,male,sneakers,footwear,37.0,pennsylvania,s,gold,fall,4.3,True,venmo,free_shipping,True,True,30.0,bank_transfer,monthly,1.0,883,2026-04-25 09:50:22.623131
885.0,67.0,male,skirt,clothing,91.0,hawaii,l,yellow,winter,4.1,True,venmo,express,True,True,34.0,bank_transfer,weekly,1.0,884,2026-04-25 09:50:22.623131
886.0,41.0,male,dress,clothing,99.0,ohio,l,purple,fall,4.4,True,credit_card,free_shipping,True,True,49.0,debit_card,every_3_months,1.0,885,2026-04-25 09:50:22.623131
887.0,19.0,male,shorts,clothing,54.0,utah,s,brown,summer,3.6,True,paypal,express,True,True,48.0,bank_transfer,monthly,1.0,886,2026-04-25 09:50:22.623131
888.0,70.0,male,handbag,accessories,47.0,minnesota,l,turquoise,winter,3.3,True,credit_card,2-day_shipping,True,True,33.0,paypal,fortnightly,1.0,887,2026-04-25 09:50:22.623131
889.0,49.0,male,scarf,accessories,77.0,new_hampshire,s,gold,spring,3.6,True,venmo,express,True,True,44.0,cash,annually,1.0,888,2026-04-25 09:50:22.623131
890.0,59.0,male,belt,accessories,84.0,arizona,s,olive,fall,2.8,True,venmo,free_shipping,True,True,50.0,venmo,weekly,1.0,889,2026-04-25 09:50:22.623131
891.0,52.0,male,gloves,accessories,51.0,new_york,s,purple,spring,4.3,True,credit_card,2-day_shipping,True,True,47.0,credit_card,monthly,1.0,890,2026-04-25 09:50:22.623131
892.0,20.0,male,skirt,clothing,26.0,pennsylvania,s,lavender,summer,3.9,True,venmo,store_pickup,True,True,24.0,paypal,every_3_months,1.0,891,2026-04-25 09:50:22.623131
893.0,31.0,male,shorts,clothing,64.0,new_mexico,l,gray,summer,2.7,True,venmo,free_shipping,True,True,43.0,debit_card,monthly,1.0,892,2026-04-25 09:50:22.623131
894.0,33.0,male,backpack,accessories,51.0,nebraska,m,red,spring,4.7,True,debit_card,express,True,True,14.0,venmo,monthly,1.0,893,2026-04-25 09:50:22.623131
895.0,44.0,male,hoodie,clothing,60.0,wyoming,l,purple,spring,3.8,True,venmo,free_shipping,True,True,3.0,debit_card,quarterly,1.0,894,2026-04-25 09:50:22.623131
896.0,40.0,male,hat,accessories,69.0,mississippi,xl,olive,spring,4.7,True,debit_card,next_day_air,True,True,33.0,debit_card,quarterly,1.0,895,2026-04-25 09:50:22.623131
897.0,69.0,male,jewelry,accessories,29.0,arkansas,m,lavender,spring,4.7,True,credit_card,express,True,True,38.0,cash,fortnightly,1.0,896,2026-04-25 09:50:22.623131
898.0,29.0,male,shirt,clothing,91.0,illinois,m,gray,spring,3.4,True,paypal,express,True,True,46.0,venmo,weekly,1.0,897,2026-04-25 09:50:22.623131
899.0,54.0,male,belt,accessories,70.0,nevada,l,red,spring,3.5,True,credit_card,2-day_shipping,True,True,19.0,bank_transfer,every_3_months,1.0,898,2026-04-25 09:50:22.623131
900.0,65.0,male,sweater,clothing,58.0,rhode_island,m,peach,summer,4.0,True,debit_card,standard,True,True,20.0,paypal,annually,1.0,899,2026-04-25 09:50:22.623131
901.0,54.0,male,hat,accessories,98.0,west_virginia,l,gray,fall,3.3,True,cash,free_shipping,True,True,42.0,bank_transfer,quarterly,1.0,900,2026-04-25 09:50:22.623131
902.0,60.0,male,scarf,accessories,68.0,missouri,l,violet,summer,4.7,True,debit_card,2-day_shipping,True,True,34.0,cash,monthly,1.0,901,2026-04-25 09:50:22.623131
903.0,43.0,male,hat,accessories,44.0,kentucky,m,beige,summer,2.8,True,debit_card,next_day_air,True,True,5.0,cash,monthly,1.0,902,2026-04-25 09:50:22.623131
904.0,44.0,male,jacket,outerwear,45.0,washington,m,blue,winter,3.3,True,bank_transfer,express,True,True,3.0,paypal,quarterly,1.0,903,2026-04-25 09:50:22.623131
905.0,69.0,male,t-shirt,clothing,99.0,alaska,l,magenta,spring,2.9,True,credit_card,free_shipping,True,True,46.0,paypal,every_3_months,1.0,904,2026-04-25 09:50:22.623131
906.0,46.0,male,dress,clothing,68.0,mississippi,s,cyan,spring,2.8,True,credit_card,standard,True,True,16.0,venmo,annually,1.0,905,2026-04-25 09:50:22.623131
907.0,41.0,male,pants,clothing,56.0,south_carolina,m,red,spring,4.2,True,debit_card,standard,True,True,21.0,debit_card,bi-weekly,1.0,906,2026-04-25 09:50:22.623131
908.0,32.0,male,sweater,clothing,43.0,missouri,l,cyan,winter,4.4,True,paypal,express,True,True,34.0,credit_card,bi-weekly,1.0,907,2026-04-25 09:50:22.623131
909.0,26.0,male,sunglasses,accessories,99.0,new_jersey,m,turquoise,winter,3.6,True,cash,free_shipping,True,True,9.0,paypal,every_3_months,1.0,908,2026-04-25 09:50:22.623131
910.0,61.0,male,belt,accessories,56.0,louisiana,l,silver,fall,2.7,True,debit_card,express,True,True,36.0,paypal,weekly,1.0,909,2026-04-25 09:50:22.623131
911.0,49.0,male,hoodie,clothing,25.0,south_carolina,s,pink,spring,3.4,True,bank_transfer,express,True,True,22.0,credit_card,monthly,1.0,910,2026-04-25 09:50:22.623131
912.0,53.0,male,pants,clothing,74.0,vermont,m,black,winter,2.8,True,cash,2-day_shipping,True,True,2.0,bank_transfer,quarterly,1.0,911,2026-04-25 09:50:22.623131
913.0,24.0,male,hoodie,clothing,56.0,arkansas,m,green,winter,3.4,True,bank_transfer,next_day_air,True,True,32.0,bank_transfer,monthly,1.0,912,2026-04-25 09:50:22.623131
914.0,37.0,male,sneakers,footwear,47.0,utah,m,yellow,fall,2.6,True,bank_transfer,next_day_air,True,True,29.0,cash,every_3_months,1.0,913,2026-04-25 09:50:22.623131
915.0,43.0,male,dress,clothing,67.0,washington,l,purple,summer,4.1,True,paypal,standard,True,True,27.0,venmo,every_3_months,1.0,914,2026-04-25 09:50:22.623131
916.0,31.0,male,dress,clothing,22.0,rhode_island,l,purple,winter,2.9,True,debit_card,store_pickup,True,True,33.0,credit_card,fortnightly,1.0,915,2026-04-25 09:50:22.623131
917.0,49.0,male,jeans,clothing,34.0,illinois,s,blue,spring,2.7,True,cash,standard,True,True,16.0,venmo,monthly,1.0,916,2026-04-25 09:50:22.623131
918.0,69.0,male,sweater,clothing,64.0,missouri,m,maroon,spring,3.7,True,debit_card,standard,True,True,11.0,bank_transfer,quarterly,1.0,917,2026-04-25 09:50:22.623131
919.0,65.0,male,shorts,clothing,42.0,north_carolina,m,orange,spring,4.3,True,cash,2-day_shipping,True,True,11.0,cash,fortnightly,1.0,918,2026-04-25 09:50:22.623131
920.0,41.0,male,shirt,clothing,82.0,massachusetts,l,green,winter,2.6,True,paypal,2-day_shipping,True,True,17.0,debit_card,bi-weekly,1.0,919,2026-04-25 09:50:22.623131
921.0,37.0,male,belt,accessories,81.0,arkansas,xl,gold,summer,4.3,True,credit_card,free_shipping,True,True,37.0,cash,weekly,1.0,920,2026-04-25 09:50:22.623131
922.0,70.0,male,coat,outerwear,24.0,south_dakota,l,silver,summer,4.1,True,venmo,express,True,True,18.0,paypal,weekly,1.0,921,2026-04-25 09:50:22.623131
923.0,63.0,male,sneakers,footwear,60.0,georgia,m,cyan,fall,4.2,True,venmo,standard,True,True,13.0,credit_card,monthly,1.0,922,2026-04-25 09:50:22.623131
924.0,55.0,male,shirt,clothing,24.0,arkansas,m,silver,spring,4.2,True,paypal,2-day_shipping,True,True,7.0,paypal,weekly,1.0,923,2026-04-25 09:50:22.623131
925.0,52.0,male,socks,clothing,78.0,kansas,xl,beige,winter,3.1,True,credit_card,standard,True,True,37.0,cash,quarterly,1.0,924,2026-04-25 09:50:22.623131
926.0,22.0,male,jeans,clothing,88.0,arizona,l,teal,winter,4.9,True,credit_card,express,True,True,8.0,cash,monthly,1.0,925,2026-04-25 09:50:22.623131
927.0,54.0,male,jeans,clothing,63.0,massachusetts,xl,green,spring,4.4,True,paypal,express,True,True,11.0,cash,bi-weekly,1.0,926,2026-04-25 09:50:22.623131
928.0,28.0,male,sneakers,footwear,78.0,new_mexico,l,black,summer,4.4,True,bank_transfer,standard,True,True,8.0,venmo,bi-weekly,1.0,927,2026-04-25 09:50:22.623131
929.0,67.0,male,dress,clothing,37.0,arkansas,xl,yellow,winter,3.4,True,bank_transfer,store_pickup,True,True,31.0,cash,every_3_months,1.0,928,2026-04-25 09:50:22.623131
930.0,59.0,male,boots,footwear,94.0,nebraska,m,white,fall,4.5,True,venmo,2-day_shipping,True,True,26.0,debit_card,fortnightly,1.0,929,2026-04-25 09:50:22.623131
931.0,26.0,male,t-shirt,clothing,78.0,hawaii,l,green,fall,4.5,True,credit_card,store_pickup,True,True,20.0,credit_card,bi-weekly,1.0,930,2026-04-25 09:50:22.623131
932.0,24.0,male,coat,outerwear,36.0,nebraska,m,silver,winter,4.1,True,cash,standard,True,True,24.0,bank_transfer,fortnightly,1.0,931,2026-04-25 09:50:22.623131
933.0,62.0,male,skirt,clothing,24.0,indiana,l,blue,winter,3.2,True,venmo,standard,True,True,45.0,debit_card,bi-weekly,1.0,932,2026-04-25 09:50:22.623131
934.0,70.0,male,sneakers,footwear,84.0,colorado,m,magenta,spring,2.7,True,debit_card,store_pickup,True,True,33.0,debit_card,monthly,1.0,933,2026-04-25 09:50:22.623131
935.0,45.0,male,jeans,clothing,47.0,oregon,s,yellow,spring,3.7,True,bank_transfer,express,True,True,21.0,bank_transfer,monthly,1.0,934,2026-04-25 09:50:22.623131
936.0,58.0,male,hoodie,clothing,51.0,ohio,l,white,fall,2.6,True,credit_card,store_pickup,True,True,2.0,bank_transfer,fortnightly,1.0,935,2026-04-25 09:50:22.623131
937.0,31.0,male,shoes,footwear,84.0,maine,m,pink,summer,2.7,True,debit_card,free_shipping,True,True,28.0,cash,weekly,1.0,936,2026-04-25 09:50:22.623131
938.0,32.0,male,shorts,clothing,24.0,iowa,m,magenta,summer,2.7,True,debit_card,express,True,True,18.0,venmo,quarterly,1.0,937,2026-04-25 09:50:22.623131
939.0,36.0,male,blouse,clothing,97.0,wisconsin,s,teal,fall,4.8,True,bank_transfer,free_shipping,True,True,21.0,debit_card,fortnightly,1.0,938,2026-04-25 09:50:22.623131
940.0,25.0,male,t-shirt,clothing,89.0,new_york,l,indigo,winter,4.8,True,venmo,next_day_air,True,True,24.0,credit_card,monthly,1.0,939,2026-04-25 09:50:22.623131
941.0,48.0,male,belt,accessories,44.0,colorado,s,maroon,spring,2.6,True,paypal,store_pickup,True,True,15.0,paypal,every_3_months,1.0,940,2026-04-25 09:50:22.623131
942.0,39.0,male,handbag,accessories,35.0,illinois,l,black,winter,4.5,True,bank_transfer,2-day_shipping,True,True,38.0,paypal,every_3_months,1.0,941,2026-04-25 09:50:22.623131
943.0,26.0,male,dress,clothing,91.0,arizona,m,cyan,winter,3.2,True,cash,express,True,True,38.0,paypal,bi-weekly,1.0,942,2026-04-25 09:50:22.623131
944.0,32.0,male,hat,accessories,63.0,oklahoma,l,cyan,winter,3.8,True,paypal,next_day_air,True,True,13.0,venmo,fortnightly,1.0,943,2026-04-25 09:50:22.623131
945.0,54.0,male,belt,accessories,97.0,indiana,s,gray,spring,4.8,True,debit_card,express,True,True,39.0,cash,bi-weekly,1.0,944,2026-04-25 09:50:22.623131
946.0,38.0,male,boots,footwear,38.0,minnesota,m,violet,summer,4.1,True,debit_card,store_pickup,True,True,8.0,venmo,every_3_months,1.0,945,2026-04-25 09:50:22.623131
947.0,46.0,male,coat,outerwear,24.0,pennsylvania,xl,blue,spring,2.8,True,paypal,next_day_air,True,True,4.0,paypal,quarterly,1.0,946,2026-04-25 09:50:22.623131
948.0,57.0,male,blouse,clothing,32.0,indiana,m,charcoal,winter,3.9,True,cash,store_pickup,True,True,6.0,cash,every_3_months,1.0,947,2026-04-25 09:50:22.623131
949.0,49.0,male,hat,accessories,90.0,alabama,l,olive,summer,4.9,True,venmo,express,True,True,11.0,venmo,every_3_months,1.0,948,2026-04-25 09:50:22.623131
950.0,33.0,male,jeans,clothing,36.0,montana,m,olive,summer,3.4,True,cash,standard,True,True,49.0,venmo,monthly,1.0,949,2026-04-25 09:50:22.623131
951.0,54.0,male,backpack,accessories,37.0,new_mexico,xl,turquoise,winter,4.1,True,cash,free_shipping,True,True,30.0,paypal,quarterly,1.0,950,2026-04-25 09:50:22.623131
952.0,47.0,male,dress,clothing,51.0,alaska,m,cyan,summer,2.9,True,venmo,express,True,True,34.0,bank_transfer,monthly,1.0,951,2026-04-25 09:50:22.623131
953.0,36.0,male,hat,accessories,71.0,idaho,s,red,fall,3.1,True,bank_transfer,2-day_shipping,True,True,28.0,paypal,monthly,1.0,952,2026-04-25 09:50:22.623131
954.0,68.0,male,sunglasses,accessories,50.0,utah,s,cyan,spring,3.6,True,credit_card,2-day_shipping,True,True,36.0,venmo,quarterly,1.0,953,2026-04-25 09:50:22.623131
955.0,60.0,male,hat,accessories,74.0,louisiana,s,turquoise,fall,3.5,True,venmo,standard,True,True,18.0,credit_card,every_3_months,1.0,954,2026-04-25 09:50:22.623131
956.0,55.0,male,dress,clothing,75.0,mississippi,l,lavender,summer,3.4,True,venmo,free_shipping,True,True,4.0,paypal,monthly,1.0,955,2026-04-25 09:50:22.623131
957.0,29.0,male,shirt,clothing,99.0,mississippi,xl,cyan,spring,2.9,True,venmo,2-day_shipping,True,True,42.0,debit_card,quarterly,1.0,956,2026-04-25 09:50:22.623131
958.0,38.0,male,scarf,accessories,23.0,indiana,xl,violet,spring,4.7,True,bank_transfer,store_pickup,True,True,11.0,cash,quarterly,1.0,957,2026-04-25 09:50:22.623131
959.0,70.0,male,sneakers,footwear,53.0,washington,xl,beige,winter,4.4,True,cash,free_shipping,True,True,31.0,credit_card,bi-weekly,1.0,958,2026-04-25 09:50:22.623131
960.0,36.0,male,skirt,clothing,99.0,nevada,m,cyan,spring,2.6,True,cash,standard,True,True,12.0,cash,fortnightly,1.0,959,2026-04-25 09:50:22.623131
961.0,18.0,male,jewelry,accessories,48.0,louisiana,xl,indigo,spring,4.4,True,debit_card,standard,True,True,20.0,venmo,quarterly,1.0,960,2026-04-25 09:50:22.623131
962.0,62.0,male,boots,footwear,72.0,pennsylvania,l,olive,fall,3.7,True,venmo,next_day_air,True,True,37.0,debit_card,quarterly,1.0,961,2026-04-25 09:50:22.623131
963.0,29.0,male,sunglasses,accessories,64.0,michigan,l,green,spring,4.4,True,cash,standard,True,True,26.0,debit_card,fortnightly,1.0,962,2026-04-25 09:50:22.623131
964.0,21.0,male,boots,footwear,63.0,south_carolina,l,green,spring,2.5,True,cash,2-day_shipping,True,True,14.0,credit_card,weekly,1.0,963,2026-04-25 09:50:22.623131
965.0,42.0,male,sandals,footwear,51.0,arizona,m,beige,spring,2.6,True,bank_transfer,next_day_air,True,True,12.0,venmo,bi-weekly,1.0,964,2026-04-25 09:50:22.623131
966.0,43.0,male,boots,footwear,55.0,delaware,l,black,spring,5.0,True,debit_card,store_pickup,True,True,10.0,credit_card,annually,1.0,965,2026-04-25 09:50:22.623131
967.0,58.0,male,dress,clothing,55.0,kentucky,m,brown,spring,4.9,True,cash,express,True,True,19.0,cash,annually,1.0,966,2026-04-25 09:50:22.623131
968.0,27.0,male,hoodie,clothing,26.0,georgia,s,silver,summer,3.7,True,debit_card,store_pickup,True,True,4.0,cash,weekly,1.0,967,2026-04-25 09:50:22.623131
969.0,57.0,male,shorts,clothing,67.0,north_carolina,l,gray,summer,3.1,True,debit_card,next_day_air,True,True,48.0,bank_transfer,quarterly,1.0,968,2026-04-25 09:50:22.623131
970.0,40.0,male,coat,outerwear,31.0,california,s,pink,fall,3.2,True,debit_card,express,True,True,37.0,paypal,monthly,1.0,969,2026-04-25 09:50:22.623131
971.0,45.0,male,jeans,clothing,66.0,california,s,maroon,winter,4.4,True,paypal,free_shipping,True,True,4.0,cash,monthly,1.0,970,2026-04-25 09:50:22.623131
972.0,47.0,male,sunglasses,accessories,67.0,indiana,m,cyan,summer,4.3,True,bank_transfer,next_day_air,True,True,15.0,credit_card,weekly,1.0,971,2026-04-25 09:50:22.623131
973.0,61.0,male,sneakers,footwear,61.0,colorado,l,gold,winter,3.0,True,venmo,standard,True,True,33.0,credit_card,weekly,1.0,972,2026-04-25 09:50:22.623131
974.0,60.0,male,jacket,outerwear,75.0,colorado,m,teal,fall,3.5,True,venmo,2-day_shipping,True,True,30.0,bank_transfer,quarterly,1.0,973,2026-04-25 09:50:22.623131
975.0,69.0,male,skirt,clothing,90.0,north_carolina,m,beige,spring,3.6,True,credit_card,2-day_shipping,True,True,23.0,bank_transfer,monthly,1.0,974,2026-04-25 09:50:22.623131
976.0,58.0,male,sweater,clothing,40.0,washington,m,olive,summer,3.8,True,bank_transfer,2-day_shipping,True,True,2.0,bank_transfer,weekly,1.0,975,2026-04-25 09:50:22.623131
977.0,34.0,male,t-shirt,clothing,90.0,florida,m,gray,fall,3.6,True,paypal,express,True,True,50.0,credit_card,every_3_months,1.0,976,2026-04-25 09:50:22.623131
978.0,20.0,male,belt,accessories,20.0,washington,m,black,spring,4.6,True,credit_card,express,True,True,34.0,cash,bi-weekly,1.0,977,2026-04-25 09:50:22.623131
979.0,56.0,male,gloves,accessories,40.0,colorado,m,turquoise,summer,2.5,True,cash,standard,True,True,33.0,credit_card,weekly,1.0,978,2026-04-25 09:50:22.623131
980.0,64.0,male,hat,accessories,33.0,new_hampshire,s,brown,fall,3.5,True,venmo,store_pickup,True,True,34.0,debit_card,monthly,1.0,979,2026-04-25 09:50:22.623131
981.0,56.0,male,boots,footwear,98.0,maryland,s,magenta,spring,4.0,True,bank_transfer,free_shipping,True,True,39.0,paypal,every_3_months,1.0,980,2026-04-25 09:50:22.623131
982.0,27.0,male,belt,accessories,42.0,maryland,m,silver,spring,3.5,True,debit_card,next_day_air,True,True,47.0,credit_card,quarterly,1.0,981,2026-04-25 09:50:22.623131
983.0,35.0,male,coat,outerwear,62.0,texas,s,red,summer,3.2,True,venmo,standard,True,True,37.0,paypal,monthly,1.0,982,2026-04-25 09:50:22.623131
984.0,24.0,male,hat,accessories,45.0,new_mexico,l,indigo,winter,3.5,True,credit_card,free_shipping,True,True,40.0,venmo,bi-weekly,1.0,983,2026-04-25 09:50:22.623131
985.0,26.0,male,shoes,footwear,78.0,utah,m,green,summer,3.4,True,cash,free_shipping,True,True,8.0,credit_card,bi-weekly,1.0,984,2026-04-25 09:50:22.623131
986.0,32.0,male,handbag,accessories,80.0,west_virginia,m,gray,fall,5.0,True,credit_card,express,True,True,12.0,bank_transfer,annually,1.0,985,2026-04-25 09:50:22.623131
987.0,54.0,male,scarf,accessories,96.0,connecticut,s,peach,spring,4.5,True,credit_card,store_pickup,True,True,36.0,bank_transfer,monthly,1.0,986,2026-04-25 09:50:22.623131
988.0,62.0,male,handbag,accessories,47.0,west_virginia,m,charcoal,summer,2.8,True,paypal,express,True,True,48.0,paypal,weekly,1.0,987,2026-04-25 09:50:22.623131
989.0,50.0,male,pants,clothing,84.0,ohio,m,orange,winter,4.9,True,venmo,2-day_shipping,True,True,47.0,paypal,fortnightly,1.0,988,2026-04-25 09:50:22.623131
990.0,70.0,male,shoes,footwear,31.0,texas,m,beige,spring,3.1,True,bank_transfer,store_pickup,True,True,2.0,bank_transfer,monthly,1.0,989,2026-04-25 09:50:22.623131
991.0,48.0,male,sunglasses,accessories,63.0,washington,s,yellow,spring,4.8,True,paypal,store_pickup,True,True,24.0,cash,weekly,1.0,990,2026-04-25 09:50:22.623131
992.0,20.0,male,shorts,clothing,97.0,wisconsin,xl,white,spring,2.7,True,debit_card,standard,True,True,40.0,bank_transfer,bi-weekly,1.0,991,2026-04-25 09:50:22.623131
993.0,46.0,male,jacket,outerwear,99.0,louisiana,m,gray,winter,4.6,True,credit_card,express,True,True,50.0,debit_card,weekly,1.0,992,2026-04-25 09:50:22.623131
994.0,51.0,male,sandals,footwear,90.0,iowa,m,peach,winter,4.4,True,cash,store_pickup,True,True,25.0,cash,weekly,1.0,993,2026-04-25 09:50:22.623131
995.0,53.0,male,shoes,footwear,68.0,new_york,l,violet,fall,3.2,True,paypal,express,True,True,20.0,debit_card,monthly,1.0,994,2026-04-25 09:50:22.623131
996.0,44.0,male,jewelry,accessories,80.0,idaho,m,magenta,spring,3.0,True,venmo,2-day_shipping,True,True,10.0,venmo,weekly,1.0,995,2026-04-25 09:50:22.623131
997.0,29.0,male,sandals,footwear,91.0,delaware,l,maroon,summer,4.9,True,bank_transfer,standard,True,True,32.0,bank_transfer,quarterly,1.0,996,2026-04-25 09:50:22.623131
998.0,64.0,male,pants,clothing,30.0,kentucky,m,cyan,spring,3.6,True,debit_card,express,True,True,31.0,cash,fortnightly,1.0,997,2026-04-25 09:50:22.623131
999.0,51.0,male,shoes,footwear,90.0,connecticut,m,white,spring,3.8,True,venmo,next_day_air,True,True,48.0,bank_transfer,bi-weekly,1.0,998,2026-04-25 09:50:22.623131
1000.0,50.0,male,socks,clothing,28.0,new_mexico,l,brown,spring,2.9,True,venmo,standard,True,True,23.0,debit_card,monthly,1.0,999,2026-04-25 09:50:22.623131
1001.0,43.0,male,socks,clothing,46.0,georgia,m,red,winter,3.9,True,credit_card,express,True,True,1.0,bank_transfer,bi-weekly,1.0,1000,2026-04-25 09:50:22.623131
1002.0,61.0,male,dress,clothing,60.0,washington,m,orange,fall,3.6,True,credit_card,standard,True,True,4.0,debit_card,fortnightly,1.0,1001,2026-04-25 09:50:22.623131
1003.0,55.0,male,shoes,footwear,59.0,north_dakota,m,white,spring,3.5,True,credit_card,store_pickup,True,True,3.0,bank_transfer,bi-weekly,1.0,1002,2026-04-25 09:50:22.623131
1004.0,56.0,male,hat,accessories,68.0,ohio,m,green,fall,4.0,True,cash,store_pickup,True,True,3.0,cash,bi-weekly,1.0,1003,2026-04-25 09:50:22.623131
1005.0,33.0,male,backpack,accessories,79.0,tennessee,m,black,summer,4.8,True,cash,2-day_shipping,True,True,44.0,cash,annually,1.0,1004,2026-04-25 09:50:22.623131
1006.0,43.0,male,backpack,accessories,94.0,new_york,m,gold,winter,3.9,True,credit_card,store_pickup,True,True,5.0,debit_card,bi-weekly,1.0,1005,2026-04-25 09:50:22.623131
1007.0,21.0,male,pants,clothing,83.0,michigan,s,lavender,summer,4.5,True,credit_card,next_day_air,True,True,50.0,venmo,quarterly,1.0,1006,2026-04-25 09:50:22.623131
1008.0,58.0,male,gloves,accessories,62.0,georgia,xl,turquoise,spring,4.8,True,venmo,standard,True,True,2.0,credit_card,annually,1.0,1007,2026-04-25 09:50:22.623131
1009.0,41.0,male,scarf,accessories,85.0,new_mexico,m,pink,spring,2.6,True,cash,store_pickup,True,True,29.0,paypal,annually,1.0,1008,2026-04-25 09:50:22.623131
1010.0,39.0,male,hoodie,clothing,30.0,louisiana,m,silver,summer,3.1,True,bank_transfer,express,True,True,11.0,venmo,annually,1.0,1009,2026-04-25 09:50:22.623131
1011.0,54.0,male,jeans,clothing,24.0,south_dakota,xl,gray,spring,4.7,True,paypal,2-day_shipping,True,True,37.0,credit_card,fortnightly,1.0,1010,2026-04-25 09:50:22.623131
1012.0,43.0,male,backpack,accessories,25.0,montana,l,indigo,spring,2.9,True,paypal,next_day_air,True,True,32.0,debit_card,fortnightly,1.0,1011,2026-04-25 09:50:22.623131
1013.0,28.0,male,sandals,footwear,37.0,new_mexico,l,teal,summer,3.8,True,cash,express,True,True,27.0,credit_card,annually,1.0,1012,2026-04-25 09:50:22.623131
1014.0,59.0,male,belt,accessories,69.0,south_carolina,xl,green,summer,3.8,True,bank_transfer,2-day_shipping,True,True,31.0,venmo,bi-weekly,1.0,1013,2026-04-25 09:50:22.623131
1015.0,28.0,male,shoes,footwear,97.0,ohio,m,violet,summer,3.0,True,bank_transfer,standard,True,True,36.0,debit_card,fortnightly,1.0,1014,2026-04-25 09:50:22.623131
1016.0,68.0,male,gloves,accessories,24.0,north_carolina,m,cyan,summer,4.1,True,debit_card,standard,True,True,34.0,cash,weekly,1.0,1015,2026-04-25 09:50:22.623131
1017.0,20.0,male,belt,accessories,30.0,idaho,xl,blue,summer,3.4,True,cash,express,True,True,15.0,bank_transfer,every_3_months,1.0,1016,2026-04-25 09:50:22.623131
1018.0,21.0,male,jacket,outerwear,53.0,oklahoma,l,orange,fall,2.5,True,cash,express,True,True,14.0,credit_card,annually,1.0,1017,2026-04-25 09:50:22.623131
1019.0,50.0,male,dress,clothing,70.0,georgia,xl,charcoal,spring,4.9,True,credit_card,next_day_air,True,True,46.0,cash,weekly,1.0,1018,2026-04-25 09:50:22.623131
1020.0,32.0,male,shirt,clothing,76.0,kentucky,s,beige,winter,2.8,True,debit_card,standard,True,True,33.0,venmo,bi-weekly,1.0,1019,2026-04-25 09:50:22.623131
1021.0,24.0,male,scarf,accessories,95.0,delaware,m,black,fall,4.5,True,bank_transfer,express,True,True,41.0,debit_card,annually,1.0,1020,2026-04-25 09:50:22.623131
1022.0,55.0,male,coat,outerwear,51.0,massachusetts,s,lavender,winter,4.9,True,credit_card,2-day_shipping,True,True,39.0,paypal,weekly,1.0,1021,2026-04-25 09:50:22.623131
1023.0,61.0,male,handbag,accessories,41.0,nebraska,m,lavender,winter,4.9,True,cash,store_pickup,True,True,7.0,cash,annually,1.0,1022,2026-04-25 09:50:22.623131
1024.0,61.0,male,sunglasses,accessories,71.0,maine,s,turquoise,winter,3.5,True,bank_transfer,free_shipping,True,True,29.0,bank_transfer,every_3_months,1.0,1023,2026-04-25 09:50:22.623131
1025.0,28.0,male,t-shirt,clothing,66.0,pennsylvania,m,purple,summer,3.5,True,debit_card,free_shipping,True,True,18.0,venmo,quarterly,1.0,1024,2026-04-25 09:50:22.623131
1026.0,60.0,male,shirt,clothing,84.0,nebraska,m,olive,winter,4.9,True,bank_transfer,free_shipping,True,True,15.0,credit_card,annually,1.0,1025,2026-04-25 09:50:22.623131
1027.0,49.0,male,handbag,accessories,95.0,virginia,l,turquoise,winter,3.0,True,venmo,express,True,True,39.0,paypal,bi-weekly,1.0,1026,2026-04-25 09:50:22.623131
1028.0,33.0,male,jewelry,accessories,90.0,ohio,l,teal,summer,2.8,True,cash,next_day_air,True,True,11.0,cash,monthly,1.0,1027,2026-04-25 09:50:22.623131
1029.0,45.0,male,hoodie,clothing,36.0,nebraska,s,lavender,summer,3.7,True,venmo,standard,True,True,4.0,cash,fortnightly,1.0,1028,2026-04-25 09:50:22.623131
1030.0,29.0,male,gloves,accessories,22.0,ohio,m,purple,spring,3.6,True,credit_card,2-day_shipping,True,True,33.0,venmo,bi-weekly,1.0,1029,2026-04-25 09:50:22.623131
1031.0,58.0,male,coat,outerwear,89.0,kentucky,l,blue,winter,3.3,True,credit_card,next_day_air,True,True,37.0,debit_card,quarterly,1.0,1030,2026-04-25 09:50:22.623131
1032.0,22.0,male,sandals,footwear,50.0,tennessee,m,teal,spring,3.4,True,cash,free_shipping,True,True,32.0,cash,quarterly,1.0,1031,2026-04-25 09:50:22.623131
1033.0,55.0,male,boots,footwear,36.0,maine,m,lavender,fall,4.0,True,bank_transfer,free_shipping,True,True,44.0,credit_card,quarterly,1.0,1032,2026-04-25 09:50:22.623131
1034.0,19.0,male,pants,clothing,52.0,montana,s,silver,spring,4.6,True,credit_card,free_shipping,True,True,41.0,bank_transfer,quarterly,1.0,1033,2026-04-25 09:50:22.623131
1035.0,68.0,male,socks,clothing,29.0,maryland,m,olive,fall,4.2,True,venmo,next_day_air,True,True,44.0,bank_transfer,weekly,1.0,1034,2026-04-25 09:50:22.623131
1036.0,61.0,male,blouse,clothing,89.0,georgia,m,brown,fall,2.8,True,venmo,express,True,True,32.0,venmo,annually,1.0,1035,2026-04-25 09:50:22.623131
1037.0,68.0,male,handbag,accessories,47.0,hawaii,m,yellow,fall,3.7,True,credit_card,2-day_shipping,True,True,13.0,bank_transfer,monthly,1.0,1036,2026-04-25 09:50:22.623131
1038.0,52.0,male,jewelry,accessories,25.0,rhode_island,xl,brown,spring,3.4,True,bank_transfer,standard,True,True,48.0,debit_card,quarterly,1.0,1037,2026-04-25 09:50:22.623131
1039.0,41.0,male,pants,clothing,74.0,nebraska,xl,cyan,fall,3.0,True,bank_transfer,express,True,True,3.0,bank_transfer,weekly,1.0,1038,2026-04-25 09:50:22.623131
1040.0,29.0,male,belt,accessories,46.0,michigan,m,magenta,fall,4.8,True,paypal,standard,True,True,39.0,venmo,monthly,1.0,1039,2026-04-25 09:50:22.623131
1041.0,68.0,male,jeans,clothing,22.0,north_carolina,s,magenta,fall,4.0,True,venmo,next_day_air,True,True,7.0,cash,fortnightly,1.0,1040,2026-04-25 09:50:22.623131
1042.0,36.0,male,shirt,clothing,25.0,minnesota,m,orange,summer,4.9,True,venmo,next_day_air,True,True,11.0,cash,fortnightly,1.0,1041,2026-04-25 09:50:22.623131
1043.0,55.0,male,belt,accessories,80.0,maryland,m,maroon,spring,4.9,True,venmo,next_day_air,True,True,47.0,credit_card,weekly,1.0,1042,2026-04-25 09:50:22.623131
1044.0,28.0,male,jeans,clothing,76.0,hawaii,m,green,spring,3.3,True,bank_transfer,2-day_shipping,True,True,28.0,debit_card,fortnightly,1.0,1043,2026-04-25 09:50:22.623131
1045.0,39.0,male,jeans,clothing,30.0,oregon,l,teal,summer,4.4,True,credit_card,next_day_air,True,True,17.0,bank_transfer,every_3_months,1.0,1044,2026-04-25 09:50:22.623131
1046.0,54.0,male,sweater,clothing,79.0,new_mexico,l,black,fall,3.5,True,cash,2-day_shipping,True,True,11.0,paypal,bi-weekly,1.0,1045,2026-04-25 09:50:22.623131
1047.0,40.0,male,sneakers,footwear,22.0,illinois,m,magenta,winter,4.2,True,credit_card,standard,True,True,12.0,venmo,annually,1.0,1046,2026-04-25 09:50:22.623131
1048.0,31.0,male,socks,clothing,36.0,utah,s,olive,fall,4.2,True,debit_card,standard,True,True,7.0,credit_card,fortnightly,1.0,1047,2026-04-25 09:50:22.623131
1049.0,30.0,male,socks,clothing,77.0,maine,l,yellow,fall,2.7,True,cash,standard,True,True,19.0,venmo,fortnightly,1.0,1048,2026-04-25 09:50:22.623131
1050.0,45.0,male,sunglasses,accessories,33.0,virginia,s,purple,fall,2.8,True,credit_card,store_pickup,True,True,24.0,cash,quarterly,1.0,1049,2026-04-25 09:50:22.623131
1051.0,48.0,male,sneakers,footwear,64.0,florida,m,beige,winter,3.8,True,credit_card,next_day_air,True,True,19.0,venmo,monthly,1.0,1050,2026-04-25 09:50:22.623131
1052.0,45.0,male,socks,clothing,53.0,ohio,m,indigo,fall,2.6,True,paypal,free_shipping,True,True,39.0,paypal,annually,1.0,1051,2026-04-25 09:50:22.623131
1053.0,60.0,male,shoes,footwear,36.0,virginia,xl,pink,fall,3.0,True,venmo,2-day_shipping,True,True,1.0,credit_card,fortnightly,1.0,1052,2026-04-25 09:50:22.623131
1054.0,59.0,male,blouse,clothing,70.0,kansas,m,blue,spring,3.3,False,cash,2-day_shipping,True,True,10.0,debit_card,bi-weekly,1.0,1053,2026-04-25 09:50:22.623131
1055.0,18.0,male,shorts,clothing,96.0,arkansas,l,cyan,winter,4.9,False,debit_card,express,True,True,48.0,paypal,quarterly,1.0,1054,2026-04-25 09:50:22.623131
1056.0,70.0,male,jacket,outerwear,27.0,massachusetts,m,orange,spring,3.3,False,paypal,next_day_air,True,True,24.0,debit_card,annually,1.0,1055,2026-04-25 09:50:22.623131
1057.0,20.0,male,sweater,clothing,64.0,idaho,l,black,winter,2.9,False,debit_card,2-day_shipping,True,True,42.0,venmo,fortnightly,1.0,1056,2026-04-25 09:50:22.623131
1058.0,65.0,male,jacket,outerwear,23.0,wisconsin,s,maroon,spring,4.4,False,bank_transfer,2-day_shipping,True,True,20.0,credit_card,weekly,1.0,1057,2026-04-25 09:50:22.623131
1059.0,29.0,male,scarf,accessories,33.0,new_mexico,l,violet,summer,3.1,False,credit_card,next_day_air,True,True,49.0,bank_transfer,every_3_months,1.0,1058,2026-04-25 09:50:22.623131
1060.0,22.0,male,jacket,outerwear,34.0,north_carolina,m,beige,winter,2.5,False,venmo,standard,True,True,25.0,debit_card,monthly,1.0,1059,2026-04-25 09:50:22.623131
1061.0,27.0,male,sweater,clothing,35.0,iowa,s,gray,summer,2.6,False,paypal,next_day_air,True,True,21.0,debit_card,every_3_months,1.0,1060,2026-04-25 09:50:22.623131
1062.0,36.0,male,coat,outerwear,62.0,idaho,m,gray,summer,4.4,False,debit_card,free_shipping,True,True,12.0,venmo,every_3_months,1.0,1061,2026-04-25 09:50:22.623131
1063.0,59.0,male,boots,footwear,75.0,ohio,m,brown,fall,2.6,False,venmo,next_day_air,True,True,21.0,debit_card,every_3_months,1.0,1062,2026-04-25 09:50:22.623131
1064.0,62.0,male,hoodie,clothing,29.0,alabama,s,indigo,summer,3.3,False,bank_transfer,free_shipping,True,True,35.0,cash,monthly,1.0,1063,2026-04-25 09:50:22.623131
1065.0,34.0,male,hat,accessories,28.0,wyoming,m,violet,spring,3.5,False,debit_card,express,True,True,42.0,credit_card,every_3_months,1.0,1064,2026-04-25 09:50:22.623131
1066.0,59.0,male,t-shirt,clothing,20.0,alabama,xl,blue,spring,4.1,False,cash,store_pickup,True,True,3.0,paypal,every_3_months,1.0,1065,2026-04-25 09:50:22.623131
1067.0,49.0,male,coat,outerwear,96.0,mississippi,m,red,winter,4.0,False,credit_card,store_pickup,True,True,11.0,paypal,bi-weekly,1.0,1066,2026-04-25 09:50:22.623131
1068.0,18.0,male,dress,clothing,43.0,pennsylvania,s,peach,summer,2.7,False,venmo,2-day_shipping,True,True,22.0,paypal,quarterly,1.0,1067,2026-04-25 09:50:22.623131
1069.0,55.0,male,shirt,clothing,94.0,wyoming,m,olive,fall,2.5,False,bank_transfer,standard,True,True,47.0,credit_card,weekly,1.0,1068,2026-04-25 09:50:22.623131
1070.0,38.0,male,skirt,clothing,81.0,maryland,xl,white,fall,4.3,False,credit_card,next_day_air,True,True,33.0,venmo,every_3_months,1.0,1069,2026-04-25 09:50:22.623131
1071.0,50.0,male,jewelry,accessories,75.0,north_carolina,m,magenta,summer,3.3,False,venmo,free_shipping,True,True,50.0,debit_card,weekly,1.0,1070,2026-04-25 09:50:22.623131
1072.0,61.0,male,hat,accessories,81.0,pennsylvania,m,beige,summer,2.6,False,cash,express,True,True,46.0,credit_card,monthly,1.0,1071,2026-04-25 09:50:22.623131
1073.0,48.0,male,shorts,clothing,92.0,idaho,l,gold,fall,3.5,False,bank_transfer,express,True,True,34.0,debit_card,fortnightly,1.0,1072,2026-04-25 09:50:22.623131
1074.0,22.0,male,scarf,accessories,96.0,california,xl,purple,spring,4.0,False,cash,store_pickup,True,True,33.0,credit_card,monthly,1.0,1073,2026-04-25 09:50:22.623131
1075.0,48.0,male,jewelry,accessories,71.0,tennessee,s,white,fall,2.6,False,paypal,standard,True,True,45.0,bank_transfer,fortnightly,1.0,1074,2026-04-25 09:50:22.623131
1076.0,57.0,male,sunglasses,accessories,50.0,missouri,l,indigo,summer,4.9,False,debit_card,next_day_air,True,True,32.0,debit_card,bi-weekly,1.0,1075,2026-04-25 09:50:22.623131
1077.0,33.0,male,coat,outerwear,72.0,north_dakota,l,charcoal,spring,2.9,False,bank_transfer,standard,True,True,47.0,venmo,bi-weekly,1.0,1076,2026-04-25 09:50:22.623131
1078.0,58.0,male,jacket,outerwear,28.0,west_virginia,m,pink,winter,3.7,False,cash,standard,True,True,5.0,paypal,quarterly,1.0,1077,2026-04-25 09:50:22.623131
1079.0,37.0,male,sweater,clothing,59.0,arizona,m,silver,fall,4.4,False,cash,express,True,True,49.0,credit_card,fortnightly,1.0,1078,2026-04-25 09:50:22.623131
1080.0,18.0,male,coat,outerwear,33.0,oklahoma,s,blue,summer,4.4,False,bank_transfer,free_shipping,True,True,48.0,bank_transfer,monthly,1.0,1079,2026-04-25 09:50:22.623131
1081.0,65.0,male,scarf,accessories,59.0,pennsylvania,l,blue,fall,3.8,False,bank_transfer,express,True,True,22.0,cash,every_3_months,1.0,1080,2026-04-25 09:50:22.623131
1082.0,62.0,male,belt,accessories,30.0,idaho,xl,brown,spring,4.5,False,cash,standard,True,True,45.0,credit_card,annually,1.0,1081,2026-04-25 09:50:22.623131
1083.0,54.0,male,hat,accessories,85.0,south_carolina,xl,cyan,winter,2.6,False,paypal,next_day_air,True,True,30.0,venmo,quarterly,1.0,1082,2026-04-25 09:50:22.623131
1084.0,35.0,male,backpack,accessories,97.0,washington,l,teal,summer,3.3,False,credit_card,store_pickup,True,True,43.0,cash,weekly,1.0,1083,2026-04-25 09:50:22.623131
1085.0,34.0,male,t-shirt,clothing,36.0,arkansas,s,purple,fall,4.1,False,credit_card,next_day_air,True,True,48.0,cash,quarterly,1.0,1084,2026-04-25 09:50:22.623131
1086.0,25.0,male,jewelry,accessories,85.0,utah,m,turquoise,winter,3.0,False,paypal,store_pickup,True,True,23.0,venmo,fortnightly,1.0,1085,2026-04-25 09:50:22.623131
1087.0,53.0,male,sunglasses,accessories,62.0,alaska,m,olive,winter,3.0,False,paypal,free_shipping,True,True,27.0,paypal,bi-weekly,1.0,1086,2026-04-25 09:50:22.623131
1088.0,45.0,male,jeans,clothing,71.0,west_virginia,s,white,winter,3.4,False,paypal,next_day_air,True,True,7.0,bank_transfer,monthly,1.0,1087,2026-04-25 09:50:22.623131
1089.0,49.0,male,pants,clothing,21.0,louisiana,m,turquoise,winter,2.7,False,bank_transfer,free_shipping,True,True,2.0,paypal,weekly,1.0,1088,2026-04-25 09:50:22.623131
1090.0,40.0,male,backpack,accessories,61.0,arizona,m,silver,spring,3.8,False,debit_card,next_day_air,True,True,33.0,paypal,bi-weekly,1.0,1089,2026-04-25 09:50:22.623131
1091.0,38.0,male,scarf,accessories,58.0,connecticut,m,violet,spring,4.2,False,bank_transfer,store_pickup,True,True,27.0,cash,fortnightly,1.0,1090,2026-04-25 09:50:22.623131
1092.0,44.0,male,sweater,clothing,80.0,north_carolina,l,lavender,spring,4.7,False,cash,store_pickup,True,True,6.0,credit_card,fortnightly,1.0,1091,2026-04-25 09:50:22.623131
1093.0,68.0,male,jewelry,accessories,50.0,south_dakota,l,magenta,spring,4.1,False,credit_card,2-day_shipping,True,True,20.0,venmo,quarterly,1.0,1092,2026-04-25 09:50:22.623131
1094.0,60.0,male,sneakers,footwear,48.0,delaware,s,indigo,winter,4.2,False,paypal,2-day_shipping,True,True,46.0,venmo,every_3_months,1.0,1093,2026-04-25 09:50:22.623131
1095.0,25.0,male,jewelry,accessories,40.0,connecticut,m,black,winter,4.8,False,credit_card,next_day_air,True,True,25.0,cash,quarterly,1.0,1094,2026-04-25 09:50:22.623131
1096.0,19.0,male,coat,outerwear,34.0,tennessee,s,peach,summer,3.0,False,debit_card,free_shipping,True,True,30.0,bank_transfer,quarterly,1.0,1095,2026-04-25 09:50:22.623131
1097.0,57.0,male,coat,outerwear,46.0,new_hampshire,s,beige,fall,2.6,False,credit_card,standard,True,True,48.0,credit_card,annually,1.0,1096,2026-04-25 09:50:22.623131
1098.0,58.0,male,sunglasses,accessories,27.0,vermont,m,black,summer,3.2,False,venmo,store_pickup,True,True,47.0,bank_transfer,weekly,1.0,1097,2026-04-25 09:50:22.623131
1099.0,49.0,male,handbag,accessories,98.0,idaho,s,turquoise,spring,3.6,False,paypal,next_day_air,True,True,27.0,credit_card,weekly,1.0,1098,2026-04-25 09:50:22.623131
1100.0,19.0,male,sweater,clothing,73.0,north_carolina,m,peach,fall,2.6,False,cash,next_day_air,True,True,45.0,bank_transfer,fortnightly,1.0,1099,2026-04-25 09:50:22.623131
1101.0,50.0,male,pants,clothing,28.0,nevada,l,gold,spring,4.4,False,debit_card,express,True,True,2.0,credit_card,weekly,1.0,1100,2026-04-25 09:50:22.623131
1102.0,30.0,male,gloves,accessories,76.0,delaware,xl,silver,fall,3.0,False,cash,free_shipping,True,True,39.0,cash,fortnightly,1.0,1101,2026-04-25 09:50:22.623131
1103.0,52.0,male,sweater,clothing,83.0,texas,m,peach,fall,2.9,False,credit_card,express,True,True,24.0,cash,fortnightly,1.0,1102,2026-04-25 09:50:22.623131
1104.0,35.0,male,hoodie,clothing,23.0,tennessee,s,charcoal,spring,4.3,False,debit_card,free_shipping,True,True,8.0,debit_card,bi-weekly,1.0,1103,2026-04-25 09:50:22.623131
1105.0,35.0,male,hat,accessories,28.0,delaware,m,beige,fall,3.1,False,bank_transfer,express,True,True,8.0,bank_transfer,quarterly,1.0,1104,2026-04-25 09:50:22.623131
1106.0,33.0,male,t-shirt,clothing,83.0,massachusetts,s,olive,spring,3.0,False,credit_card,next_day_air,True,True,6.0,venmo,every_3_months,1.0,1105,2026-04-25 09:50:22.623131
1107.0,52.0,male,skirt,clothing,96.0,minnesota,l,violet,winter,3.6,False,credit_card,store_pickup,True,True,12.0,venmo,fortnightly,1.0,1106,2026-04-25 09:50:22.623131
1108.0,69.0,male,sneakers,footwear,62.0,texas,m,peach,fall,2.8,False,venmo,store_pickup,True,True,26.0,bank_transfer,weekly,1.0,1107,2026-04-25 09:50:22.623131
1109.0,27.0,male,shorts,clothing,25.0,nebraska,m,teal,fall,2.8,False,venmo,standard,True,True,50.0,cash,fortnightly,1.0,1108,2026-04-25 09:50:22.623131
1110.0,66.0,male,hoodie,clothing,97.0,oklahoma,l,violet,winter,4.9,False,debit_card,next_day_air,True,True,2.0,venmo,weekly,1.0,1109,2026-04-25 09:50:22.623131
1111.0,28.0,male,hoodie,clothing,61.0,texas,l,cyan,fall,3.0,False,debit_card,standard,True,True,31.0,cash,bi-weekly,1.0,1110,2026-04-25 09:50:22.623131
1112.0,22.0,male,shoes,footwear,66.0,new_york,s,olive,summer,4.1,False,bank_transfer,next_day_air,True,True,4.0,credit_card,bi-weekly,1.0,1111,2026-04-25 09:50:22.623131
1113.0,69.0,male,hoodie,clothing,67.0,washington,xl,pink,spring,4.6,False,credit_card,free_shipping,True,True,32.0,paypal,quarterly,1.0,1112,2026-04-25 09:50:22.623131
1114.0,28.0,male,sunglasses,accessories,80.0,maryland,m,purple,summer,4.8,False,cash,next_day_air,True,True,11.0,paypal,bi-weekly,1.0,1113,2026-04-25 09:50:22.623131
1115.0,55.0,male,skirt,clothing,25.0,new_hampshire,l,violet,fall,2.6,False,cash,next_day_air,True,True,47.0,bank_transfer,every_3_months,1.0,1114,2026-04-25 09:50:22.623131
1116.0,30.0,male,hat,accessories,58.0,new_york,s,peach,fall,4.0,False,bank_transfer,2-day_shipping,True,True,37.0,cash,weekly,1.0,1115,2026-04-25 09:50:22.623131
1117.0,67.0,male,backpack,accessories,96.0,hawaii,m,charcoal,winter,4.2,False,venmo,express,True,True,39.0,paypal,fortnightly,1.0,1116,2026-04-25 09:50:22.623131
1118.0,25.0,male,sunglasses,accessories,77.0,california,l,lavender,spring,4.5,False,paypal,store_pickup,True,True,24.0,credit_card,monthly,1.0,1117,2026-04-25 09:50:22.623131
1119.0,49.0,male,belt,accessories,65.0,indiana,m,purple,summer,4.9,False,debit_card,standard,True,True,11.0,paypal,every_3_months,1.0,1118,2026-04-25 09:50:22.623131
1120.0,34.0,male,jewelry,accessories,36.0,louisiana,m,indigo,spring,3.1,False,venmo,standard,True,True,36.0,credit_card,weekly,1.0,1119,2026-04-25 09:50:22.623131
1121.0,22.0,male,sneakers,footwear,84.0,pennsylvania,m,magenta,winter,4.0,False,venmo,next_day_air,True,True,40.0,debit_card,monthly,1.0,1120,2026-04-25 09:50:22.623131
1122.0,63.0,male,t-shirt,clothing,58.0,florida,xl,peach,fall,3.2,False,cash,express,True,True,25.0,cash,quarterly,1.0,1121,2026-04-25 09:50:22.623131
1123.0,70.0,male,handbag,accessories,62.0,north_carolina,s,charcoal,spring,4.3,False,paypal,2-day_shipping,True,True,12.0,credit_card,annually,1.0,1122,2026-04-25 09:50:22.623131
1124.0,36.0,male,hat,accessories,67.0,massachusetts,s,purple,fall,2.5,False,debit_card,store_pickup,True,True,38.0,cash,monthly,1.0,1123,2026-04-25 09:50:22.623131
1125.0,42.0,male,sweater,clothing,20.0,iowa,m,orange,spring,4.9,False,debit_card,express,True,True,40.0,cash,quarterly,1.0,1124,2026-04-25 09:50:22.623131
1126.0,27.0,male,sandals,footwear,90.0,north_dakota,m,lavender,summer,2.7,False,debit_card,2-day_shipping,True,True,10.0,bank_transfer,weekly,1.0,1125,2026-04-25 09:50:22.623131
1127.0,23.0,male,scarf,accessories,58.0,iowa,l,beige,winter,3.4,False,venmo,standard,True,True,47.0,venmo,fortnightly,1.0,1126,2026-04-25 09:50:22.623131
1128.0,50.0,male,shirt,clothing,53.0,delaware,xl,maroon,spring,4.8,False,venmo,store_pickup,True,True,22.0,debit_card,monthly,1.0,1127,2026-04-25 09:50:22.623131
1129.0,56.0,male,gloves,accessories,30.0,new_york,l,charcoal,winter,4.7,False,paypal,next_day_air,True,True,35.0,debit_card,monthly,1.0,1128,2026-04-25 09:50:22.623131
1130.0,37.0,male,hoodie,clothing,65.0,new_hampshire,xl,white,winter,4.7,False,credit_card,express,True,True,46.0,venmo,fortnightly,1.0,1129,2026-04-25 09:50:22.623131
1131.0,67.0,male,jewelry,accessories,41.0,kentucky,m,lavender,summer,3.9,False,cash,standard,True,True,30.0,paypal,bi-weekly,1.0,1130,2026-04-25 09:50:22.623131
1132.0,67.0,male,shirt,clothing,73.0,illinois,m,black,spring,3.7,False,credit_card,express,True,True,20.0,bank_transfer,monthly,1.0,1131,2026-04-25 09:50:22.623131
1133.0,50.0,male,hoodie,clothing,98.0,north_carolina,s,teal,spring,4.3,False,paypal,store_pickup,True,True,25.0,cash,fortnightly,1.0,1132,2026-04-25 09:50:22.623131
1134.0,36.0,male,shoes,footwear,36.0,connecticut,xl,magenta,winter,4.1,False,paypal,2-day_shipping,True,True,29.0,cash,weekly,1.0,1133,2026-04-25 09:50:22.623131
1135.0,62.0,male,t-shirt,clothing,81.0,wisconsin,m,brown,summer,4.6,False,bank_transfer,express,True,True,2.0,venmo,every_3_months,1.0,1134,2026-04-25 09:50:22.623131
1136.0,65.0,male,skirt,clothing,90.0,massachusetts,l,peach,winter,3.6,False,paypal,2-day_shipping,True,True,32.0,bank_transfer,quarterly,1.0,1135,2026-04-25 09:50:22.623131
1137.0,23.0,male,handbag,accessories,83.0,illinois,s,cyan,summer,4.8,False,debit_card,free_shipping,True,True,37.0,cash,monthly,1.0,1136,2026-04-25 09:50:22.623131
1138.0,46.0,male,shirt,clothing,91.0,new_mexico,xl,pink,winter,2.8,False,credit_card,2-day_shipping,True,True,16.0,bank_transfer,every_3_months,1.0,1137,2026-04-25 09:50:22.623131
1139.0,18.0,male,pants,clothing,36.0,iowa,m,purple,summer,4.7,False,venmo,express,True,True,32.0,venmo,fortnightly,1.0,1138,2026-04-25 09:50:22.623131
1140.0,58.0,male,coat,outerwear,53.0,alabama,l,purple,spring,3.9,False,paypal,standard,True,True,42.0,debit_card,bi-weekly,1.0,1139,2026-04-25 09:50:22.623131
1141.0,31.0,male,jeans,clothing,39.0,maryland,m,white,winter,2.6,False,cash,store_pickup,True,True,6.0,credit_card,every_3_months,1.0,1140,2026-04-25 09:50:22.623131
1142.0,39.0,male,gloves,accessories,33.0,ohio,s,silver,winter,4.7,False,debit_card,next_day_air,True,True,23.0,paypal,fortnightly,1.0,1141,2026-04-25 09:50:22.623131
1143.0,69.0,male,t-shirt,clothing,76.0,ohio,l,green,spring,3.5,False,cash,store_pickup,True,True,27.0,venmo,bi-weekly,1.0,1142,2026-04-25 09:50:22.623131
1144.0,68.0,male,boots,footwear,23.0,nevada,l,teal,winter,4.4,False,cash,standard,True,True,43.0,paypal,quarterly,1.0,1143,2026-04-25 09:50:22.623131
1145.0,41.0,male,jeans,clothing,54.0,south_carolina,s,indigo,fall,4.4,False,paypal,2-day_shipping,True,True,25.0,bank_transfer,fortnightly,1.0,1144,2026-04-25 09:50:22.623131
1146.0,31.0,male,sneakers,footwear,89.0,nevada,l,pink,summer,3.0,False,venmo,express,True,True,30.0,cash,every_3_months,1.0,1145,2026-04-25 09:50:22.623131
1147.0,48.0,male,sneakers,footwear,38.0,wisconsin,m,indigo,summer,4.2,False,debit_card,standard,True,True,7.0,bank_transfer,every_3_months,1.0,1146,2026-04-25 09:50:22.623131
1148.0,59.0,male,hat,accessories,36.0,tennessee,xl,red,winter,4.3,False,paypal,next_day_air,True,True,17.0,debit_card,annually,1.0,1147,2026-04-25 09:50:22.623131
1149.0,34.0,male,pants,clothing,66.0,florida,m,violet,spring,2.6,False,bank_transfer,store_pickup,True,True,10.0,paypal,fortnightly,1.0,1148,2026-04-25 09:50:22.623131
1150.0,21.0,male,jewelry,accessories,42.0,georgia,l,cyan,spring,3.3,False,cash,store_pickup,True,True,40.0,venmo,annually,1.0,1149,2026-04-25 09:50:22.623131
1151.0,29.0,male,jewelry,accessories,36.0,kentucky,s,red,winter,2.7,False,debit_card,next_day_air,True,True,50.0,venmo,bi-weekly,1.0,1150,2026-04-25 09:50:22.623131
1152.0,41.0,male,blouse,clothing,86.0,ohio,m,gray,spring,4.2,False,bank_transfer,express,True,True,24.0,credit_card,weekly,1.0,1151,2026-04-25 09:50:22.623131
1153.0,62.0,male,handbag,accessories,49.0,connecticut,m,gold,fall,4.0,False,cash,standard,True,True,8.0,paypal,every_3_months,1.0,1152,2026-04-25 09:50:22.623131
1154.0,27.0,male,shirt,clothing,41.0,idaho,m,pink,summer,4.0,False,paypal,free_shipping,True,True,6.0,bank_transfer,quarterly,1.0,1153,2026-04-25 09:50:22.623131
1155.0,49.0,male,dress,clothing,82.0,georgia,l,cyan,spring,2.9,False,venmo,2-day_shipping,True,True,44.0,credit_card,bi-weekly,1.0,1154,2026-04-25 09:50:22.623131
1156.0,67.0,male,t-shirt,clothing,53.0,tennessee,s,red,fall,2.6,False,debit_card,express,True,True,47.0,paypal,quarterly,1.0,1155,2026-04-25 09:50:22.623131
1157.0,20.0,male,shoes,footwear,21.0,hawaii,m,gold,summer,4.8,False,paypal,express,True,True,6.0,venmo,every_3_months,1.0,1156,2026-04-25 09:50:22.623131
1158.0,37.0,male,belt,accessories,66.0,maryland,m,charcoal,fall,4.4,False,credit_card,standard,True,True,11.0,cash,quarterly,1.0,1157,2026-04-25 09:50:22.623131
1159.0,69.0,male,belt,accessories,89.0,nevada,l,orange,summer,4.0,False,venmo,2-day_shipping,True,True,41.0,bank_transfer,annually,1.0,1158,2026-04-25 09:50:22.623131
1160.0,66.0,male,handbag,accessories,55.0,new_hampshire,l,blue,fall,3.6,False,debit_card,2-day_shipping,True,True,46.0,venmo,every_3_months,1.0,1159,2026-04-25 09:50:22.623131
1161.0,37.0,male,scarf,accessories,42.0,north_dakota,s,blue,summer,3.2,False,cash,next_day_air,True,True,9.0,venmo,bi-weekly,1.0,1160,2026-04-25 09:50:22.623131
1162.0,63.0,male,shorts,clothing,52.0,oklahoma,s,orange,fall,3.1,False,bank_transfer,2-day_shipping,True,True,37.0,paypal,monthly,1.0,1161,2026-04-25 09:50:22.623131
1163.0,47.0,male,sandals,footwear,92.0,north_carolina,m,blue,winter,4.2,False,venmo,express,True,True,13.0,paypal,weekly,1.0,1162,2026-04-25 09:50:22.623131
1164.0,26.0,male,pants,clothing,56.0,tennessee,l,white,summer,3.0,False,credit_card,2-day_shipping,True,True,24.0,debit_card,monthly,1.0,1163,2026-04-25 09:50:22.623131
1165.0,68.0,male,dress,clothing,96.0,montana,m,green,winter,4.2,False,credit_card,standard,True,True,47.0,paypal,quarterly,1.0,1164,2026-04-25 09:50:22.623131
1166.0,51.0,male,t-shirt,clothing,64.0,wisconsin,m,silver,winter,2.9,False,cash,next_day_air,True,True,21.0,venmo,every_3_months,1.0,1165,2026-04-25 09:50:22.623131
1167.0,48.0,male,dress,clothing,48.0,connecticut,s,lavender,winter,3.7,False,cash,store_pickup,True,True,22.0,venmo,fortnightly,1.0,1166,2026-04-25 09:50:22.623131
1168.0,60.0,male,socks,clothing,83.0,new_jersey,xl,beige,summer,3.6,False,paypal,free_shipping,True,True,16.0,paypal,quarterly,1.0,1167,2026-04-25 09:50:22.623131
1169.0,68.0,male,scarf,accessories,91.0,mississippi,l,violet,summer,3.6,False,paypal,standard,True,True,37.0,debit_card,fortnightly,1.0,1168,2026-04-25 09:50:22.623131
1170.0,25.0,male,backpack,accessories,94.0,wyoming,s,gray,fall,4.5,False,venmo,2-day_shipping,True,True,3.0,cash,annually,1.0,1169,2026-04-25 09:50:22.623131
1171.0,57.0,male,skirt,clothing,62.0,illinois,s,red,spring,3.2,False,bank_transfer,express,True,True,33.0,cash,bi-weekly,1.0,1170,2026-04-25 09:50:22.623131
1172.0,41.0,male,socks,clothing,55.0,louisiana,m,lavender,spring,3.9,False,bank_transfer,next_day_air,True,True,15.0,debit_card,annually,1.0,1171,2026-04-25 09:50:22.623131
1173.0,59.0,male,coat,outerwear,68.0,oregon,l,peach,spring,4.6,False,credit_card,store_pickup,True,True,42.0,bank_transfer,bi-weekly,1.0,1172,2026-04-25 09:50:22.623131
1174.0,44.0,male,jewelry,accessories,76.0,south_dakota,m,indigo,winter,2.5,False,credit_card,express,True,True,42.0,cash,bi-weekly,1.0,1173,2026-04-25 09:50:22.623131
1175.0,42.0,male,backpack,accessories,31.0,michigan,m,black,winter,4.3,False,cash,express,True,True,19.0,bank_transfer,bi-weekly,1.0,1174,2026-04-25 09:50:22.623131
1176.0,35.0,male,belt,accessories,81.0,new_jersey,m,beige,spring,4.1,False,credit_card,store_pickup,True,True,26.0,paypal,quarterly,1.0,1175,2026-04-25 09:50:22.623131
1177.0,36.0,male,dress,clothing,83.0,oregon,m,red,winter,4.6,False,credit_card,free_shipping,True,True,39.0,paypal,quarterly,1.0,1176,2026-04-25 09:50:22.623131
1178.0,54.0,male,skirt,clothing,21.0,iowa,m,black,spring,4.8,False,cash,standard,True,True,24.0,debit_card,monthly,1.0,1177,2026-04-25 09:50:22.623131
1179.0,37.0,male,dress,clothing,22.0,south_carolina,m,teal,spring,4.9,False,credit_card,express,True,True,23.0,debit_card,annually,1.0,1178,2026-04-25 09:50:22.623131
1180.0,20.0,male,t-shirt,clothing,33.0,indiana,m,blue,summer,2.8,False,debit_card,free_shipping,True,True,44.0,bank_transfer,annually,1.0,1179,2026-04-25 09:50:22.623131
1181.0,23.0,male,skirt,clothing,23.0,oregon,s,beige,spring,4.9,False,cash,standard,True,True,34.0,cash,monthly,1.0,1180,2026-04-25 09:50:22.623131
1182.0,61.0,male,shorts,clothing,96.0,new_york,l,teal,summer,3.5,False,cash,free_shipping,True,True,43.0,bank_transfer,quarterly,1.0,1181,2026-04-25 09:50:22.623131
1183.0,37.0,male,jewelry,accessories,21.0,new_mexico,m,maroon,spring,3.8,False,debit_card,express,True,True,45.0,paypal,quarterly,1.0,1182,2026-04-25 09:50:22.623131
1184.0,23.0,male,pants,clothing,39.0,louisiana,m,yellow,spring,4.5,False,paypal,2-day_shipping,True,True,4.0,credit_card,weekly,1.0,1183,2026-04-25 09:50:22.623131
1185.0,63.0,male,belt,accessories,73.0,south_carolina,s,indigo,fall,3.4,False,bank_transfer,express,True,True,19.0,credit_card,annually,1.0,1184,2026-04-25 09:50:22.623131
1186.0,47.0,male,jeans,clothing,64.0,maine,m,magenta,spring,3.9,False,debit_card,standard,True,True,29.0,credit_card,monthly,1.0,1185,2026-04-25 09:50:22.623131
1187.0,63.0,male,jeans,clothing,68.0,indiana,m,beige,summer,4.1,False,cash,2-day_shipping,True,True,27.0,credit_card,annually,1.0,1186,2026-04-25 09:50:22.623131
1188.0,56.0,male,hat,accessories,89.0,iowa,l,maroon,fall,3.0,False,cash,express,True,True,37.0,credit_card,every_3_months,1.0,1187,2026-04-25 09:50:22.623131
1189.0,68.0,male,blouse,clothing,29.0,mississippi,m,magenta,summer,3.3,False,credit_card,next_day_air,True,True,11.0,credit_card,weekly,1.0,1188,2026-04-25 09:50:22.623131
1190.0,64.0,male,shirt,clothing,97.0,arkansas,xl,teal,summer,4.9,False,venmo,free_shipping,True,True,28.0,debit_card,annually,1.0,1189,2026-04-25 09:50:22.623131
1191.0,62.0,male,shirt,clothing,45.0,south_carolina,m,orange,winter,4.3,False,bank_transfer,next_day_air,True,True,31.0,credit_card,weekly,1.0,1190,2026-04-25 09:50:22.623131
1192.0,34.0,male,t-shirt,clothing,70.0,indiana,l,charcoal,winter,4.1,False,debit_card,free_shipping,True,True,50.0,venmo,quarterly,1.0,1191,2026-04-25 09:50:22.623131
1193.0,49.0,male,coat,outerwear,56.0,florida,m,turquoise,summer,4.0,False,paypal,2-day_shipping,True,True,42.0,venmo,quarterly,1.0,1192,2026-04-25 09:50:22.623131
1194.0,40.0,male,jacket,outerwear,55.0,alaska,l,pink,fall,5.0,False,venmo,2-day_shipping,True,True,18.0,credit_card,fortnightly,1.0,1193,2026-04-25 09:50:22.623131
1195.0,50.0,male,hoodie,clothing,46.0,new_york,s,teal,winter,3.1,False,debit_card,2-day_shipping,True,True,6.0,credit_card,fortnightly,1.0,1194,2026-04-25 09:50:22.623131
1196.0,25.0,male,scarf,accessories,95.0,texas,m,white,winter,4.0,False,cash,2-day_shipping,True,True,33.0,venmo,monthly,1.0,1195,2026-04-25 09:50:22.623131
1197.0,30.0,male,belt,accessories,88.0,north_dakota,m,maroon,winter,3.2,False,paypal,2-day_shipping,True,True,13.0,bank_transfer,bi-weekly,1.0,1196,2026-04-25 09:50:22.623131
1198.0,54.0,male,sneakers,footwear,92.0,vermont,l,violet,fall,3.9,False,debit_card,standard,True,True,26.0,paypal,annually,1.0,1197,2026-04-25 09:50:22.623131
1199.0,40.0,male,socks,clothing,49.0,new_jersey,m,brown,summer,3.9,False,bank_transfer,2-day_shipping,True,True,17.0,cash,annually,1.0,1198,2026-04-25 09:50:22.623131
1200.0,49.0,male,sandals,footwear,89.0,maryland,m,indigo,fall,4.5,False,credit_card,free_shipping,True,True,3.0,debit_card,weekly,1.0,1199,2026-04-25 09:50:22.623131
1201.0,27.0,male,coat,outerwear,22.0,connecticut,xl,black,winter,4.4,False,bank_transfer,store_pickup,True,True,7.0,paypal,weekly,1.0,1200,2026-04-25 09:50:22.623131
1202.0,27.0,male,shoes,footwear,61.0,illinois,xl,black,summer,3.1,False,cash,2-day_shipping,True,True,46.0,venmo,fortnightly,1.0,1201,2026-04-25 09:50:22.623131
1203.0,48.0,male,scarf,accessories,29.0,maryland,s,olive,spring,2.9,False,bank_transfer,standard,True,True,14.0,venmo,every_3_months,1.0,1202,2026-04-25 09:50:22.623131
1204.0,40.0,male,sneakers,footwear,82.0,minnesota,m,orange,winter,3.7,False,bank_transfer,free_shipping,True,True,23.0,bank_transfer,annually,1.0,1203,2026-04-25 09:50:22.623131
1205.0,67.0,male,belt,accessories,94.0,florida,m,pink,spring,3.2,False,bank_transfer,2-day_shipping,True,True,20.0,credit_card,every_3_months,1.0,1204,2026-04-25 09:50:22.623131
1206.0,52.0,male,handbag,accessories,99.0,california,m,olive,spring,3.5,False,credit_card,standard,True,True,38.0,bank_transfer,fortnightly,1.0,1205,2026-04-25 09:50:22.623131
1207.0,22.0,male,handbag,accessories,59.0,mississippi,s,cyan,fall,3.0,False,cash,free_shipping,True,True,16.0,venmo,every_3_months,1.0,1206,2026-04-25 09:50:22.623131
1208.0,62.0,male,boots,footwear,90.0,washington,m,white,summer,4.1,False,venmo,next_day_air,True,True,48.0,credit_card,every_3_months,1.0,1207,2026-04-25 09:50:22.623131
1209.0,20.0,male,boots,footwear,100.0,wisconsin,s,red,winter,2.9,False,cash,2-day_shipping,True,True,8.0,debit_card,annually,1.0,1208,2026-04-25 09:50:22.623131
1210.0,41.0,male,pants,clothing,62.0,pennsylvania,m,blue,winter,3.8,False,paypal,next_day_air,True,True,16.0,bank_transfer,monthly,1.0,1209,2026-04-25 09:50:22.623131
1211.0,34.0,male,sunglasses,accessories,78.0,missouri,m,olive,fall,4.1,False,paypal,next_day_air,True,True,5.0,cash,quarterly,1.0,1210,2026-04-25 09:50:22.623131
1212.0,23.0,male,hoodie,clothing,94.0,oklahoma,m,green,spring,4.6,False,venmo,store_pickup,True,True,14.0,venmo,every_3_months,1.0,1211,2026-04-25 09:50:22.623131
1213.0,32.0,male,shoes,footwear,74.0,pennsylvania,m,yellow,summer,2.5,False,venmo,free_shipping,True,True,18.0,credit_card,weekly,1.0,1212,2026-04-25 09:50:22.623131
1214.0,68.0,male,handbag,accessories,52.0,kentucky,xl,black,spring,3.7,False,cash,express,True,True,14.0,debit_card,every_3_months,1.0,1213,2026-04-25 09:50:22.623131
1215.0,30.0,male,jacket,outerwear,81.0,vermont,m,blue,fall,3.8,False,cash,free_shipping,True,True,5.0,cash,every_3_months,1.0,1214,2026-04-25 09:50:22.623131
1216.0,66.0,male,blouse,clothing,20.0,oregon,l,pink,winter,2.6,False,cash,2-day_shipping,True,True,15.0,credit_card,every_3_months,1.0,1215,2026-04-25 09:50:22.623131
1217.0,62.0,male,pants,clothing,32.0,utah,xl,lavender,summer,3.7,False,paypal,free_shipping,True,True,3.0,venmo,every_3_months,1.0,1216,2026-04-25 09:50:22.623131
1218.0,50.0,male,boots,footwear,63.0,nebraska,xl,cyan,fall,2.6,False,debit_card,free_shipping,True,True,12.0,cash,every_3_months,1.0,1217,2026-04-25 09:50:22.623131
1219.0,55.0,male,boots,footwear,79.0,pennsylvania,m,cyan,spring,3.1,False,venmo,store_pickup,True,True,43.0,cash,every_3_months,1.0,1218,2026-04-25 09:50:22.623131
1220.0,19.0,male,sweater,clothing,23.0,vermont,m,gold,winter,2.5,False,bank_transfer,next_day_air,True,True,35.0,credit_card,bi-weekly,1.0,1219,2026-04-25 09:50:22.623131
1221.0,67.0,male,gloves,accessories,64.0,kentucky,m,green,winter,4.9,False,bank_transfer,express,True,True,36.0,bank_transfer,quarterly,1.0,1220,2026-04-25 09:50:22.623131
1222.0,18.0,male,socks,clothing,69.0,iowa,m,red,winter,4.5,False,bank_transfer,standard,True,True,3.0,cash,quarterly,1.0,1221,2026-04-25 09:50:22.623131
1223.0,58.0,male,jeans,clothing,69.0,indiana,l,magenta,fall,3.4,False,bank_transfer,store_pickup,True,True,27.0,bank_transfer,annually,1.0,1222,2026-04-25 09:50:22.623131
1224.0,69.0,male,pants,clothing,24.0,kansas,l,red,winter,3.9,False,credit_card,free_shipping,True,True,21.0,bank_transfer,weekly,1.0,1223,2026-04-25 09:50:22.623131
1225.0,62.0,male,shorts,clothing,50.0,illinois,m,yellow,summer,3.7,False,bank_transfer,store_pickup,True,True,18.0,venmo,weekly,1.0,1224,2026-04-25 09:50:22.623131
1226.0,28.0,male,gloves,accessories,97.0,north_carolina,s,turquoise,fall,2.6,False,credit_card,free_shipping,True,True,16.0,debit_card,weekly,1.0,1225,2026-04-25 09:50:22.623131
1227.0,53.0,male,sandals,footwear,91.0,ohio,s,cyan,fall,3.4,False,paypal,store_pickup,True,True,18.0,venmo,bi-weekly,1.0,1226,2026-04-25 09:50:22.623131
1228.0,27.0,male,blouse,clothing,37.0,illinois,l,yellow,spring,4.9,False,venmo,store_pickup,True,True,19.0,bank_transfer,bi-weekly,1.0,1227,2026-04-25 09:50:22.623131
1229.0,55.0,male,jacket,outerwear,55.0,indiana,s,yellow,winter,3.9,False,venmo,express,True,True,1.0,cash,annually,1.0,1228,2026-04-25 09:50:22.623131
1230.0,34.0,male,jewelry,accessories,52.0,kansas,xl,maroon,winter,3.6,False,venmo,express,True,True,39.0,bank_transfer,annually,1.0,1229,2026-04-25 09:50:22.623131
1231.0,25.0,male,hat,accessories,80.0,illinois,l,brown,spring,4.6,False,debit_card,standard,True,True,49.0,venmo,monthly,1.0,1230,2026-04-25 09:50:22.623131
1232.0,66.0,male,socks,clothing,79.0,pennsylvania,m,gold,spring,4.0,False,credit_card,2-day_shipping,True,True,43.0,credit_card,fortnightly,1.0,1231,2026-04-25 09:50:22.623131
1233.0,57.0,male,handbag,accessories,23.0,new_york,m,charcoal,summer,3.6,False,cash,free_shipping,True,True,31.0,debit_card,every_3_months,1.0,1232,2026-04-25 09:50:22.623131
1234.0,46.0,male,pants,clothing,73.0,utah,l,beige,winter,3.5,False,cash,next_day_air,True,True,40.0,venmo,every_3_months,1.0,1233,2026-04-25 09:50:22.623131
1235.0,38.0,male,gloves,accessories,99.0,new_jersey,m,indigo,fall,4.1,False,cash,store_pickup,True,True,2.0,bank_transfer,bi-weekly,1.0,1234,2026-04-25 09:50:22.623131
1236.0,23.0,male,sweater,clothing,22.0,idaho,m,red,spring,3.0,False,bank_transfer,store_pickup,True,True,46.0,paypal,every_3_months,1.0,1235,2026-04-25 09:50:22.623131
1237.0,42.0,male,hat,accessories,68.0,new_mexico,m,white,summer,4.4,False,paypal,store_pickup,True,True,35.0,debit_card,every_3_months,1.0,1236,2026-04-25 09:50:22.623131
1238.0,25.0,male,dress,clothing,92.0,michigan,s,charcoal,spring,4.4,False,credit_card,2-day_shipping,True,True,42.0,credit_card,quarterly,1.0,1237,2026-04-25 09:50:22.623131
1239.0,55.0,male,pants,clothing,77.0,wyoming,m,violet,winter,3.7,False,paypal,express,True,True,3.0,venmo,fortnightly,1.0,1238,2026-04-25 09:50:22.623131
1240.0,62.0,male,coat,outerwear,37.0,new_jersey,xl,magenta,spring,4.8,False,paypal,standard,True,True,32.0,debit_card,every_3_months,1.0,1239,2026-04-25 09:50:22.623131
1241.0,41.0,male,scarf,accessories,79.0,new_jersey,l,white,winter,2.9,False,debit_card,store_pickup,True,True,48.0,debit_card,annually,1.0,1240,2026-04-25 09:50:22.623131
1242.0,58.0,male,hoodie,clothing,51.0,hawaii,xl,pink,winter,3.1,False,cash,express,True,True,34.0,credit_card,weekly,1.0,1241,2026-04-25 09:50:22.623131
1243.0,56.0,male,socks,clothing,27.0,nevada,m,lavender,summer,4.0,False,bank_transfer,next_day_air,True,True,15.0,bank_transfer,quarterly,1.0,1242,2026-04-25 09:50:22.623131
1244.0,25.0,male,blouse,clothing,23.0,new_hampshire,s,pink,spring,3.0,False,paypal,store_pickup,True,True,22.0,debit_card,annually,1.0,1243,2026-04-25 09:50:22.623131
1245.0,70.0,male,socks,clothing,76.0,indiana,s,silver,summer,3.9,False,cash,2-day_shipping,True,True,2.0,cash,monthly,1.0,1244,2026-04-25 09:50:22.623131
1246.0,42.0,male,dress,clothing,31.0,new_york,m,violet,fall,3.4,False,bank_transfer,standard,True,True,30.0,bank_transfer,weekly,1.0,1245,2026-04-25 09:50:22.623131
1247.0,27.0,male,hoodie,clothing,60.0,louisiana,m,charcoal,winter,2.7,False,credit_card,standard,True,True,27.0,cash,monthly,1.0,1246,2026-04-25 09:50:22.623131
1248.0,65.0,male,t-shirt,clothing,99.0,virginia,m,charcoal,spring,3.5,False,bank_transfer,express,True,True,18.0,venmo,bi-weekly,1.0,1247,2026-04-25 09:50:22.623131
1249.0,62.0,male,hat,accessories,37.0,wisconsin,xl,red,winter,3.0,False,credit_card,free_shipping,True,True,8.0,credit_card,annually,1.0,1248,2026-04-25 09:50:22.623131
1250.0,62.0,male,boots,footwear,50.0,oregon,m,peach,winter,4.5,False,paypal,express,True,True,48.0,venmo,fortnightly,1.0,1249,2026-04-25 09:50:22.623131
1251.0,52.0,male,jeans,clothing,26.0,new_hampshire,xl,purple,winter,4.1,False,cash,free_shipping,True,True,24.0,cash,monthly,1.0,1250,2026-04-25 09:50:22.623131
1252.0,56.0,male,shorts,clothing,86.0,indiana,xl,orange,spring,5.0,False,debit_card,next_day_air,True,True,43.0,credit_card,monthly,1.0,1251,2026-04-25 09:50:22.623131
1253.0,28.0,male,sandals,footwear,41.0,massachusetts,l,magenta,fall,4.0,False,venmo,standard,True,True,8.0,cash,quarterly,1.0,1252,2026-04-25 09:50:22.623131
1254.0,39.0,male,sandals,footwear,23.0,montana,xl,red,winter,4.9,False,venmo,express,True,True,49.0,paypal,annually,1.0,1253,2026-04-25 09:50:22.623131
1255.0,54.0,male,sneakers,footwear,56.0,california,xl,black,spring,3.3,False,cash,2-day_shipping,True,True,2.0,credit_card,bi-weekly,1.0,1254,2026-04-25 09:50:22.623131
1256.0,30.0,male,hat,accessories,68.0,indiana,m,peach,fall,4.1,False,credit_card,standard,True,True,38.0,cash,fortnightly,1.0,1255,2026-04-25 09:50:22.623131
1257.0,45.0,male,coat,outerwear,48.0,west_virginia,s,olive,winter,3.6,False,cash,express,True,True,4.0,cash,fortnightly,1.0,1256,2026-04-25 09:50:22.623131
1258.0,68.0,male,dress,clothing,67.0,minnesota,l,gold,spring,3.0,False,cash,free_shipping,True,True,31.0,cash,every_3_months,1.0,1257,2026-04-25 09:50:22.623131
1259.0,47.0,male,boots,footwear,87.0,ohio,xl,gold,spring,4.1,False,debit_card,2-day_shipping,True,True,34.0,debit_card,every_3_months,1.0,1258,2026-04-25 09:50:22.623131
1260.0,68.0,male,skirt,clothing,64.0,minnesota,m,turquoise,fall,3.9,False,bank_transfer,standard,True,True,45.0,credit_card,monthly,1.0,1259,2026-04-25 09:50:22.623131
1261.0,63.0,male,shirt,clothing,93.0,virginia,xl,green,spring,4.1,False,venmo,store_pickup,True,True,30.0,debit_card,quarterly,1.0,1260,2026-04-25 09:50:22.623131
1262.0,20.0,male,shirt,clothing,29.0,connecticut,l,maroon,summer,2.8,False,venmo,next_day_air,True,True,2.0,credit_card,fortnightly,1.0,1261,2026-04-25 09:50:22.623131
1263.0,29.0,male,boots,footwear,62.0,tennessee,l,brown,winter,4.8,False,debit_card,store_pickup,True,True,44.0,venmo,monthly,1.0,1262,2026-04-25 09:50:22.623131
1264.0,41.0,male,hoodie,clothing,70.0,delaware,l,brown,winter,4.6,False,bank_transfer,2-day_shipping,True,True,1.0,credit_card,bi-weekly,1.0,1263,2026-04-25 09:50:22.623131
1265.0,52.0,male,sweater,clothing,92.0,vermont,s,blue,winter,2.5,False,venmo,next_day_air,True,True,1.0,venmo,bi-weekly,1.0,1264,2026-04-25 09:50:22.623131
1266.0,32.0,male,shirt,clothing,79.0,louisiana,m,lavender,spring,2.7,False,bank_transfer,next_day_air,True,True,27.0,bank_transfer,weekly,1.0,1265,2026-04-25 09:50:22.623131
1267.0,20.0,male,blouse,clothing,31.0,north_dakota,m,peach,fall,4.0,False,cash,standard,True,True,14.0,debit_card,every_3_months,1.0,1266,2026-04-25 09:50:22.623131
1268.0,47.0,male,t-shirt,clothing,83.0,oregon,s,gray,spring,2.7,False,credit_card,standard,True,True,41.0,cash,weekly,1.0,1267,2026-04-25 09:50:22.623131
1269.0,23.0,male,jacket,outerwear,88.0,idaho,xl,charcoal,winter,2.9,False,venmo,next_day_air,True,True,25.0,debit_card,bi-weekly,1.0,1268,2026-04-25 09:50:22.623131
1270.0,43.0,male,jewelry,accessories,53.0,vermont,m,lavender,spring,3.0,False,paypal,standard,True,True,47.0,paypal,quarterly,1.0,1269,2026-04-25 09:50:22.623131
1271.0,67.0,male,hoodie,clothing,98.0,west_virginia,m,green,fall,3.3,False,cash,standard,True,True,20.0,cash,annually,1.0,1270,2026-04-25 09:50:22.623131
1272.0,70.0,male,jewelry,accessories,57.0,kentucky,s,gray,spring,4.3,False,cash,store_pickup,True,True,42.0,paypal,annually,1.0,1271,2026-04-25 09:50:22.623131
1273.0,35.0,male,sandals,footwear,80.0,wisconsin,m,orange,winter,4.4,False,debit_card,express,True,True,16.0,bank_transfer,monthly,1.0,1272,2026-04-25 09:50:22.623131
1274.0,41.0,male,jeans,clothing,29.0,mississippi,l,silver,spring,4.1,False,cash,next_day_air,True,True,32.0,credit_card,every_3_months,1.0,1273,2026-04-25 09:50:22.623131
1275.0,54.0,male,hat,accessories,73.0,missouri,m,olive,spring,3.1,False,cash,2-day_shipping,True,True,37.0,paypal,quarterly,1.0,1274,2026-04-25 09:50:22.623131
1276.0,55.0,male,sweater,clothing,32.0,arkansas,s,turquoise,fall,4.5,False,paypal,standard,True,True,1.0,paypal,monthly,1.0,1275,2026-04-25 09:50:22.623131
1277.0,51.0,male,boots,footwear,68.0,wyoming,l,turquoise,spring,4.8,False,paypal,next_day_air,True,True,37.0,bank_transfer,weekly,1.0,1276,2026-04-25 09:50:22.623131
1278.0,19.0,male,blouse,clothing,97.0,rhode_island,l,green,spring,5.0,False,debit_card,express,True,True,5.0,venmo,quarterly,1.0,1277,2026-04-25 09:50:22.623131
1279.0,28.0,male,shorts,clothing,98.0,utah,m,violet,fall,2.8,False,credit_card,next_day_air,True,True,31.0,venmo,fortnightly,1.0,1278,2026-04-25 09:50:22.623131
1280.0,63.0,male,hoodie,clothing,56.0,maryland,l,charcoal,fall,3.7,False,paypal,express,True,True,18.0,debit_card,annually,1.0,1279,2026-04-25 09:50:22.623131
1281.0,30.0,male,pants,clothing,78.0,georgia,l,white,winter,4.4,False,paypal,2-day_shipping,True,True,39.0,venmo,every_3_months,1.0,1280,2026-04-25 09:50:22.623131
1282.0,29.0,male,belt,accessories,81.0,new_jersey,m,olive,spring,4.5,False,cash,store_pickup,True,True,8.0,venmo,bi-weekly,1.0,1281,2026-04-25 09:50:22.623131
1283.0,24.0,male,shirt,clothing,68.0,new_hampshire,l,violet,winter,3.0,False,debit_card,free_shipping,True,True,20.0,venmo,monthly,1.0,1282,2026-04-25 09:50:22.623131
1284.0,69.0,male,shirt,clothing,94.0,oregon,m,violet,winter,3.9,False,credit_card,2-day_shipping,True,True,23.0,debit_card,every_3_months,1.0,1283,2026-04-25 09:50:22.623131
1285.0,65.0,male,dress,clothing,93.0,arkansas,m,black,spring,3.9,False,bank_transfer,express,True,True,38.0,paypal,fortnightly,1.0,1284,2026-04-25 09:50:22.623131
1286.0,64.0,male,gloves,accessories,99.0,north_carolina,m,charcoal,fall,3.5,False,venmo,next_day_air,True,True,45.0,bank_transfer,fortnightly,1.0,1285,2026-04-25 09:50:22.623131
1287.0,40.0,male,gloves,accessories,49.0,west_virginia,l,yellow,winter,4.9,False,bank_transfer,next_day_air,True,True,44.0,debit_card,fortnightly,1.0,1286,2026-04-25 09:50:22.623131
1288.0,24.0,male,jeans,clothing,28.0,utah,xl,blue,winter,3.4,False,venmo,standard,True,True,20.0,paypal,monthly,1.0,1287,2026-04-25 09:50:22.623131
1289.0,66.0,male,belt,accessories,93.0,south_dakota,xl,charcoal,winter,4.1,False,venmo,standard,True,True,34.0,paypal,bi-weekly,1.0,1288,2026-04-25 09:50:22.623131
1290.0,35.0,male,jacket,outerwear,24.0,new_hampshire,m,red,fall,2.9,False,debit_card,next_day_air,True,True,10.0,paypal,weekly,1.0,1289,2026-04-25 09:50:22.623131
1291.0,67.0,male,skirt,clothing,35.0,maryland,m,indigo,spring,3.4,False,cash,free_shipping,True,True,3.0,paypal,annually,1.0,1290,2026-04-25 09:50:22.623131
1292.0,69.0,male,sandals,footwear,68.0,south_dakota,s,beige,spring,3.2,False,venmo,2-day_shipping,True,True,23.0,debit_card,fortnightly,1.0,1291,2026-04-25 09:50:22.623131
1293.0,26.0,male,belt,accessories,61.0,kentucky,m,maroon,summer,3.9,False,debit_card,free_shipping,True,True,42.0,bank_transfer,annually,1.0,1292,2026-04-25 09:50:22.623131
1294.0,23.0,male,sweater,clothing,74.0,florida,xl,yellow,fall,4.1,False,bank_transfer,standard,True,True,30.0,debit_card,annually,1.0,1293,2026-04-25 09:50:22.623131
1295.0,27.0,male,shirt,clothing,64.0,texas,m,silver,summer,4.5,False,credit_card,standard,True,True,21.0,cash,every_3_months,1.0,1294,2026-04-25 09:50:22.623131
1296.0,30.0,male,sneakers,footwear,60.0,new_mexico,m,olive,fall,2.8,False,paypal,standard,True,True,50.0,paypal,weekly,1.0,1295,2026-04-25 09:50:22.623131
1297.0,48.0,male,jeans,clothing,29.0,south_dakota,s,teal,spring,2.8,False,paypal,express,True,True,16.0,cash,bi-weekly,1.0,1296,2026-04-25 09:50:22.623131
1298.0,44.0,male,sandals,footwear,85.0,new_jersey,m,silver,summer,4.6,False,debit_card,standard,True,True,32.0,venmo,annually,1.0,1297,2026-04-25 09:50:22.623131
1299.0,29.0,male,pants,clothing,81.0,indiana,s,indigo,summer,3.0,False,cash,free_shipping,True,True,14.0,bank_transfer,fortnightly,1.0,1298,2026-04-25 09:50:22.623131
1300.0,29.0,male,belt,accessories,23.0,louisiana,l,teal,fall,3.6,False,bank_transfer,2-day_shipping,True,True,42.0,venmo,bi-weekly,1.0,1299,2026-04-25 09:50:22.623131
1301.0,67.0,male,t-shirt,clothing,100.0,west_virginia,m,charcoal,spring,4.5,False,cash,next_day_air,True,True,47.0,credit_card,every_3_months,1.0,1300,2026-04-25 09:50:22.623131
1302.0,42.0,male,shirt,clothing,54.0,maine,m,orange,fall,5.0,False,venmo,express,True,True,21.0,debit_card,weekly,1.0,1301,2026-04-25 09:50:22.623131
1303.0,23.0,male,sneakers,footwear,25.0,idaho,m,gold,fall,2.9,False,bank_transfer,next_day_air,True,True,37.0,credit_card,monthly,1.0,1302,2026-04-25 09:50:22.623131
1304.0,34.0,male,blouse,clothing,32.0,new_york,l,silver,summer,3.1,False,venmo,next_day_air,True,True,10.0,credit_card,annually,1.0,1303,2026-04-25 09:50:22.623131
1305.0,64.0,male,backpack,accessories,63.0,montana,s,orange,spring,4.0,False,bank_transfer,2-day_shipping,True,True,18.0,paypal,every_3_months,1.0,1304,2026-04-25 09:50:22.623131
1306.0,31.0,male,pants,clothing,56.0,mississippi,xl,peach,spring,4.5,False,venmo,express,True,True,2.0,paypal,every_3_months,1.0,1305,2026-04-25 09:50:22.623131
1307.0,54.0,male,sweater,clothing,33.0,alaska,l,brown,winter,4.5,False,cash,next_day_air,True,True,40.0,paypal,annually,1.0,1306,2026-04-25 09:50:22.623131
1308.0,23.0,male,coat,outerwear,32.0,missouri,l,black,summer,3.1,False,paypal,express,True,True,43.0,paypal,annually,1.0,1307,2026-04-25 09:50:22.623131
1309.0,59.0,male,dress,clothing,38.0,rhode_island,l,red,summer,4.4,False,credit_card,next_day_air,True,True,14.0,credit_card,every_3_months,1.0,1308,2026-04-25 09:50:22.623131
1310.0,32.0,male,blouse,clothing,21.0,hawaii,l,lavender,summer,4.7,False,bank_transfer,store_pickup,True,True,41.0,cash,quarterly,1.0,1309,2026-04-25 09:50:22.623131
1311.0,43.0,male,hoodie,clothing,59.0,south_carolina,l,brown,winter,3.1,False,credit_card,store_pickup,True,True,38.0,credit_card,every_3_months,1.0,1310,2026-04-25 09:50:22.623131
1312.0,32.0,male,shoes,footwear,87.0,tennessee,m,maroon,fall,4.2,False,credit_card,express,True,True,12.0,venmo,annually,1.0,1311,2026-04-25 09:50:22.623131
1313.0,66.0,male,t-shirt,clothing,79.0,missouri,m,violet,winter,3.0,False,venmo,store_pickup,True,True,19.0,bank_transfer,monthly,1.0,1312,2026-04-25 09:50:22.623131
1314.0,70.0,male,shoes,footwear,28.0,missouri,m,lavender,summer,2.6,False,cash,free_shipping,True,True,23.0,credit_card,bi-weekly,1.0,1313,2026-04-25 09:50:22.623131
1315.0,42.0,male,boots,footwear,67.0,missouri,s,magenta,summer,3.4,False,venmo,free_shipping,True,True,49.0,debit_card,annually,1.0,1314,2026-04-25 09:50:22.623131
1316.0,56.0,male,shorts,clothing,75.0,mississippi,l,green,spring,4.2,False,paypal,2-day_shipping,True,True,29.0,debit_card,quarterly,1.0,1315,2026-04-25 09:50:22.623131
1317.0,28.0,male,belt,accessories,32.0,arkansas,s,lavender,spring,4.6,False,paypal,standard,True,True,14.0,debit_card,bi-weekly,1.0,1316,2026-04-25 09:50:22.623131
1318.0,28.0,male,pants,clothing,43.0,kentucky,m,green,spring,2.8,False,credit_card,free_shipping,True,True,19.0,cash,monthly,1.0,1317,2026-04-25 09:50:22.623131
1319.0,52.0,male,shorts,clothing,93.0,connecticut,m,maroon,spring,2.7,False,venmo,express,True,True,19.0,credit_card,bi-weekly,1.0,1318,2026-04-25 09:50:22.623131
1320.0,65.0,male,sunglasses,accessories,24.0,oklahoma,m,magenta,spring,4.0,False,credit_card,standard,True,True,48.0,bank_transfer,weekly,1.0,1319,2026-04-25 09:50:22.623131
1321.0,56.0,male,hat,accessories,31.0,california,xl,teal,fall,3.1,False,paypal,free_shipping,True,True,19.0,debit_card,annually,1.0,1320,2026-04-25 09:50:22.623131
1322.0,59.0,male,t-shirt,clothing,84.0,missouri,l,orange,winter,3.7,False,credit_card,express,True,True,45.0,bank_transfer,every_3_months,1.0,1321,2026-04-25 09:50:22.623131
1323.0,23.0,male,pants,clothing,74.0,washington,m,violet,winter,4.0,False,credit_card,next_day_air,True,True,17.0,bank_transfer,quarterly,1.0,1322,2026-04-25 09:50:22.623131
1324.0,58.0,male,shorts,clothing,62.0,new_york,m,yellow,spring,4.6,False,cash,standard,True,True,15.0,debit_card,every_3_months,1.0,1323,2026-04-25 09:50:22.623131
1325.0,39.0,male,jewelry,accessories,77.0,indiana,s,orange,summer,3.8,False,credit_card,free_shipping,True,True,11.0,credit_card,fortnightly,1.0,1324,2026-04-25 09:50:22.623131
1326.0,28.0,male,backpack,accessories,73.0,oregon,l,gold,summer,3.5,False,venmo,express,True,True,1.0,cash,monthly,1.0,1325,2026-04-25 09:50:22.623131
1327.0,40.0,male,shoes,footwear,50.0,texas,m,indigo,spring,4.6,False,bank_transfer,free_shipping,True,True,17.0,cash,monthly,1.0,1326,2026-04-25 09:50:22.623131
1328.0,52.0,male,coat,outerwear,40.0,florida,m,turquoise,winter,2.8,False,credit_card,standard,True,True,37.0,cash,weekly,1.0,1327,2026-04-25 09:50:22.623131
1329.0,37.0,male,sweater,clothing,97.0,rhode_island,m,orange,winter,3.7,False,debit_card,standard,True,True,40.0,bank_transfer,weekly,1.0,1328,2026-04-25 09:50:22.623131
1330.0,70.0,male,gloves,accessories,63.0,texas,m,indigo,fall,3.3,False,paypal,express,True,True,50.0,paypal,every_3_months,1.0,1329,2026-04-25 09:50:22.623131
1331.0,30.0,male,handbag,accessories,65.0,vermont,m,charcoal,fall,2.9,False,credit_card,standard,True,True,20.0,paypal,bi-weekly,1.0,1330,2026-04-25 09:50:22.623131
1332.0,38.0,male,socks,clothing,91.0,maryland,m,lavender,spring,3.2,False,credit_card,standard,True,True,8.0,paypal,bi-weekly,1.0,1331,2026-04-25 09:50:22.623131
1333.0,66.0,male,hoodie,clothing,60.0,alaska,s,gold,spring,4.3,False,bank_transfer,store_pickup,True,True,16.0,bank_transfer,quarterly,1.0,1332,2026-04-25 09:50:22.623131
1334.0,29.0,male,pants,clothing,69.0,idaho,m,lavender,winter,2.7,False,cash,next_day_air,True,True,9.0,bank_transfer,quarterly,1.0,1333,2026-04-25 09:50:22.623131
1335.0,46.0,male,coat,outerwear,52.0,west_virginia,s,white,spring,4.2,False,debit_card,store_pickup,True,True,12.0,venmo,monthly,1.0,1334,2026-04-25 09:50:22.623131
1336.0,56.0,male,boots,footwear,49.0,nevada,m,lavender,fall,4.8,False,credit_card,2-day_shipping,True,True,26.0,credit_card,weekly,1.0,1335,2026-04-25 09:50:22.623131
1337.0,23.0,male,sneakers,footwear,85.0,oregon,m,charcoal,spring,4.8,False,paypal,store_pickup,True,True,44.0,debit_card,fortnightly,1.0,1336,2026-04-25 09:50:22.623131
1338.0,37.0,male,sweater,clothing,86.0,tennessee,l,silver,spring,3.4,False,venmo,express,True,True,19.0,credit_card,bi-weekly,1.0,1337,2026-04-25 09:50:22.623131
1339.0,56.0,male,handbag,accessories,51.0,alabama,s,yellow,winter,2.6,False,bank_transfer,standard,True,True,43.0,paypal,fortnightly,1.0,1338,2026-04-25 09:50:22.623131
1340.0,36.0,male,belt,accessories,56.0,indiana,l,olive,winter,5.0,False,paypal,next_day_air,True,True,5.0,bank_transfer,every_3_months,1.0,1339,2026-04-25 09:50:22.623131
1341.0,40.0,male,belt,accessories,72.0,idaho,m,peach,fall,4.4,False,credit_card,next_day_air,True,True,5.0,debit_card,every_3_months,1.0,1340,2026-04-25 09:50:22.623131
1342.0,26.0,male,hoodie,clothing,27.0,rhode_island,xl,yellow,fall,2.9,False,debit_card,standard,True,True,31.0,bank_transfer,quarterly,1.0,1341,2026-04-25 09:50:22.623131
1343.0,57.0,male,sunglasses,accessories,43.0,arizona,xl,yellow,summer,3.4,False,cash,2-day_shipping,True,True,11.0,bank_transfer,monthly,1.0,1342,2026-04-25 09:50:22.623131
1344.0,68.0,male,sneakers,footwear,56.0,florida,m,indigo,spring,3.4,False,venmo,standard,True,True,34.0,bank_transfer,monthly,1.0,1343,2026-04-25 09:50:22.623131
1345.0,56.0,male,t-shirt,clothing,37.0,new_york,s,violet,fall,4.9,False,credit_card,next_day_air,True,True,14.0,cash,annually,1.0,1344,2026-04-25 09:50:22.623131
1346.0,40.0,male,dress,clothing,21.0,nebraska,m,white,fall,3.6,False,credit_card,standard,True,True,42.0,venmo,weekly,1.0,1345,2026-04-25 09:50:22.623131
1347.0,44.0,male,hoodie,clothing,91.0,mississippi,l,white,winter,3.0,False,credit_card,free_shipping,True,True,15.0,venmo,bi-weekly,1.0,1346,2026-04-25 09:50:22.623131
1348.0,44.0,male,sweater,clothing,95.0,vermont,m,cyan,summer,3.9,False,venmo,2-day_shipping,True,True,47.0,bank_transfer,monthly,1.0,1347,2026-04-25 09:50:22.623131
1349.0,19.0,male,belt,accessories,54.0,nebraska,xl,purple,spring,3.2,False,paypal,standard,True,True,23.0,credit_card,fortnightly,1.0,1348,2026-04-25 09:50:22.623131
1350.0,21.0,male,socks,clothing,36.0,south_carolina,xl,black,spring,3.2,False,bank_transfer,next_day_air,True,True,23.0,cash,bi-weekly,1.0,1349,2026-04-25 09:50:22.623131
1351.0,31.0,male,sunglasses,accessories,71.0,delaware,m,orange,fall,4.3,False,cash,next_day_air,True,True,1.0,cash,every_3_months,1.0,1350,2026-04-25 09:50:22.623131
1352.0,30.0,male,coat,outerwear,31.0,vermont,l,maroon,summer,2.8,False,credit_card,2-day_shipping,True,True,28.0,bank_transfer,quarterly,1.0,1351,2026-04-25 09:50:22.623131
1353.0,65.0,male,hat,accessories,89.0,indiana,xl,orange,spring,4.5,False,bank_transfer,next_day_air,True,True,37.0,credit_card,bi-weekly,1.0,1352,2026-04-25 09:50:22.623131
1354.0,39.0,male,pants,clothing,83.0,oregon,m,teal,winter,4.1,False,bank_transfer,next_day_air,True,True,4.0,cash,every_3_months,1.0,1353,2026-04-25 09:50:22.623131
1355.0,64.0,male,backpack,accessories,42.0,maryland,m,gray,spring,3.6,False,debit_card,2-day_shipping,True,True,21.0,bank_transfer,quarterly,1.0,1354,2026-04-25 09:50:22.623131
1356.0,59.0,male,shorts,clothing,91.0,florida,m,blue,summer,3.0,False,venmo,2-day_shipping,True,True,50.0,paypal,bi-weekly,1.0,1355,2026-04-25 09:50:22.623131
1357.0,49.0,male,jacket,outerwear,61.0,indiana,m,cyan,spring,4.0,False,debit_card,free_shipping,True,True,34.0,bank_transfer,annually,1.0,1356,2026-04-25 09:50:22.623131
1358.0,24.0,male,backpack,accessories,66.0,texas,s,red,summer,3.5,False,venmo,next_day_air,True,True,20.0,cash,quarterly,1.0,1357,2026-04-25 09:50:22.623131
1359.0,19.0,male,scarf,accessories,22.0,nebraska,xl,pink,spring,2.5,False,debit_card,store_pickup,True,True,25.0,venmo,every_3_months,1.0,1358,2026-04-25 09:50:22.623131
1360.0,27.0,male,hoodie,clothing,68.0,north_carolina,s,cyan,winter,4.3,False,debit_card,store_pickup,True,True,26.0,bank_transfer,fortnightly,1.0,1359,2026-04-25 09:50:22.623131
1361.0,56.0,male,skirt,clothing,43.0,alabama,l,black,fall,2.8,False,bank_transfer,express,True,True,4.0,bank_transfer,annually,1.0,1360,2026-04-25 09:50:22.623131
1362.0,49.0,male,dress,clothing,32.0,alabama,m,beige,fall,3.7,False,cash,next_day_air,True,True,39.0,debit_card,monthly,1.0,1361,2026-04-25 09:50:22.623131
1363.0,41.0,male,coat,outerwear,46.0,colorado,m,gray,fall,4.3,False,cash,express,True,True,29.0,cash,weekly,1.0,1362,2026-04-25 09:50:22.623131
1364.0,36.0,male,blouse,clothing,90.0,wisconsin,l,red,summer,4.0,False,bank_transfer,express,True,True,47.0,paypal,quarterly,1.0,1363,2026-04-25 09:50:22.623131
1365.0,68.0,male,hat,accessories,75.0,delaware,l,yellow,fall,4.7,False,cash,express,True,True,5.0,cash,every_3_months,1.0,1364,2026-04-25 09:50:22.623131
1366.0,28.0,male,handbag,accessories,69.0,indiana,m,magenta,winter,4.5,False,paypal,store_pickup,True,True,18.0,bank_transfer,fortnightly,1.0,1365,2026-04-25 09:50:22.623131
1367.0,45.0,male,belt,accessories,40.0,iowa,m,magenta,fall,3.1,False,debit_card,free_shipping,True,True,10.0,credit_card,fortnightly,1.0,1366,2026-04-25 09:50:22.623131
1368.0,60.0,male,belt,accessories,63.0,iowa,s,black,fall,3.8,False,venmo,express,True,True,25.0,cash,quarterly,1.0,1367,2026-04-25 09:50:22.623131
1369.0,21.0,male,shirt,clothing,36.0,wisconsin,l,orange,summer,4.9,False,venmo,express,True,True,2.0,cash,weekly,1.0,1368,2026-04-25 09:50:22.623131
1370.0,32.0,male,shoes,footwear,75.0,iowa,m,green,winter,3.2,False,cash,standard,True,True,48.0,venmo,fortnightly,1.0,1369,2026-04-25 09:50:22.623131
1371.0,27.0,male,scarf,accessories,67.0,montana,l,peach,summer,2.9,False,paypal,2-day_shipping,True,True,41.0,bank_transfer,every_3_months,1.0,1370,2026-04-25 09:50:22.623131
1372.0,40.0,male,pants,clothing,64.0,mississippi,m,charcoal,spring,2.8,False,paypal,store_pickup,True,True,42.0,credit_card,monthly,1.0,1371,2026-04-25 09:50:22.623131
1373.0,64.0,male,blouse,clothing,61.0,michigan,m,gray,fall,4.0,False,credit_card,2-day_shipping,True,True,44.0,paypal,bi-weekly,1.0,1372,2026-04-25 09:50:22.623131
1374.0,18.0,male,gloves,accessories,40.0,virginia,l,turquoise,winter,2.6,False,credit_card,store_pickup,True,True,6.0,cash,quarterly,1.0,1373,2026-04-25 09:50:22.623131
1375.0,22.0,male,handbag,accessories,97.0,new_york,m,red,fall,2.7,False,debit_card,free_shipping,True,True,5.0,bank_transfer,quarterly,1.0,1374,2026-04-25 09:50:22.623131
1376.0,42.0,male,sneakers,footwear,31.0,maine,l,brown,spring,4.1,False,venmo,2-day_shipping,True,True,8.0,credit_card,annually,1.0,1375,2026-04-25 09:50:22.623131
1377.0,57.0,male,sandals,footwear,65.0,new_jersey,l,pink,spring,5.0,False,cash,free_shipping,True,True,24.0,paypal,annually,1.0,1376,2026-04-25 09:50:22.623131
1378.0,33.0,male,sunglasses,accessories,54.0,maryland,l,olive,spring,3.0,False,credit_card,next_day_air,True,True,42.0,venmo,monthly,1.0,1377,2026-04-25 09:50:22.623131
1379.0,37.0,male,jacket,outerwear,49.0,kentucky,xl,lavender,fall,3.6,False,paypal,free_shipping,True,True,24.0,venmo,weekly,1.0,1378,2026-04-25 09:50:22.623131
1380.0,21.0,male,t-shirt,clothing,64.0,minnesota,l,purple,fall,2.8,False,venmo,2-day_shipping,True,True,38.0,venmo,bi-weekly,1.0,1379,2026-04-25 09:50:22.623131
1381.0,51.0,male,sneakers,footwear,35.0,massachusetts,s,beige,winter,4.6,False,bank_transfer,standard,True,True,41.0,cash,fortnightly,1.0,1380,2026-04-25 09:50:22.623131
1382.0,30.0,male,shoes,footwear,86.0,illinois,l,green,winter,2.9,False,cash,standard,True,True,48.0,venmo,quarterly,1.0,1381,2026-04-25 09:50:22.623131
1383.0,68.0,male,jacket,outerwear,55.0,michigan,l,brown,winter,4.8,False,venmo,express,True,True,16.0,bank_transfer,quarterly,1.0,1382,2026-04-25 09:50:22.623131
1384.0,36.0,male,scarf,accessories,58.0,wisconsin,m,beige,spring,3.3,False,bank_transfer,express,True,True,4.0,venmo,monthly,1.0,1383,2026-04-25 09:50:22.623131
1385.0,46.0,male,sneakers,footwear,96.0,alaska,m,beige,fall,4.6,False,cash,standard,True,True,8.0,bank_transfer,weekly,1.0,1384,2026-04-25 09:50:22.623131
1386.0,41.0,male,jewelry,accessories,64.0,mississippi,m,indigo,fall,2.6,False,debit_card,store_pickup,True,True,1.0,bank_transfer,bi-weekly,1.0,1385,2026-04-25 09:50:22.623131
1387.0,68.0,male,jacket,outerwear,56.0,oregon,m,silver,fall,4.0,False,bank_transfer,next_day_air,True,True,4.0,debit_card,quarterly,1.0,1386,2026-04-25 09:50:22.623131
1388.0,21.0,male,blouse,clothing,85.0,maryland,m,gold,winter,3.8,False,credit_card,standard,True,True,20.0,credit_card,monthly,1.0,1387,2026-04-25 09:50:22.623131
1389.0,62.0,male,dress,clothing,23.0,arkansas,m,lavender,spring,3.9,False,cash,express,True,True,40.0,cash,quarterly,1.0,1388,2026-04-25 09:50:22.623131
1390.0,59.0,male,scarf,accessories,72.0,illinois,l,orange,fall,2.6,False,debit_card,store_pickup,True,True,8.0,debit_card,fortnightly,1.0,1389,2026-04-25 09:50:22.623131
1391.0,25.0,male,hat,accessories,38.0,arkansas,m,maroon,summer,4.3,False,venmo,standard,True,True,42.0,debit_card,weekly,1.0,1390,2026-04-25 09:50:22.623131
1392.0,53.0,male,blouse,clothing,29.0,mississippi,s,white,winter,3.6,False,bank_transfer,express,True,True,38.0,credit_card,annually,1.0,1391,2026-04-25 09:50:22.623131
1393.0,31.0,male,gloves,accessories,46.0,arkansas,m,yellow,spring,4.2,False,debit_card,express,True,True,34.0,venmo,every_3_months,1.0,1392,2026-04-25 09:50:22.623131
1394.0,46.0,male,gloves,accessories,58.0,idaho,l,yellow,spring,3.9,False,bank_transfer,express,True,True,14.0,paypal,fortnightly,1.0,1393,2026-04-25 09:50:22.623131
1395.0,26.0,male,coat,outerwear,43.0,iowa,l,magenta,fall,4.7,False,paypal,next_day_air,True,True,39.0,cash,weekly,1.0,1394,2026-04-25 09:50:22.623131
1396.0,47.0,male,scarf,accessories,32.0,west_virginia,l,turquoise,spring,2.8,False,cash,next_day_air,True,True,40.0,paypal,bi-weekly,1.0,1395,2026-04-25 09:50:22.623131
1397.0,37.0,male,pants,clothing,30.0,wisconsin,xl,lavender,winter,3.0,False,cash,next_day_air,True,True,49.0,debit_card,monthly,1.0,1396,2026-04-25 09:50:22.623131
1398.0,55.0,male,sunglasses,accessories,67.0,massachusetts,s,magenta,summer,4.7,False,cash,store_pickup,True,True,33.0,paypal,annually,1.0,1397,2026-04-25 09:50:22.623131
1399.0,30.0,male,dress,clothing,45.0,texas,m,cyan,summer,2.5,False,bank_transfer,free_shipping,True,True,25.0,credit_card,weekly,1.0,1398,2026-04-25 09:50:22.623131
1400.0,19.0,male,hat,accessories,81.0,nebraska,m,olive,winter,3.1,False,bank_transfer,store_pickup,True,True,48.0,venmo,annually,1.0,1399,2026-04-25 09:50:22.623131
1401.0,36.0,male,backpack,accessories,23.0,nevada,m,red,fall,3.6,False,venmo,next_day_air,True,True,22.0,credit_card,every_3_months,1.0,1400,2026-04-25 09:50:22.623131
1402.0,23.0,male,sandals,footwear,59.0,indiana,m,blue,fall,3.5,False,cash,2-day_shipping,True,True,1.0,paypal,weekly,1.0,1401,2026-04-25 09:50:22.623131
1403.0,62.0,male,sunglasses,accessories,21.0,north_dakota,l,white,summer,3.1,False,bank_transfer,express,True,True,47.0,paypal,monthly,1.0,1402,2026-04-25 09:50:22.623131
1404.0,26.0,male,backpack,accessories,20.0,georgia,m,peach,spring,3.6,False,bank_transfer,store_pickup,True,True,20.0,credit_card,bi-weekly,1.0,1403,2026-04-25 09:50:22.623131
1405.0,36.0,male,jewelry,accessories,28.0,new_mexico,m,charcoal,winter,3.5,False,venmo,next_day_air,True,True,10.0,debit_card,weekly,1.0,1404,2026-04-25 09:50:22.623131
1406.0,33.0,male,socks,clothing,100.0,new_hampshire,m,peach,winter,2.7,False,cash,store_pickup,True,True,39.0,credit_card,monthly,1.0,1405,2026-04-25 09:50:22.623131
1407.0,32.0,male,shirt,clothing,46.0,washington,l,turquoise,spring,3.6,False,venmo,express,True,True,15.0,debit_card,monthly,1.0,1406,2026-04-25 09:50:22.623131
1408.0,56.0,male,handbag,accessories,61.0,nevada,xl,charcoal,spring,4.5,False,cash,express,True,True,11.0,credit_card,annually,1.0,1407,2026-04-25 09:50:22.623131
1409.0,58.0,male,blouse,clothing,58.0,maine,m,yellow,winter,4.1,False,debit_card,free_shipping,True,True,38.0,venmo,weekly,1.0,1408,2026-04-25 09:50:22.623131
1410.0,34.0,male,backpack,accessories,50.0,idaho,m,blue,spring,4.2,False,credit_card,standard,True,True,41.0,cash,fortnightly,1.0,1409,2026-04-25 09:50:22.623131
1411.0,61.0,male,hat,accessories,93.0,tennessee,m,purple,summer,4.0,False,venmo,store_pickup,True,True,18.0,debit_card,annually,1.0,1410,2026-04-25 09:50:22.623131
1412.0,48.0,male,skirt,clothing,24.0,louisiana,l,green,summer,2.8,False,paypal,store_pickup,True,True,13.0,venmo,quarterly,1.0,1411,2026-04-25 09:50:22.623131
1413.0,25.0,male,shorts,clothing,100.0,michigan,m,charcoal,summer,2.6,False,debit_card,2-day_shipping,True,True,43.0,venmo,annually,1.0,1412,2026-04-25 09:50:22.623131
1414.0,51.0,male,blouse,clothing,79.0,new_hampshire,s,indigo,fall,2.7,False,venmo,store_pickup,True,True,12.0,bank_transfer,quarterly,1.0,1413,2026-04-25 09:50:22.623131
1415.0,29.0,male,socks,clothing,51.0,minnesota,m,black,summer,4.5,False,debit_card,store_pickup,True,True,3.0,credit_card,bi-weekly,1.0,1414,2026-04-25 09:50:22.623131
1416.0,54.0,male,belt,accessories,90.0,illinois,m,blue,winter,3.7,False,bank_transfer,free_shipping,True,True,12.0,credit_card,every_3_months,1.0,1415,2026-04-25 09:50:22.623131
1417.0,48.0,male,boots,footwear,56.0,idaho,l,silver,summer,3.4,False,paypal,free_shipping,True,True,46.0,cash,quarterly,1.0,1416,2026-04-25 09:50:22.623131
1418.0,62.0,male,shorts,clothing,25.0,montana,s,brown,spring,4.6,False,cash,standard,True,True,21.0,debit_card,fortnightly,1.0,1417,2026-04-25 09:50:22.623131
1419.0,18.0,male,shirt,clothing,75.0,alabama,m,violet,summer,4.1,False,bank_transfer,2-day_shipping,True,True,23.0,venmo,every_3_months,1.0,1418,2026-04-25 09:50:22.623131
1420.0,43.0,male,handbag,accessories,75.0,montana,m,orange,summer,2.6,False,debit_card,free_shipping,True,True,4.0,debit_card,quarterly,1.0,1419,2026-04-25 09:50:22.623131
1421.0,22.0,male,jeans,clothing,53.0,california,xl,gray,summer,4.6,False,cash,store_pickup,True,True,45.0,paypal,every_3_months,1.0,1420,2026-04-25 09:50:22.623131
1422.0,68.0,male,dress,clothing,100.0,pennsylvania,s,gold,spring,3.0,False,credit_card,standard,True,True,24.0,bank_transfer,fortnightly,1.0,1421,2026-04-25 09:50:22.623131
1423.0,44.0,male,dress,clothing,27.0,texas,l,charcoal,fall,3.4,False,paypal,free_shipping,True,True,3.0,paypal,bi-weekly,1.0,1422,2026-04-25 09:50:22.623131
1424.0,51.0,male,sandals,footwear,60.0,michigan,s,black,fall,3.5,False,paypal,free_shipping,True,True,12.0,venmo,every_3_months,1.0,1423,2026-04-25 09:50:22.623131
1425.0,66.0,male,jacket,outerwear,23.0,connecticut,s,indigo,fall,3.5,False,cash,standard,True,True,34.0,bank_transfer,every_3_months,1.0,1424,2026-04-25 09:50:22.623131
1426.0,59.0,male,coat,outerwear,40.0,wyoming,s,white,winter,3.7,False,debit_card,next_day_air,True,True,39.0,credit_card,annually,1.0,1425,2026-04-25 09:50:22.623131
1427.0,60.0,male,pants,clothing,38.0,michigan,m,yellow,summer,4.8,False,credit_card,free_shipping,True,True,35.0,paypal,every_3_months,1.0,1426,2026-04-25 09:50:22.623131
1428.0,31.0,male,backpack,accessories,90.0,south_dakota,s,orange,summer,4.9,False,paypal,store_pickup,True,True,8.0,credit_card,annually,1.0,1427,2026-04-25 09:50:22.623131
1429.0,20.0,male,blouse,clothing,97.0,north_dakota,s,green,summer,4.9,False,debit_card,express,True,True,42.0,paypal,quarterly,1.0,1428,2026-04-25 09:50:22.623131
1430.0,24.0,male,skirt,clothing,38.0,maryland,l,gold,fall,4.7,False,venmo,standard,True,True,6.0,credit_card,every_3_months,1.0,1429,2026-04-25 09:50:22.623131
1431.0,48.0,male,sandals,footwear,30.0,michigan,s,orange,summer,4.9,False,paypal,free_shipping,True,True,3.0,credit_card,fortnightly,1.0,1430,2026-04-25 09:50:22.623131
1432.0,39.0,male,pants,clothing,88.0,south_dakota,m,cyan,fall,2.9,False,bank_transfer,express,True,True,29.0,venmo,quarterly,1.0,1431,2026-04-25 09:50:22.623131
1433.0,34.0,male,hat,accessories,33.0,florida,l,black,winter,4.4,False,cash,express,True,True,32.0,debit_card,quarterly,1.0,1432,2026-04-25 09:50:22.623131
1434.0,70.0,male,hoodie,clothing,60.0,minnesota,l,yellow,winter,3.2,False,venmo,next_day_air,True,True,45.0,debit_card,weekly,1.0,1433,2026-04-25 09:50:22.623131
1435.0,59.0,male,sweater,clothing,64.0,new_york,l,maroon,summer,4.6,False,paypal,free_shipping,True,True,21.0,debit_card,bi-weekly,1.0,1434,2026-04-25 09:50:22.623131
1436.0,45.0,male,scarf,accessories,95.0,oregon,xl,black,fall,4.0,False,debit_card,standard,True,True,41.0,cash,weekly,1.0,1435,2026-04-25 09:50:22.623131
1437.0,35.0,male,sneakers,footwear,83.0,minnesota,m,gray,winter,3.7,False,venmo,free_shipping,True,True,23.0,paypal,fortnightly,1.0,1436,2026-04-25 09:50:22.623131
1438.0,69.0,male,boots,footwear,97.0,montana,xl,orange,winter,4.2,False,debit_card,free_shipping,True,True,14.0,cash,annually,1.0,1437,2026-04-25 09:50:22.623131
1439.0,58.0,male,coat,outerwear,38.0,washington,m,cyan,spring,2.9,False,cash,standard,True,True,24.0,debit_card,monthly,1.0,1438,2026-04-25 09:50:22.623131
1440.0,25.0,male,boots,footwear,48.0,new_mexico,m,magenta,summer,4.8,False,credit_card,next_day_air,True,True,25.0,cash,fortnightly,1.0,1439,2026-04-25 09:50:22.623131
1441.0,27.0,male,sandals,footwear,76.0,arizona,m,pink,spring,4.4,False,bank_transfer,standard,True,True,13.0,venmo,monthly,1.0,1440,2026-04-25 09:50:22.623131
1442.0,34.0,male,pants,clothing,25.0,nebraska,s,turquoise,summer,3.4,False,debit_card,free_shipping,True,True,3.0,venmo,every_3_months,1.0,1441,2026-04-25 09:50:22.623131
1443.0,53.0,male,hoodie,clothing,92.0,idaho,s,violet,spring,2.8,False,cash,2-day_shipping,True,True,42.0,credit_card,annually,1.0,1442,2026-04-25 09:50:22.623131
1444.0,58.0,male,sandals,footwear,47.0,idaho,l,teal,fall,4.2,False,paypal,next_day_air,True,True,2.0,cash,monthly,1.0,1443,2026-04-25 09:50:22.623131
1445.0,32.0,male,sweater,clothing,36.0,vermont,l,pink,fall,3.8,False,venmo,express,True,True,26.0,cash,quarterly,1.0,1444,2026-04-25 09:50:22.623131
1446.0,64.0,male,belt,accessories,51.0,arkansas,m,gold,fall,3.1,False,venmo,2-day_shipping,True,True,24.0,credit_card,annually,1.0,1445,2026-04-25 09:50:22.623131
1447.0,63.0,male,jeans,clothing,35.0,wyoming,xl,red,summer,3.2,False,debit_card,express,True,True,6.0,credit_card,quarterly,1.0,1446,2026-04-25 09:50:22.623131
1448.0,23.0,male,hoodie,clothing,57.0,new_mexico,s,beige,summer,3.0,False,credit_card,next_day_air,True,True,25.0,paypal,monthly,1.0,1447,2026-04-25 09:50:22.623131
1449.0,64.0,male,boots,footwear,95.0,west_virginia,m,black,summer,3.6,False,bank_transfer,free_shipping,True,True,11.0,credit_card,every_3_months,1.0,1448,2026-04-25 09:50:22.623131
1450.0,18.0,male,socks,clothing,41.0,new_york,l,lavender,winter,2.5,False,debit_card,store_pickup,True,True,20.0,cash,every_3_months,1.0,1449,2026-04-25 09:50:22.623131
1451.0,25.0,male,dress,clothing,44.0,illinois,s,teal,winter,3.4,False,paypal,free_shipping,True,True,25.0,cash,quarterly,1.0,1450,2026-04-25 09:50:22.623131
1452.0,54.0,male,jacket,outerwear,34.0,utah,m,maroon,fall,2.5,False,venmo,next_day_air,True,True,35.0,paypal,quarterly,1.0,1451,2026-04-25 09:50:22.623131
1453.0,60.0,male,jacket,outerwear,25.0,colorado,l,blue,spring,4.7,False,venmo,2-day_shipping,True,True,11.0,bank_transfer,quarterly,1.0,1452,2026-04-25 09:50:22.623131
1454.0,36.0,male,boots,footwear,93.0,virginia,s,teal,winter,3.2,False,paypal,2-day_shipping,True,True,41.0,bank_transfer,fortnightly,1.0,1453,2026-04-25 09:50:22.623131
1455.0,66.0,male,sneakers,footwear,50.0,georgia,l,maroon,winter,2.9,False,bank_transfer,free_shipping,True,True,17.0,credit_card,annually,1.0,1454,2026-04-25 09:50:22.623131
1456.0,60.0,male,pants,clothing,79.0,alabama,l,silver,fall,4.9,False,debit_card,express,True,True,1.0,paypal,every_3_months,1.0,1455,2026-04-25 09:50:22.623131
1457.0,59.0,male,coat,outerwear,100.0,montana,s,olive,spring,2.7,False,venmo,store_pickup,True,True,30.0,paypal,every_3_months,1.0,1456,2026-04-25 09:50:22.623131
1458.0,58.0,male,shirt,clothing,57.0,pennsylvania,s,gray,spring,4.7,False,bank_transfer,express,True,True,47.0,venmo,fortnightly,1.0,1457,2026-04-25 09:50:22.623131
1459.0,35.0,male,sweater,clothing,28.0,missouri,m,peach,spring,2.9,False,debit_card,2-day_shipping,True,True,34.0,venmo,weekly,1.0,1458,2026-04-25 09:50:22.623131
1460.0,20.0,male,shoes,footwear,35.0,maine,l,yellow,winter,4.8,False,paypal,express,True,True,18.0,venmo,fortnightly,1.0,1459,2026-04-25 09:50:22.623131
1461.0,70.0,male,boots,footwear,85.0,pennsylvania,l,violet,fall,4.6,False,venmo,standard,True,True,33.0,venmo,bi-weekly,1.0,1460,2026-04-25 09:50:22.623131
1462.0,54.0,male,sunglasses,accessories,95.0,oregon,s,red,summer,5.0,False,paypal,2-day_shipping,True,True,42.0,venmo,quarterly,1.0,1461,2026-04-25 09:50:22.623131
1463.0,38.0,male,sneakers,footwear,90.0,utah,s,charcoal,summer,4.8,False,venmo,2-day_shipping,True,True,2.0,venmo,quarterly,1.0,1462,2026-04-25 09:50:22.623131
1464.0,54.0,male,jewelry,accessories,49.0,oklahoma,m,beige,summer,4.9,False,credit_card,store_pickup,True,True,1.0,bank_transfer,monthly,1.0,1463,2026-04-25 09:50:22.623131
1465.0,33.0,male,belt,accessories,92.0,montana,m,peach,winter,4.6,False,bank_transfer,2-day_shipping,True,True,23.0,bank_transfer,quarterly,1.0,1464,2026-04-25 09:50:22.623131
1466.0,46.0,male,gloves,accessories,72.0,nebraska,xl,violet,winter,3.9,False,bank_transfer,store_pickup,True,True,42.0,cash,bi-weekly,1.0,1465,2026-04-25 09:50:22.623131
1467.0,58.0,male,shorts,clothing,71.0,alabama,m,green,summer,4.5,False,paypal,store_pickup,True,True,3.0,paypal,annually,1.0,1466,2026-04-25 09:50:22.623131
1468.0,30.0,male,jewelry,accessories,27.0,ohio,xl,olive,winter,4.7,False,credit_card,store_pickup,True,True,16.0,debit_card,fortnightly,1.0,1467,2026-04-25 09:50:22.623131
1469.0,42.0,male,gloves,accessories,39.0,arkansas,s,silver,fall,3.9,False,bank_transfer,express,True,True,46.0,cash,fortnightly,1.0,1468,2026-04-25 09:50:22.623131
1470.0,28.0,male,jewelry,accessories,98.0,mississippi,m,purple,winter,4.4,False,debit_card,standard,True,True,31.0,paypal,every_3_months,1.0,1469,2026-04-25 09:50:22.623131
1471.0,43.0,male,sandals,footwear,27.0,california,m,silver,spring,3.9,False,venmo,next_day_air,True,True,15.0,cash,every_3_months,1.0,1470,2026-04-25 09:50:22.623131
1472.0,31.0,male,jewelry,accessories,71.0,alaska,s,gray,spring,2.8,False,paypal,2-day_shipping,True,True,48.0,venmo,every_3_months,1.0,1471,2026-04-25 09:50:22.623131
1473.0,39.0,male,hat,accessories,24.0,indiana,l,turquoise,spring,3.5,False,bank_transfer,store_pickup,True,True,11.0,cash,weekly,1.0,1472,2026-04-25 09:50:22.623131
1474.0,69.0,male,shorts,clothing,63.0,wisconsin,m,violet,fall,4.3,False,cash,express,True,True,20.0,credit_card,every_3_months,1.0,1473,2026-04-25 09:50:22.623131
1475.0,31.0,male,sweater,clothing,72.0,new_jersey,s,pink,fall,3.9,False,bank_transfer,next_day_air,True,True,6.0,credit_card,monthly,1.0,1474,2026-04-25 09:50:22.623131
1476.0,44.0,male,blouse,clothing,61.0,rhode_island,m,teal,spring,4.0,False,bank_transfer,express,True,True,24.0,cash,monthly,1.0,1475,2026-04-25 09:50:22.623131
1477.0,39.0,male,hat,accessories,56.0,wyoming,m,magenta,fall,4.1,False,credit_card,next_day_air,True,True,18.0,credit_card,monthly,1.0,1476,2026-04-25 09:50:22.623131
1478.0,24.0,male,belt,accessories,32.0,oregon,xl,silver,summer,4.3,False,credit_card,standard,True,True,1.0,paypal,every_3_months,1.0,1477,2026-04-25 09:50:22.623131
1479.0,28.0,male,gloves,accessories,23.0,washington,m,blue,summer,4.2,False,paypal,free_shipping,True,True,13.0,venmo,bi-weekly,1.0,1478,2026-04-25 09:50:22.623131
1480.0,48.0,male,coat,outerwear,100.0,washington,l,black,spring,4.0,False,debit_card,standard,True,True,2.0,bank_transfer,weekly,1.0,1479,2026-04-25 09:50:22.623131
1481.0,39.0,male,jewelry,accessories,74.0,new_hampshire,m,gold,fall,3.6,False,cash,express,True,True,26.0,cash,quarterly,1.0,1480,2026-04-25 09:50:22.623131
1482.0,64.0,male,skirt,clothing,33.0,maryland,s,gray,spring,3.3,False,credit_card,standard,True,True,31.0,paypal,quarterly,1.0,1481,2026-04-25 09:50:22.623131
1483.0,28.0,male,gloves,accessories,67.0,wisconsin,s,magenta,spring,4.1,False,venmo,2-day_shipping,True,True,43.0,bank_transfer,weekly,1.0,1482,2026-04-25 09:50:22.623131
1484.0,39.0,male,jewelry,accessories,61.0,massachusetts,s,yellow,summer,4.7,False,paypal,next_day_air,True,True,12.0,debit_card,bi-weekly,1.0,1483,2026-04-25 09:50:22.623131
1485.0,49.0,male,shorts,clothing,46.0,nebraska,m,teal,summer,4.4,False,cash,store_pickup,True,True,22.0,venmo,every_3_months,1.0,1484,2026-04-25 09:50:22.623131
1486.0,22.0,male,gloves,accessories,56.0,nebraska,l,red,spring,3.4,False,bank_transfer,standard,True,True,3.0,cash,fortnightly,1.0,1485,2026-04-25 09:50:22.623131
1487.0,25.0,male,sneakers,footwear,73.0,idaho,s,yellow,spring,5.0,False,cash,free_shipping,True,True,23.0,venmo,every_3_months,1.0,1486,2026-04-25 09:50:22.623131
1488.0,40.0,male,skirt,clothing,44.0,arizona,l,black,summer,4.6,False,credit_card,store_pickup,True,True,26.0,paypal,annually,1.0,1487,2026-04-25 09:50:22.623131
1489.0,23.0,male,hat,accessories,44.0,hawaii,l,pink,winter,4.0,False,venmo,standard,True,True,37.0,credit_card,weekly,1.0,1488,2026-04-25 09:50:22.623131
1490.0,24.0,male,jewelry,accessories,26.0,missouri,xl,magenta,summer,4.1,False,paypal,next_day_air,True,True,42.0,venmo,quarterly,1.0,1489,2026-04-25 09:50:22.623131
1491.0,66.0,male,sneakers,footwear,52.0,louisiana,l,olive,spring,4.9,False,venmo,express,True,True,15.0,venmo,bi-weekly,1.0,1490,2026-04-25 09:50:22.623131
1492.0,27.0,male,shirt,clothing,54.0,arkansas,s,black,summer,2.7,False,venmo,free_shipping,True,True,10.0,bank_transfer,quarterly,1.0,1491,2026-04-25 09:50:22.623131
1493.0,62.0,male,jacket,outerwear,38.0,north_carolina,m,maroon,summer,4.5,False,venmo,free_shipping,True,True,3.0,venmo,quarterly,1.0,1492,2026-04-25 09:50:22.623131
1494.0,70.0,male,belt,accessories,44.0,north_dakota,s,gold,fall,2.7,False,venmo,standard,True,True,44.0,credit_card,quarterly,1.0,1493,2026-04-25 09:50:22.623131
1495.0,43.0,male,t-shirt,clothing,76.0,montana,m,gray,spring,3.0,False,bank_transfer,next_day_air,True,True,23.0,bank_transfer,fortnightly,1.0,1494,2026-04-25 09:50:22.623131
1496.0,45.0,male,jewelry,accessories,23.0,rhode_island,m,brown,winter,4.5,False,paypal,next_day_air,True,True,6.0,paypal,weekly,1.0,1495,2026-04-25 09:50:22.623131
1497.0,63.0,male,t-shirt,clothing,98.0,idaho,m,purple,winter,5.0,False,credit_card,standard,True,True,9.0,venmo,bi-weekly,1.0,1496,2026-04-25 09:50:22.623131
1498.0,69.0,male,jacket,outerwear,33.0,michigan,s,magenta,spring,3.8,False,debit_card,2-day_shipping,True,True,16.0,debit_card,every_3_months,1.0,1497,2026-04-25 09:50:22.623131
1499.0,59.0,male,sweater,clothing,32.0,illinois,m,teal,summer,3.1,False,paypal,standard,True,True,46.0,venmo,fortnightly,1.0,1498,2026-04-25 09:50:22.623131
1500.0,19.0,male,boots,footwear,85.0,georgia,s,olive,fall,3.4,False,cash,free_shipping,True,True,24.0,credit_card,every_3_months,1.0,1499,2026-04-25 09:50:22.623131
1501.0,63.0,male,jeans,clothing,69.0,alabama,l,maroon,summer,4.8,False,venmo,next_day_air,True,True,22.0,debit_card,monthly,1.0,1500,2026-04-25 09:50:22.623131
1502.0,37.0,male,jeans,clothing,55.0,alaska,xl,silver,spring,2.7,False,bank_transfer,standard,True,True,13.0,debit_card,every_3_months,1.0,1501,2026-04-25 09:50:22.623131
1503.0,37.0,male,pants,clothing,66.0,massachusetts,m,black,summer,3.2,False,paypal,store_pickup,True,True,20.0,cash,fortnightly,1.0,1502,2026-04-25 09:50:22.623131
1504.0,50.0,male,jacket,outerwear,30.0,michigan,m,maroon,fall,3.9,False,cash,2-day_shipping,True,True,46.0,cash,quarterly,1.0,1503,2026-04-25 09:50:22.623131
1505.0,60.0,male,jacket,outerwear,80.0,alaska,m,teal,winter,4.2,False,cash,next_day_air,True,True,10.0,bank_transfer,monthly,1.0,1504,2026-04-25 09:50:22.623131
1506.0,46.0,male,belt,accessories,20.0,north_dakota,m,teal,summer,3.0,False,paypal,express,True,True,39.0,cash,monthly,1.0,1505,2026-04-25 09:50:22.623131
1507.0,35.0,male,shirt,clothing,30.0,south_carolina,l,beige,fall,3.0,False,venmo,2-day_shipping,True,True,44.0,paypal,quarterly,1.0,1506,2026-04-25 09:50:22.623131
1508.0,66.0,male,dress,clothing,86.0,pennsylvania,s,maroon,winter,3.7,False,bank_transfer,2-day_shipping,True,True,7.0,venmo,annually,1.0,1507,2026-04-25 09:50:22.623131
1509.0,35.0,male,blouse,clothing,84.0,colorado,l,beige,spring,4.4,False,credit_card,store_pickup,True,True,3.0,cash,every_3_months,1.0,1508,2026-04-25 09:50:22.623131
1510.0,20.0,male,dress,clothing,54.0,new_hampshire,xl,white,summer,4.6,False,credit_card,free_shipping,True,True,44.0,debit_card,annually,1.0,1509,2026-04-25 09:50:22.623131
1511.0,55.0,male,blouse,clothing,30.0,maryland,xl,gray,fall,3.0,False,credit_card,free_shipping,True,True,31.0,venmo,annually,1.0,1510,2026-04-25 09:50:22.623131
1512.0,34.0,male,dress,clothing,91.0,georgia,m,violet,winter,3.6,False,credit_card,express,True,True,48.0,credit_card,weekly,1.0,1511,2026-04-25 09:50:22.623131
1513.0,60.0,male,sneakers,footwear,23.0,wisconsin,l,silver,winter,3.9,False,debit_card,standard,True,True,18.0,paypal,bi-weekly,1.0,1512,2026-04-25 09:50:22.623131
1514.0,22.0,male,socks,clothing,35.0,texas,m,red,spring,4.1,False,paypal,free_shipping,True,True,27.0,cash,monthly,1.0,1513,2026-04-25 09:50:22.623131
1515.0,26.0,male,shoes,footwear,90.0,utah,l,brown,winter,3.9,False,venmo,2-day_shipping,True,True,1.0,venmo,weekly,1.0,1514,2026-04-25 09:50:22.623131
1516.0,39.0,male,jeans,clothing,93.0,indiana,s,turquoise,fall,3.9,False,debit_card,2-day_shipping,True,True,34.0,cash,weekly,1.0,1515,2026-04-25 09:50:22.623131
1517.0,20.0,male,jeans,clothing,68.0,nevada,l,indigo,winter,4.5,False,bank_transfer,express,True,True,5.0,bank_transfer,bi-weekly,1.0,1516,2026-04-25 09:50:22.623131
1518.0,57.0,male,gloves,accessories,41.0,new_hampshire,m,violet,spring,3.4,False,paypal,standard,True,True,12.0,cash,quarterly,1.0,1517,2026-04-25 09:50:22.623131
1519.0,68.0,male,belt,accessories,73.0,new_york,m,yellow,winter,4.1,False,cash,next_day_air,True,True,14.0,venmo,fortnightly,1.0,1518,2026-04-25 09:50:22.623131
1520.0,50.0,male,sunglasses,accessories,73.0,texas,l,cyan,fall,4.9,False,venmo,next_day_air,True,True,40.0,paypal,weekly,1.0,1519,2026-04-25 09:50:22.623131
1521.0,21.0,male,hat,accessories,66.0,iowa,m,brown,summer,4.4,False,venmo,2-day_shipping,True,True,39.0,cash,quarterly,1.0,1520,2026-04-25 09:50:22.623131
1522.0,29.0,male,backpack,accessories,59.0,washington,m,white,summer,2.7,False,credit_card,2-day_shipping,True,True,50.0,bank_transfer,weekly,1.0,1521,2026-04-25 09:50:22.623131
1523.0,38.0,male,shorts,clothing,72.0,tennessee,l,yellow,spring,4.8,False,venmo,free_shipping,True,True,5.0,debit_card,monthly,1.0,1522,2026-04-25 09:50:22.623131
1524.0,54.0,male,socks,clothing,88.0,georgia,m,white,summer,3.3,False,venmo,2-day_shipping,True,True,35.0,debit_card,annually,1.0,1523,2026-04-25 09:50:22.623131
1525.0,22.0,male,socks,clothing,76.0,massachusetts,l,pink,summer,4.4,False,debit_card,free_shipping,True,True,6.0,cash,bi-weekly,1.0,1524,2026-04-25 09:50:22.623131
1526.0,29.0,male,belt,accessories,31.0,oregon,m,indigo,winter,4.6,False,debit_card,2-day_shipping,True,True,22.0,cash,fortnightly,1.0,1525,2026-04-25 09:50:22.623131
1527.0,41.0,male,jacket,outerwear,22.0,oklahoma,l,white,summer,3.1,False,paypal,next_day_air,True,True,27.0,paypal,monthly,1.0,1526,2026-04-25 09:50:22.623131
1528.0,26.0,male,hat,accessories,75.0,wisconsin,l,red,fall,4.5,False,bank_transfer,2-day_shipping,True,True,33.0,debit_card,fortnightly,1.0,1527,2026-04-25 09:50:22.623131
1529.0,69.0,male,t-shirt,clothing,75.0,oregon,s,red,spring,4.0,False,credit_card,store_pickup,True,True,47.0,venmo,bi-weekly,1.0,1528,2026-04-25 09:50:22.623131
1530.0,20.0,male,backpack,accessories,63.0,georgia,m,lavender,winter,3.1,False,venmo,free_shipping,True,True,48.0,credit_card,bi-weekly,1.0,1529,2026-04-25 09:50:22.623131
1531.0,59.0,male,coat,outerwear,21.0,new_mexico,m,teal,spring,3.9,False,venmo,next_day_air,True,True,22.0,bank_transfer,quarterly,1.0,1530,2026-04-25 09:50:22.623131
1532.0,63.0,male,backpack,accessories,83.0,mississippi,s,violet,spring,4.5,False,cash,next_day_air,True,True,8.0,paypal,bi-weekly,1.0,1531,2026-04-25 09:50:22.623131
1533.0,68.0,male,jacket,outerwear,46.0,wisconsin,s,silver,winter,4.4,False,paypal,next_day_air,True,True,5.0,paypal,every_3_months,1.0,1532,2026-04-25 09:50:22.623131
1534.0,50.0,male,shoes,footwear,59.0,new_hampshire,m,gold,summer,3.6,False,bank_transfer,2-day_shipping,True,True,16.0,bank_transfer,quarterly,1.0,1533,2026-04-25 09:50:22.623131
1535.0,55.0,male,blouse,clothing,66.0,wyoming,m,green,summer,3.4,False,venmo,free_shipping,True,True,26.0,venmo,fortnightly,1.0,1534,2026-04-25 09:50:22.623131
1536.0,36.0,male,sandals,footwear,74.0,west_virginia,s,turquoise,fall,4.0,False,paypal,2-day_shipping,True,True,8.0,venmo,monthly,1.0,1535,2026-04-25 09:50:22.623131
1537.0,18.0,male,sunglasses,accessories,82.0,michigan,m,indigo,summer,2.6,False,cash,store_pickup,True,True,17.0,cash,quarterly,1.0,1536,2026-04-25 09:50:22.623131
1538.0,68.0,male,shoes,footwear,89.0,alaska,l,black,spring,3.2,False,bank_transfer,next_day_air,True,True,50.0,venmo,annually,1.0,1537,2026-04-25 09:50:22.623131
1539.0,56.0,male,dress,clothing,65.0,illinois,l,charcoal,fall,3.2,False,bank_transfer,standard,True,True,22.0,venmo,bi-weekly,1.0,1538,2026-04-25 09:50:22.623131
1540.0,32.0,male,belt,accessories,55.0,hawaii,m,turquoise,spring,5.0,False,credit_card,2-day_shipping,True,True,19.0,cash,every_3_months,1.0,1539,2026-04-25 09:50:22.623131
1541.0,28.0,male,shorts,clothing,95.0,colorado,m,red,winter,2.9,False,debit_card,next_day_air,True,True,14.0,bank_transfer,monthly,1.0,1540,2026-04-25 09:50:22.623131
1542.0,24.0,male,handbag,accessories,77.0,illinois,s,indigo,winter,2.9,False,cash,store_pickup,True,True,35.0,cash,bi-weekly,1.0,1541,2026-04-25 09:50:22.623131
1543.0,59.0,male,blouse,clothing,44.0,hawaii,m,maroon,winter,3.5,False,venmo,next_day_air,True,True,43.0,paypal,weekly,1.0,1542,2026-04-25 09:50:22.623131
1544.0,56.0,male,jeans,clothing,89.0,wisconsin,m,indigo,fall,4.0,False,bank_transfer,standard,True,True,24.0,venmo,annually,1.0,1543,2026-04-25 09:50:22.623131
1545.0,30.0,male,jewelry,accessories,24.0,arkansas,m,maroon,spring,3.9,False,paypal,standard,True,True,17.0,debit_card,bi-weekly,1.0,1544,2026-04-25 09:50:22.623131
1546.0,48.0,male,belt,accessories,43.0,delaware,m,black,winter,4.9,False,cash,store_pickup,True,True,49.0,bank_transfer,annually,1.0,1545,2026-04-25 09:50:22.623131
1547.0,60.0,male,sneakers,footwear,51.0,oregon,xl,purple,summer,3.8,False,credit_card,express,True,True,17.0,bank_transfer,annually,1.0,1546,2026-04-25 09:50:22.623131
1548.0,46.0,male,hat,accessories,46.0,south_carolina,l,teal,summer,3.5,False,paypal,standard,True,True,40.0,cash,quarterly,1.0,1547,2026-04-25 09:50:22.623131
1549.0,69.0,male,dress,clothing,32.0,maryland,m,silver,summer,3.7,False,paypal,store_pickup,True,True,43.0,bank_transfer,weekly,1.0,1548,2026-04-25 09:50:22.623131
1550.0,19.0,male,sneakers,footwear,55.0,kansas,m,black,spring,2.9,False,cash,2-day_shipping,True,True,19.0,debit_card,every_3_months,1.0,1549,2026-04-25 09:50:22.623131
1551.0,66.0,male,sunglasses,accessories,26.0,arkansas,s,black,summer,2.8,False,debit_card,free_shipping,True,True,40.0,bank_transfer,quarterly,1.0,1550,2026-04-25 09:50:22.623131
1552.0,64.0,male,handbag,accessories,29.0,minnesota,m,olive,summer,3.7,False,debit_card,2-day_shipping,True,True,13.0,credit_card,monthly,1.0,1551,2026-04-25 09:50:22.623131
1553.0,54.0,male,blouse,clothing,49.0,new_mexico,l,purple,spring,3.0,False,debit_card,express,True,True,20.0,credit_card,monthly,1.0,1552,2026-04-25 09:50:22.623131
1554.0,27.0,male,blouse,clothing,45.0,delaware,m,indigo,spring,4.8,False,paypal,free_shipping,True,True,21.0,debit_card,quarterly,1.0,1553,2026-04-25 09:50:22.623131
1555.0,64.0,male,shorts,clothing,48.0,utah,s,lavender,winter,2.7,False,credit_card,standard,True,True,18.0,cash,bi-weekly,1.0,1554,2026-04-25 09:50:22.623131
1556.0,43.0,male,shorts,clothing,47.0,ohio,s,cyan,winter,4.5,False,bank_transfer,free_shipping,True,True,44.0,cash,quarterly,1.0,1555,2026-04-25 09:50:22.623131
1557.0,43.0,male,hoodie,clothing,57.0,alabama,m,gold,fall,2.7,False,venmo,standard,True,True,26.0,credit_card,quarterly,1.0,1556,2026-04-25 09:50:22.623131
1558.0,27.0,male,backpack,accessories,34.0,south_dakota,l,magenta,fall,3.5,False,paypal,next_day_air,True,True,34.0,paypal,quarterly,1.0,1557,2026-04-25 09:50:22.623131
1559.0,35.0,male,sunglasses,accessories,75.0,new_mexico,xl,teal,fall,3.5,False,credit_card,express,True,True,24.0,credit_card,every_3_months,1.0,1558,2026-04-25 09:50:22.623131
1560.0,43.0,male,scarf,accessories,94.0,oregon,l,beige,fall,4.5,False,venmo,store_pickup,True,True,23.0,paypal,fortnightly,1.0,1559,2026-04-25 09:50:22.623131
1561.0,57.0,male,hat,accessories,84.0,oregon,m,teal,winter,3.8,False,venmo,free_shipping,True,True,3.0,debit_card,weekly,1.0,1560,2026-04-25 09:50:22.623131
1562.0,50.0,male,scarf,accessories,38.0,mississippi,m,indigo,summer,3.8,False,credit_card,standard,True,True,2.0,bank_transfer,quarterly,1.0,1561,2026-04-25 09:50:22.623131
1563.0,37.0,male,scarf,accessories,75.0,alabama,m,purple,winter,3.2,False,credit_card,next_day_air,True,True,23.0,venmo,bi-weekly,1.0,1562,2026-04-25 09:50:22.623131
1564.0,68.0,male,pants,clothing,44.0,kansas,m,teal,fall,4.3,False,credit_card,next_day_air,True,True,8.0,cash,weekly,1.0,1563,2026-04-25 09:50:22.623131
1565.0,22.0,male,backpack,accessories,33.0,california,xl,turquoise,summer,4.5,False,cash,next_day_air,True,True,30.0,debit_card,every_3_months,1.0,1564,2026-04-25 09:50:22.623131
1566.0,58.0,male,sunglasses,accessories,93.0,idaho,l,peach,fall,4.2,False,venmo,free_shipping,True,True,48.0,paypal,annually,1.0,1565,2026-04-25 09:50:22.623131
1567.0,48.0,male,sneakers,footwear,99.0,wyoming,s,green,winter,3.0,False,credit_card,free_shipping,True,True,21.0,cash,bi-weekly,1.0,1566,2026-04-25 09:50:22.623131
1568.0,30.0,male,backpack,accessories,33.0,minnesota,m,turquoise,spring,4.1,False,venmo,standard,True,True,9.0,cash,monthly,1.0,1567,2026-04-25 09:50:22.623131
1569.0,51.0,male,sneakers,footwear,76.0,washington,l,yellow,spring,4.6,False,venmo,store_pickup,True,True,8.0,debit_card,monthly,1.0,1568,2026-04-25 09:50:22.623131
1570.0,20.0,male,skirt,clothing,63.0,hawaii,m,orange,summer,2.9,False,paypal,standard,True,True,29.0,debit_card,weekly,1.0,1569,2026-04-25 09:50:22.623131
1571.0,30.0,male,pants,clothing,41.0,missouri,l,brown,winter,4.8,False,debit_card,next_day_air,True,True,3.0,bank_transfer,every_3_months,1.0,1570,2026-04-25 09:50:22.623131
1572.0,28.0,male,jewelry,accessories,88.0,colorado,l,silver,winter,4.5,False,cash,next_day_air,True,True,11.0,bank_transfer,fortnightly,1.0,1571,2026-04-25 09:50:22.623131
1573.0,37.0,male,skirt,clothing,92.0,washington,l,white,summer,3.4,False,venmo,2-day_shipping,True,True,16.0,debit_card,monthly,1.0,1572,2026-04-25 09:50:22.623131
1574.0,36.0,male,t-shirt,clothing,31.0,north_dakota,l,indigo,summer,4.3,False,debit_card,2-day_shipping,True,True,25.0,debit_card,weekly,1.0,1573,2026-04-25 09:50:22.623131
1575.0,18.0,male,skirt,clothing,25.0,minnesota,s,magenta,spring,4.2,False,bank_transfer,free_shipping,True,True,32.0,paypal,bi-weekly,1.0,1574,2026-04-25 09:50:22.623131
1576.0,52.0,male,shirt,clothing,28.0,california,m,turquoise,spring,3.6,False,cash,next_day_air,True,True,28.0,cash,fortnightly,1.0,1575,2026-04-25 09:50:22.623131
1577.0,56.0,male,dress,clothing,75.0,michigan,m,white,spring,3.7,False,paypal,2-day_shipping,True,True,36.0,paypal,monthly,1.0,1576,2026-04-25 09:50:22.623131
1578.0,68.0,male,boots,footwear,34.0,delaware,s,olive,spring,4.0,False,debit_card,standard,True,True,7.0,venmo,fortnightly,1.0,1577,2026-04-25 09:50:22.623131
1579.0,62.0,male,pants,clothing,97.0,california,s,maroon,winter,4.9,False,debit_card,2-day_shipping,True,True,2.0,paypal,quarterly,1.0,1578,2026-04-25 09:50:22.623131
1580.0,35.0,male,jacket,outerwear,80.0,oklahoma,m,violet,summer,3.1,False,cash,free_shipping,True,True,6.0,bank_transfer,monthly,1.0,1579,2026-04-25 09:50:22.623131
1581.0,65.0,male,sneakers,footwear,71.0,north_dakota,l,cyan,summer,3.7,False,credit_card,standard,True,True,30.0,cash,annually,1.0,1580,2026-04-25 09:50:22.623131
1582.0,69.0,male,jewelry,accessories,77.0,ohio,l,teal,fall,4.2,False,paypal,free_shipping,True,True,46.0,cash,quarterly,1.0,1581,2026-04-25 09:50:22.623131
1583.0,28.0,male,belt,accessories,41.0,hawaii,l,red,spring,2.5,False,cash,next_day_air,True,True,39.0,cash,monthly,1.0,1582,2026-04-25 09:50:22.623131
1584.0,37.0,male,scarf,accessories,92.0,maryland,xl,yellow,summer,4.3,False,cash,next_day_air,True,True,8.0,venmo,annually,1.0,1583,2026-04-25 09:50:22.623131
1585.0,41.0,male,blouse,clothing,95.0,hawaii,s,silver,spring,3.1,False,venmo,store_pickup,True,True,46.0,credit_card,quarterly,1.0,1584,2026-04-25 09:50:22.623131
1586.0,37.0,male,sweater,clothing,25.0,alabama,m,charcoal,fall,3.0,False,cash,next_day_air,True,True,40.0,debit_card,fortnightly,1.0,1585,2026-04-25 09:50:22.623131
1587.0,25.0,male,boots,footwear,77.0,oklahoma,m,purple,fall,4.0,False,debit_card,express,True,True,21.0,bank_transfer,weekly,1.0,1586,2026-04-25 09:50:22.623131
1588.0,41.0,male,socks,clothing,99.0,alabama,m,beige,summer,3.5,False,venmo,free_shipping,True,True,33.0,credit_card,fortnightly,1.0,1587,2026-04-25 09:50:22.623131
1589.0,48.0,male,belt,accessories,24.0,vermont,l,cyan,winter,3.2,False,cash,next_day_air,True,True,3.0,venmo,monthly,1.0,1588,2026-04-25 09:50:22.623131
1590.0,42.0,male,sneakers,footwear,72.0,ohio,m,silver,summer,2.7,False,venmo,store_pickup,True,True,48.0,cash,weekly,1.0,1589,2026-04-25 09:50:22.623131
1591.0,54.0,male,jeans,clothing,80.0,wisconsin,s,pink,winter,3.0,False,cash,free_shipping,True,True,8.0,paypal,annually,1.0,1590,2026-04-25 09:50:22.623131
1592.0,18.0,male,skirt,clothing,100.0,south_dakota,l,gold,winter,2.9,False,bank_transfer,next_day_air,True,True,24.0,paypal,annually,1.0,1591,2026-04-25 09:50:22.623131
1593.0,56.0,male,shoes,footwear,83.0,iowa,m,cyan,summer,3.3,False,credit_card,free_shipping,True,True,10.0,bank_transfer,every_3_months,1.0,1592,2026-04-25 09:50:22.623131
1594.0,61.0,male,dress,clothing,95.0,maryland,m,black,spring,4.9,False,paypal,2-day_shipping,True,True,25.0,bank_transfer,monthly,1.0,1593,2026-04-25 09:50:22.623131
1595.0,40.0,male,handbag,accessories,41.0,colorado,xl,charcoal,summer,3.7,False,bank_transfer,store_pickup,True,True,3.0,cash,fortnightly,1.0,1594,2026-04-25 09:50:22.623131
1596.0,34.0,male,backpack,accessories,35.0,wisconsin,s,magenta,spring,3.5,False,cash,standard,True,True,45.0,debit_card,fortnightly,1.0,1595,2026-04-25 09:50:22.623131
1597.0,42.0,male,jewelry,accessories,30.0,mississippi,s,pink,fall,4.7,False,bank_transfer,store_pickup,True,True,15.0,debit_card,monthly,1.0,1596,2026-04-25 09:50:22.623131
1598.0,43.0,male,hat,accessories,21.0,mississippi,xl,maroon,winter,2.6,False,debit_card,store_pickup,True,True,34.0,bank_transfer,quarterly,1.0,1597,2026-04-25 09:50:22.623131
1599.0,47.0,male,jewelry,accessories,85.0,california,m,teal,fall,4.1,False,credit_card,express,True,True,21.0,venmo,bi-weekly,1.0,1598,2026-04-25 09:50:22.623131
1600.0,48.0,male,shirt,clothing,54.0,delaware,m,orange,winter,2.8,False,venmo,2-day_shipping,True,True,22.0,debit_card,bi-weekly,1.0,1599,2026-04-25 09:50:22.623131
1601.0,20.0,male,boots,footwear,26.0,montana,s,yellow,spring,4.7,False,paypal,next_day_air,True,True,24.0,paypal,weekly,1.0,1600,2026-04-25 09:50:22.623131
1602.0,65.0,male,shirt,clothing,59.0,indiana,xl,red,spring,2.9,False,venmo,store_pickup,True,True,33.0,credit_card,monthly,1.0,1601,2026-04-25 09:50:22.623131
1603.0,54.0,male,sunglasses,accessories,48.0,west_virginia,s,charcoal,winter,2.8,False,credit_card,free_shipping,True,True,13.0,venmo,fortnightly,1.0,1602,2026-04-25 09:50:22.623131
1604.0,23.0,male,shorts,clothing,98.0,iowa,l,black,summer,4.3,False,debit_card,next_day_air,True,True,17.0,debit_card,bi-weekly,1.0,1603,2026-04-25 09:50:22.623131
1605.0,18.0,male,sweater,clothing,92.0,maine,m,white,summer,4.8,False,venmo,2-day_shipping,True,True,25.0,credit_card,every_3_months,1.0,1604,2026-04-25 09:50:22.623131
1606.0,70.0,male,belt,accessories,46.0,connecticut,m,lavender,winter,3.4,False,bank_transfer,next_day_air,True,True,15.0,credit_card,bi-weekly,1.0,1605,2026-04-25 09:50:22.623131
1607.0,55.0,male,t-shirt,clothing,21.0,kansas,s,white,spring,4.3,False,debit_card,standard,True,True,4.0,paypal,fortnightly,1.0,1606,2026-04-25 09:50:22.623131
1608.0,49.0,male,shorts,clothing,72.0,vermont,s,gray,fall,2.7,False,venmo,free_shipping,True,True,43.0,debit_card,quarterly,1.0,1607,2026-04-25 09:50:22.623131
1609.0,26.0,male,sandals,footwear,58.0,nebraska,xl,cyan,fall,4.6,False,cash,next_day_air,True,True,12.0,bank_transfer,bi-weekly,1.0,1608,2026-04-25 09:50:22.623131
1610.0,33.0,male,shirt,clothing,93.0,nevada,s,brown,fall,4.1,False,credit_card,standard,True,True,3.0,venmo,monthly,1.0,1609,2026-04-25 09:50:22.623131
1611.0,20.0,male,socks,clothing,31.0,tennessee,l,purple,spring,3.4,False,credit_card,2-day_shipping,True,True,1.0,paypal,annually,1.0,1610,2026-04-25 09:50:22.623131
1612.0,41.0,male,pants,clothing,26.0,arkansas,l,yellow,winter,4.5,False,paypal,next_day_air,True,True,6.0,debit_card,monthly,1.0,1611,2026-04-25 09:50:22.623131
1613.0,18.0,male,skirt,clothing,68.0,wisconsin,m,indigo,summer,4.4,False,bank_transfer,standard,True,True,26.0,venmo,monthly,1.0,1612,2026-04-25 09:50:22.623131
1614.0,26.0,male,jewelry,accessories,31.0,illinois,s,black,summer,4.0,False,credit_card,next_day_air,True,True,6.0,credit_card,fortnightly,1.0,1613,2026-04-25 09:50:22.623131
1615.0,30.0,male,t-shirt,clothing,41.0,kansas,s,gray,summer,3.4,False,cash,free_shipping,True,True,22.0,cash,bi-weekly,1.0,1614,2026-04-25 09:50:22.623131
1616.0,64.0,male,jewelry,accessories,62.0,new_york,m,indigo,fall,3.2,False,paypal,standard,True,True,45.0,cash,bi-weekly,1.0,1615,2026-04-25 09:50:22.623131
1617.0,26.0,male,hat,accessories,41.0,colorado,m,green,spring,3.4,False,bank_transfer,standard,True,True,50.0,cash,quarterly,1.0,1616,2026-04-25 09:50:22.623131
1618.0,43.0,male,blouse,clothing,64.0,wisconsin,m,peach,winter,4.3,False,paypal,standard,True,True,50.0,credit_card,fortnightly,1.0,1617,2026-04-25 09:50:22.623131
1619.0,63.0,male,sandals,footwear,72.0,michigan,l,purple,summer,5.0,False,venmo,standard,True,True,39.0,debit_card,quarterly,1.0,1618,2026-04-25 09:50:22.623131
1620.0,57.0,male,handbag,accessories,78.0,hawaii,l,beige,winter,3.5,False,cash,store_pickup,True,True,50.0,venmo,bi-weekly,1.0,1619,2026-04-25 09:50:22.623131
1621.0,25.0,male,hat,accessories,47.0,virginia,m,charcoal,winter,3.1,False,bank_transfer,2-day_shipping,True,True,27.0,paypal,every_3_months,1.0,1620,2026-04-25 09:50:22.623131
1622.0,68.0,male,scarf,accessories,46.0,ohio,l,gray,summer,3.9,False,venmo,2-day_shipping,True,True,38.0,debit_card,fortnightly,1.0,1621,2026-04-25 09:50:22.623131
1623.0,31.0,male,shorts,clothing,43.0,missouri,s,brown,winter,4.0,False,paypal,store_pickup,True,True,37.0,bank_transfer,every_3_months,1.0,1622,2026-04-25 09:50:22.623131
1624.0,64.0,male,backpack,accessories,58.0,indiana,m,cyan,summer,3.5,False,venmo,next_day_air,True,True,50.0,debit_card,annually,1.0,1623,2026-04-25 09:50:22.623131
1625.0,38.0,male,sweater,clothing,32.0,florida,m,white,winter,3.6,False,venmo,free_shipping,True,True,40.0,paypal,every_3_months,1.0,1624,2026-04-25 09:50:22.623131
1626.0,34.0,male,skirt,clothing,45.0,minnesota,l,beige,winter,3.0,False,paypal,next_day_air,True,True,3.0,paypal,bi-weekly,1.0,1625,2026-04-25 09:50:22.623131
1627.0,32.0,male,sneakers,footwear,35.0,nevada,l,orange,summer,2.6,False,bank_transfer,next_day_air,True,True,45.0,credit_card,bi-weekly,1.0,1626,2026-04-25 09:50:22.623131
1628.0,69.0,male,sunglasses,accessories,21.0,maine,m,olive,winter,2.9,False,venmo,next_day_air,True,True,8.0,credit_card,annually,1.0,1627,2026-04-25 09:50:22.623131
1629.0,45.0,male,dress,clothing,64.0,massachusetts,s,teal,winter,3.1,False,paypal,next_day_air,True,True,7.0,cash,monthly,1.0,1628,2026-04-25 09:50:22.623131
1630.0,35.0,male,blouse,clothing,88.0,north_dakota,s,silver,spring,3.3,False,credit_card,next_day_air,True,True,13.0,venmo,quarterly,1.0,1629,2026-04-25 09:50:22.623131
1631.0,63.0,male,shoes,footwear,48.0,new_jersey,m,gold,summer,2.9,False,debit_card,store_pickup,True,True,29.0,venmo,every_3_months,1.0,1630,2026-04-25 09:50:22.623131
1632.0,65.0,male,sweater,clothing,36.0,indiana,l,violet,summer,3.9,False,paypal,2-day_shipping,True,True,7.0,bank_transfer,fortnightly,1.0,1631,2026-04-25 09:50:22.623131
1633.0,35.0,male,gloves,accessories,28.0,oregon,s,white,summer,4.7,False,paypal,2-day_shipping,True,True,50.0,debit_card,every_3_months,1.0,1632,2026-04-25 09:50:22.623131
1634.0,54.0,male,socks,clothing,80.0,north_dakota,m,peach,spring,4.4,False,bank_transfer,2-day_shipping,True,True,33.0,debit_card,bi-weekly,1.0,1633,2026-04-25 09:50:22.623131
1635.0,28.0,male,coat,outerwear,23.0,south_carolina,s,orange,summer,3.6,False,debit_card,store_pickup,True,True,30.0,cash,every_3_months,1.0,1634,2026-04-25 09:50:22.623131
1636.0,68.0,male,sunglasses,accessories,24.0,north_carolina,l,violet,summer,3.2,False,cash,standard,True,True,40.0,cash,annually,1.0,1635,2026-04-25 09:50:22.623131
1637.0,58.0,male,boots,footwear,22.0,north_dakota,l,green,fall,4.0,False,credit_card,free_shipping,True,True,49.0,cash,fortnightly,1.0,1636,2026-04-25 09:50:22.623131
1638.0,35.0,male,dress,clothing,21.0,massachusetts,m,peach,spring,3.5,False,bank_transfer,next_day_air,True,True,32.0,venmo,fortnightly,1.0,1637,2026-04-25 09:50:22.623131
1639.0,68.0,male,jacket,outerwear,51.0,tennessee,m,black,spring,4.6,False,paypal,free_shipping,True,True,18.0,venmo,weekly,1.0,1638,2026-04-25 09:50:22.623131
1640.0,41.0,male,gloves,accessories,65.0,missouri,l,blue,summer,3.3,False,bank_transfer,free_shipping,True,True,50.0,paypal,annually,1.0,1639,2026-04-25 09:50:22.623131
1641.0,65.0,male,scarf,accessories,51.0,tennessee,s,magenta,spring,4.0,False,debit_card,2-day_shipping,True,True,13.0,paypal,weekly,1.0,1640,2026-04-25 09:50:22.623131
1642.0,50.0,male,hoodie,clothing,32.0,colorado,l,violet,summer,3.4,False,bank_transfer,free_shipping,True,True,1.0,bank_transfer,every_3_months,1.0,1641,2026-04-25 09:50:22.623131
1643.0,18.0,male,coat,outerwear,70.0,mississippi,m,beige,spring,4.2,False,bank_transfer,store_pickup,True,True,16.0,paypal,fortnightly,1.0,1642,2026-04-25 09:50:22.623131
1644.0,38.0,male,scarf,accessories,77.0,ohio,l,pink,summer,3.9,False,paypal,2-day_shipping,True,True,6.0,paypal,monthly,1.0,1643,2026-04-25 09:50:22.623131
1645.0,68.0,male,coat,outerwear,90.0,north_carolina,s,beige,summer,3.9,False,paypal,next_day_air,True,True,21.0,debit_card,monthly,1.0,1644,2026-04-25 09:50:22.623131
1646.0,53.0,male,scarf,accessories,36.0,ohio,l,green,summer,2.8,False,bank_transfer,standard,True,True,36.0,venmo,every_3_months,1.0,1645,2026-04-25 09:50:22.623131
1647.0,58.0,male,handbag,accessories,77.0,nebraska,s,silver,summer,3.7,False,credit_card,standard,True,True,20.0,bank_transfer,every_3_months,1.0,1646,2026-04-25 09:50:22.623131
1648.0,34.0,male,boots,footwear,78.0,hawaii,m,purple,summer,4.9,False,credit_card,store_pickup,True,True,8.0,debit_card,quarterly,1.0,1647,2026-04-25 09:50:22.623131
1649.0,36.0,male,pants,clothing,69.0,oklahoma,m,gray,summer,2.6,False,bank_transfer,express,True,True,22.0,credit_card,monthly,1.0,1648,2026-04-25 09:50:22.623131
1650.0,58.0,male,t-shirt,clothing,63.0,wisconsin,m,white,summer,4.9,False,paypal,free_shipping,True,True,3.0,credit_card,quarterly,1.0,1649,2026-04-25 09:50:22.623131
1651.0,60.0,male,scarf,accessories,36.0,arkansas,m,silver,winter,3.4,False,venmo,next_day_air,True,True,46.0,credit_card,fortnightly,1.0,1650,2026-04-25 09:50:22.623131
1652.0,59.0,male,coat,outerwear,80.0,texas,m,blue,winter,3.9,False,bank_transfer,standard,True,True,42.0,debit_card,monthly,1.0,1651,2026-04-25 09:50:22.623131
1653.0,65.0,male,sweater,clothing,35.0,new_mexico,m,orange,summer,4.0,False,cash,next_day_air,True,True,1.0,bank_transfer,fortnightly,1.0,1652,2026-04-25 09:50:22.623131
1654.0,31.0,male,belt,accessories,93.0,colorado,l,silver,winter,3.0,False,venmo,2-day_shipping,True,True,29.0,debit_card,bi-weekly,1.0,1653,2026-04-25 09:50:22.623131
1655.0,43.0,male,belt,accessories,25.0,indiana,l,gray,spring,2.6,False,venmo,store_pickup,True,True,14.0,credit_card,quarterly,1.0,1654,2026-04-25 09:50:22.623131
1656.0,37.0,male,sweater,clothing,81.0,arizona,l,gold,spring,3.2,False,venmo,next_day_air,True,True,4.0,paypal,monthly,1.0,1655,2026-04-25 09:50:22.623131
1657.0,21.0,male,blouse,clothing,42.0,indiana,l,brown,spring,2.6,False,credit_card,2-day_shipping,True,True,41.0,paypal,every_3_months,1.0,1656,2026-04-25 09:50:22.623131
1658.0,69.0,male,skirt,clothing,36.0,indiana,l,turquoise,spring,3.2,False,cash,store_pickup,True,True,4.0,debit_card,bi-weekly,1.0,1657,2026-04-25 09:50:22.623131
1659.0,32.0,male,jewelry,accessories,66.0,alaska,s,pink,spring,4.1,False,debit_card,store_pickup,True,True,47.0,cash,weekly,1.0,1658,2026-04-25 09:50:22.623131
1660.0,53.0,male,gloves,accessories,37.0,utah,m,black,fall,3.9,False,bank_transfer,next_day_air,True,True,44.0,venmo,annually,1.0,1659,2026-04-25 09:50:22.623131
1661.0,59.0,male,t-shirt,clothing,45.0,louisiana,l,yellow,winter,4.1,False,venmo,standard,True,True,37.0,venmo,monthly,1.0,1660,2026-04-25 09:50:22.623131
1662.0,64.0,male,gloves,accessories,86.0,iowa,s,beige,summer,2.7,False,credit_card,2-day_shipping,True,True,21.0,debit_card,quarterly,1.0,1661,2026-04-25 09:50:22.623131
1663.0,63.0,male,sunglasses,accessories,24.0,new_mexico,m,olive,winter,4.6,False,debit_card,free_shipping,True,True,46.0,debit_card,fortnightly,1.0,1662,2026-04-25 09:50:22.623131
1664.0,43.0,male,shirt,clothing,22.0,maine,xl,gold,summer,3.5,False,cash,standard,True,True,1.0,cash,bi-weekly,1.0,1663,2026-04-25 09:50:22.623131
1665.0,19.0,male,handbag,accessories,53.0,minnesota,m,purple,spring,5.0,False,paypal,next_day_air,True,True,35.0,paypal,weekly,1.0,1664,2026-04-25 09:50:22.623131
1666.0,40.0,male,jacket,outerwear,41.0,new_mexico,l,pink,fall,3.4,False,cash,next_day_air,True,True,49.0,venmo,monthly,1.0,1665,2026-04-25 09:50:22.623131
1667.0,51.0,male,skirt,clothing,64.0,arkansas,m,blue,summer,3.1,False,cash,store_pickup,True,True,47.0,paypal,annually,1.0,1666,2026-04-25 09:50:22.623131
1668.0,51.0,male,handbag,accessories,40.0,oklahoma,l,brown,winter,3.4,False,bank_transfer,2-day_shipping,True,True,24.0,bank_transfer,every_3_months,1.0,1667,2026-04-25 09:50:22.623131
1669.0,66.0,male,blouse,clothing,33.0,utah,l,charcoal,summer,4.0,False,credit_card,standard,True,True,28.0,debit_card,fortnightly,1.0,1668,2026-04-25 09:50:22.623131
1670.0,42.0,male,t-shirt,clothing,59.0,wisconsin,l,maroon,winter,2.7,False,paypal,store_pickup,True,True,22.0,bank_transfer,quarterly,1.0,1669,2026-04-25 09:50:22.623131
1671.0,22.0,male,pants,clothing,73.0,utah,l,cyan,fall,3.6,False,venmo,free_shipping,True,True,20.0,cash,weekly,1.0,1670,2026-04-25 09:50:22.623131
1672.0,31.0,male,hoodie,clothing,22.0,utah,m,olive,winter,4.0,False,paypal,free_shipping,True,True,25.0,bank_transfer,weekly,1.0,1671,2026-04-25 09:50:22.623131
1673.0,18.0,male,boots,footwear,73.0,south_carolina,l,gold,fall,3.8,False,debit_card,free_shipping,True,True,15.0,venmo,quarterly,1.0,1672,2026-04-25 09:50:22.623131
1674.0,21.0,male,blouse,clothing,62.0,hawaii,m,violet,fall,3.4,False,debit_card,next_day_air,True,True,49.0,venmo,bi-weekly,1.0,1673,2026-04-25 09:50:22.623131
1675.0,35.0,male,coat,outerwear,56.0,alaska,m,peach,winter,3.2,False,paypal,free_shipping,True,True,10.0,debit_card,fortnightly,1.0,1674,2026-04-25 09:50:22.623131
1676.0,35.0,male,pants,clothing,90.0,colorado,m,beige,spring,4.7,False,venmo,next_day_air,True,True,21.0,credit_card,annually,1.0,1675,2026-04-25 09:50:22.623131
1677.0,27.0,male,sunglasses,accessories,44.0,west_virginia,m,cyan,winter,3.1,False,paypal,next_day_air,True,True,34.0,bank_transfer,weekly,1.0,1676,2026-04-25 09:50:22.623131
1678.0,65.0,male,jeans,clothing,35.0,oregon,l,silver,summer,3.3,False,paypal,next_day_air,False,False,41.0,debit_card,weekly,1.0,1677,2026-04-25 09:50:22.623131
1679.0,41.0,male,pants,clothing,71.0,ohio,s,magenta,summer,4.8,False,paypal,2-day_shipping,False,False,30.0,venmo,fortnightly,1.0,1678,2026-04-25 09:50:22.623131
1680.0,60.0,male,dress,clothing,52.0,massachusetts,s,black,fall,4.5,False,paypal,next_day_air,False,False,24.0,debit_card,bi-weekly,1.0,1679,2026-04-25 09:50:22.623131
1681.0,61.0,male,shoes,footwear,37.0,louisiana,m,olive,summer,3.4,False,credit_card,store_pickup,False,False,6.0,credit_card,annually,1.0,1680,2026-04-25 09:50:22.623131
1682.0,24.0,male,sneakers,footwear,95.0,virginia,l,green,winter,3.7,False,cash,2-day_shipping,False,False,14.0,credit_card,bi-weekly,1.0,1681,2026-04-25 09:50:22.623131
1683.0,65.0,male,socks,clothing,97.0,new_york,m,yellow,fall,4.9,False,venmo,2-day_shipping,False,False,37.0,credit_card,bi-weekly,1.0,1682,2026-04-25 09:50:22.623131
1684.0,23.0,male,coat,outerwear,57.0,arkansas,s,lavender,spring,3.5,False,debit_card,next_day_air,False,False,37.0,venmo,quarterly,1.0,1683,2026-04-25 09:50:22.623131
1685.0,30.0,male,shirt,clothing,93.0,new_mexico,m,indigo,spring,4.6,False,cash,standard,False,False,28.0,paypal,weekly,1.0,1684,2026-04-25 09:50:22.623131
1686.0,33.0,male,blouse,clothing,48.0,minnesota,m,pink,winter,4.6,False,venmo,standard,False,False,43.0,paypal,bi-weekly,1.0,1685,2026-04-25 09:50:22.623131
1687.0,22.0,male,gloves,accessories,75.0,illinois,l,red,fall,4.2,False,credit_card,store_pickup,False,False,25.0,cash,annually,1.0,1686,2026-04-25 09:50:22.623131
1688.0,67.0,male,skirt,clothing,70.0,georgia,s,magenta,winter,3.7,False,venmo,free_shipping,False,False,4.0,paypal,annually,1.0,1687,2026-04-25 09:50:22.623131
1689.0,28.0,male,handbag,accessories,26.0,mississippi,s,peach,winter,3.0,False,credit_card,next_day_air,False,False,13.0,venmo,fortnightly,1.0,1688,2026-04-25 09:50:22.623131
1690.0,32.0,male,shirt,clothing,73.0,north_carolina,l,turquoise,winter,4.6,False,credit_card,store_pickup,False,False,32.0,bank_transfer,monthly,1.0,1689,2026-04-25 09:50:22.623131
1691.0,40.0,male,coat,outerwear,30.0,nevada,m,black,summer,3.2,False,cash,free_shipping,False,False,1.0,cash,annually,1.0,1690,2026-04-25 09:50:22.623131
1692.0,64.0,male,shoes,footwear,61.0,connecticut,l,blue,summer,3.5,False,credit_card,next_day_air,False,False,4.0,cash,annually,1.0,1691,2026-04-25 09:50:22.623131
1693.0,56.0,male,handbag,accessories,75.0,utah,m,beige,winter,2.6,False,debit_card,standard,False,False,33.0,cash,bi-weekly,1.0,1692,2026-04-25 09:50:22.623131
1694.0,63.0,male,jacket,outerwear,88.0,tennessee,xl,olive,fall,4.9,False,venmo,standard,False,False,45.0,bank_transfer,fortnightly,1.0,1693,2026-04-25 09:50:22.623131
1695.0,20.0,male,shirt,clothing,67.0,mississippi,m,turquoise,summer,2.7,False,credit_card,express,False,False,20.0,debit_card,fortnightly,1.0,1694,2026-04-25 09:50:22.623131
1696.0,54.0,male,hat,accessories,95.0,nebraska,s,yellow,fall,4.7,False,venmo,2-day_shipping,False,False,1.0,paypal,fortnightly,1.0,1695,2026-04-25 09:50:22.623131
1697.0,31.0,male,sunglasses,accessories,69.0,west_virginia,s,turquoise,spring,4.0,False,bank_transfer,free_shipping,False,False,7.0,credit_card,bi-weekly,1.0,1696,2026-04-25 09:50:22.623131
1698.0,36.0,male,shirt,clothing,87.0,south_carolina,l,lavender,fall,3.5,False,venmo,next_day_air,False,False,48.0,credit_card,every_3_months,1.0,1697,2026-04-25 09:50:22.623131
1699.0,25.0,male,belt,accessories,41.0,iowa,xl,turquoise,winter,4.8,False,credit_card,standard,False,False,46.0,bank_transfer,quarterly,1.0,1698,2026-04-25 09:50:22.623131
1700.0,20.0,male,sweater,clothing,67.0,north_dakota,l,teal,spring,4.0,False,bank_transfer,free_shipping,False,False,34.0,debit_card,annually,1.0,1699,2026-04-25 09:50:22.623131
1701.0,62.0,male,hoodie,clothing,70.0,west_virginia,l,black,fall,4.1,False,credit_card,express,False,False,36.0,bank_transfer,monthly,1.0,1700,2026-04-25 09:50:22.623131
1702.0,69.0,male,handbag,accessories,41.0,mississippi,xl,blue,winter,3.8,False,paypal,next_day_air,False,False,44.0,debit_card,every_3_months,1.0,1701,2026-04-25 09:50:22.623131
1703.0,54.0,male,jeans,clothing,83.0,alabama,xl,yellow,summer,5.0,False,debit_card,express,False,False,48.0,bank_transfer,weekly,1.0,1702,2026-04-25 09:50:22.623131
1704.0,39.0,male,backpack,accessories,22.0,california,m,black,spring,4.0,False,venmo,next_day_air,False,False,12.0,bank_transfer,annually,1.0,1703,2026-04-25 09:50:22.623131
1705.0,56.0,male,sneakers,footwear,20.0,idaho,m,lavender,summer,3.9,False,bank_transfer,store_pickup,False,False,19.0,cash,every_3_months,1.0,1704,2026-04-25 09:50:22.623131
1706.0,39.0,male,jewelry,accessories,29.0,south_dakota,l,cyan,summer,3.4,False,venmo,2-day_shipping,False,False,49.0,venmo,bi-weekly,1.0,1705,2026-04-25 09:50:22.623131
1707.0,37.0,male,sunglasses,accessories,87.0,north_dakota,m,brown,spring,3.0,False,credit_card,standard,False,False,25.0,venmo,fortnightly,1.0,1706,2026-04-25 09:50:22.623131
1708.0,25.0,male,shorts,clothing,81.0,nevada,l,maroon,fall,4.9,False,credit_card,2-day_shipping,False,False,25.0,cash,bi-weekly,1.0,1707,2026-04-25 09:50:22.623131
1709.0,35.0,male,boots,footwear,58.0,florida,l,cyan,spring,3.2,False,bank_transfer,express,False,False,1.0,credit_card,quarterly,1.0,1708,2026-04-25 09:50:22.623131
1710.0,45.0,male,skirt,clothing,83.0,indiana,m,pink,winter,3.8,False,venmo,standard,False,False,19.0,bank_transfer,annually,1.0,1709,2026-04-25 09:50:22.623131
1711.0,19.0,male,pants,clothing,59.0,arkansas,xl,orange,fall,3.8,False,debit_card,store_pickup,False,False,7.0,credit_card,quarterly,1.0,1710,2026-04-25 09:50:22.623131
1712.0,21.0,male,t-shirt,clothing,93.0,north_carolina,m,lavender,spring,4.7,False,debit_card,express,False,False,19.0,credit_card,monthly,1.0,1711,2026-04-25 09:50:22.623131
1713.0,65.0,male,t-shirt,clothing,87.0,illinois,s,beige,fall,3.8,False,debit_card,2-day_shipping,False,False,9.0,cash,fortnightly,1.0,1712,2026-04-25 09:50:22.623131
1714.0,49.0,male,jacket,outerwear,22.0,missouri,m,pink,winter,4.6,False,venmo,free_shipping,False,False,37.0,paypal,quarterly,1.0,1713,2026-04-25 09:50:22.623131
1715.0,30.0,male,jeans,clothing,71.0,south_dakota,s,charcoal,summer,4.4,False,bank_transfer,standard,False,False,15.0,cash,monthly,1.0,1714,2026-04-25 09:50:22.623131
1716.0,23.0,male,dress,clothing,69.0,idaho,xl,gray,spring,3.4,False,paypal,2-day_shipping,False,False,30.0,paypal,bi-weekly,1.0,1715,2026-04-25 09:50:22.623131
1717.0,69.0,male,blouse,clothing,47.0,connecticut,m,cyan,winter,4.7,False,venmo,standard,False,False,30.0,cash,every_3_months,1.0,1716,2026-04-25 09:50:22.623131
1718.0,29.0,male,hoodie,clothing,50.0,hawaii,l,orange,summer,2.9,False,cash,express,False,False,16.0,debit_card,bi-weekly,1.0,1717,2026-04-25 09:50:22.623131
1719.0,54.0,male,t-shirt,clothing,96.0,maryland,l,pink,winter,3.4,False,cash,2-day_shipping,False,False,14.0,paypal,every_3_months,1.0,1718,2026-04-25 09:50:22.623131
1720.0,45.0,male,sweater,clothing,39.0,maryland,m,white,winter,3.2,False,venmo,free_shipping,False,False,8.0,venmo,quarterly,1.0,1719,2026-04-25 09:50:22.623131
1721.0,25.0,male,shorts,clothing,84.0,massachusetts,s,beige,winter,2.8,False,cash,express,False,False,40.0,debit_card,bi-weekly,1.0,1720,2026-04-25 09:50:22.623131
1722.0,34.0,male,jewelry,accessories,28.0,delaware,s,magenta,spring,4.3,False,venmo,free_shipping,False,False,24.0,credit_card,monthly,1.0,1721,2026-04-25 09:50:22.623131
1723.0,46.0,male,t-shirt,clothing,51.0,massachusetts,l,violet,summer,3.3,False,cash,standard,False,False,14.0,cash,fortnightly,1.0,1722,2026-04-25 09:50:22.623131
1724.0,70.0,male,scarf,accessories,20.0,new_york,xl,gold,spring,3.3,False,bank_transfer,standard,False,False,39.0,paypal,annually,1.0,1723,2026-04-25 09:50:22.623131
1725.0,42.0,male,shoes,footwear,72.0,delaware,s,teal,winter,3.3,False,paypal,free_shipping,False,False,21.0,paypal,weekly,1.0,1724,2026-04-25 09:50:22.623131
1726.0,45.0,male,sunglasses,accessories,33.0,massachusetts,m,indigo,spring,3.0,False,cash,next_day_air,False,False,32.0,venmo,quarterly,1.0,1725,2026-04-25 09:50:22.623131
1727.0,57.0,male,coat,outerwear,28.0,indiana,s,olive,summer,2.8,False,credit_card,express,False,False,45.0,debit_card,weekly,1.0,1726,2026-04-25 09:50:22.623131
1728.0,49.0,male,blouse,clothing,53.0,virginia,s,violet,spring,4.0,False,credit_card,express,False,False,19.0,paypal,monthly,1.0,1727,2026-04-25 09:50:22.623131
1729.0,23.0,male,jeans,clothing,48.0,wyoming,l,black,fall,4.3,False,debit_card,express,False,False,1.0,debit_card,every_3_months,1.0,1728,2026-04-25 09:50:22.623131
1730.0,47.0,male,shorts,clothing,21.0,illinois,m,brown,winter,3.8,False,venmo,store_pickup,False,False,12.0,venmo,fortnightly,1.0,1729,2026-04-25 09:50:22.623131
1731.0,23.0,male,shirt,clothing,22.0,alabama,s,silver,fall,4.2,False,cash,free_shipping,False,False,26.0,credit_card,weekly,1.0,1730,2026-04-25 09:50:22.623131
1732.0,21.0,male,backpack,accessories,87.0,idaho,m,gray,fall,3.1,False,debit_card,next_day_air,False,False,12.0,cash,monthly,1.0,1731,2026-04-25 09:50:22.623131
1733.0,45.0,male,belt,accessories,50.0,rhode_island,s,charcoal,winter,2.6,False,cash,free_shipping,False,False,36.0,cash,every_3_months,1.0,1732,2026-04-25 09:50:22.623131
1734.0,67.0,male,blouse,clothing,85.0,new_york,l,black,summer,3.4,False,bank_transfer,express,False,False,22.0,credit_card,annually,1.0,1733,2026-04-25 09:50:22.623131
1735.0,31.0,male,jeans,clothing,98.0,missouri,l,brown,spring,3.1,False,credit_card,next_day_air,False,False,16.0,paypal,quarterly,1.0,1734,2026-04-25 09:50:22.623131
1736.0,58.0,male,dress,clothing,34.0,texas,m,purple,winter,3.6,False,debit_card,express,False,False,31.0,venmo,annually,1.0,1735,2026-04-25 09:50:22.623131
1737.0,57.0,male,shorts,clothing,61.0,tennessee,m,purple,summer,2.6,False,cash,2-day_shipping,False,False,43.0,cash,quarterly,1.0,1736,2026-04-25 09:50:22.623131
1738.0,42.0,male,jewelry,accessories,98.0,ohio,l,gray,summer,4.2,False,bank_transfer,store_pickup,False,False,50.0,venmo,bi-weekly,1.0,1737,2026-04-25 09:50:22.623131
1739.0,60.0,male,handbag,accessories,61.0,tennessee,m,green,spring,2.9,False,paypal,2-day_shipping,False,False,37.0,credit_card,weekly,1.0,1738,2026-04-25 09:50:22.623131
1740.0,21.0,male,jewelry,accessories,98.0,minnesota,l,silver,winter,4.2,False,credit_card,express,False,False,23.0,cash,weekly,1.0,1739,2026-04-25 09:50:22.623131
1741.0,69.0,male,pants,clothing,21.0,wisconsin,l,charcoal,fall,3.3,False,cash,next_day_air,False,False,10.0,bank_transfer,every_3_months,1.0,1740,2026-04-25 09:50:22.623131
1742.0,41.0,male,pants,clothing,51.0,delaware,xl,teal,winter,3.6,False,venmo,next_day_air,False,False,20.0,bank_transfer,monthly,1.0,1741,2026-04-25 09:50:22.623131
1743.0,51.0,male,sandals,footwear,80.0,kansas,xl,white,spring,4.3,False,credit_card,express,False,False,18.0,venmo,every_3_months,1.0,1742,2026-04-25 09:50:22.623131
1744.0,23.0,male,skirt,clothing,72.0,missouri,xl,brown,winter,3.3,False,debit_card,standard,False,False,3.0,bank_transfer,weekly,1.0,1743,2026-04-25 09:50:22.623131
1745.0,57.0,male,sunglasses,accessories,63.0,michigan,l,teal,winter,3.0,False,paypal,standard,False,False,23.0,paypal,weekly,1.0,1744,2026-04-25 09:50:22.623131
1746.0,40.0,male,skirt,clothing,27.0,west_virginia,l,red,winter,3.6,False,credit_card,store_pickup,False,False,27.0,cash,weekly,1.0,1745,2026-04-25 09:50:22.623131
1747.0,65.0,male,handbag,accessories,44.0,alabama,l,brown,summer,3.1,False,bank_transfer,store_pickup,False,False,44.0,bank_transfer,fortnightly,1.0,1746,2026-04-25 09:50:22.623131
1748.0,61.0,male,coat,outerwear,23.0,new_hampshire,m,yellow,winter,2.9,False,cash,express,False,False,41.0,venmo,quarterly,1.0,1747,2026-04-25 09:50:22.623131
1749.0,34.0,male,skirt,clothing,93.0,montana,l,teal,winter,3.9,False,bank_transfer,2-day_shipping,False,False,41.0,bank_transfer,annually,1.0,1748,2026-04-25 09:50:22.623131
1750.0,43.0,male,hoodie,clothing,70.0,wyoming,l,pink,fall,3.2,False,credit_card,2-day_shipping,False,False,36.0,debit_card,every_3_months,1.0,1749,2026-04-25 09:50:22.623131
1751.0,31.0,male,sunglasses,accessories,85.0,missouri,m,white,fall,3.1,False,credit_card,express,False,False,38.0,venmo,every_3_months,1.0,1750,2026-04-25 09:50:22.623131
1752.0,57.0,male,sweater,clothing,40.0,ohio,m,silver,winter,3.2,False,paypal,2-day_shipping,False,False,34.0,cash,annually,1.0,1751,2026-04-25 09:50:22.623131
1753.0,34.0,male,boots,footwear,29.0,south_dakota,l,blue,winter,3.3,False,debit_card,store_pickup,False,False,14.0,venmo,quarterly,1.0,1752,2026-04-25 09:50:22.623131
1754.0,25.0,male,skirt,clothing,27.0,colorado,l,black,fall,4.8,False,venmo,next_day_air,False,False,23.0,credit_card,fortnightly,1.0,1753,2026-04-25 09:50:22.623131
1755.0,66.0,male,dress,clothing,93.0,massachusetts,s,beige,fall,3.8,False,debit_card,2-day_shipping,False,False,18.0,credit_card,fortnightly,1.0,1754,2026-04-25 09:50:22.623131
1756.0,56.0,male,belt,accessories,20.0,delaware,xl,charcoal,spring,4.6,False,cash,next_day_air,False,False,45.0,cash,monthly,1.0,1755,2026-04-25 09:50:22.623131
1757.0,49.0,male,jewelry,accessories,55.0,new_hampshire,s,cyan,fall,2.8,False,paypal,free_shipping,False,False,14.0,bank_transfer,weekly,1.0,1756,2026-04-25 09:50:22.623131
1758.0,19.0,male,dress,clothing,94.0,michigan,l,yellow,fall,3.6,False,bank_transfer,standard,False,False,48.0,debit_card,annually,1.0,1757,2026-04-25 09:50:22.623131
1759.0,27.0,male,hat,accessories,56.0,pennsylvania,m,silver,winter,4.3,False,debit_card,free_shipping,False,False,17.0,venmo,bi-weekly,1.0,1758,2026-04-25 09:50:22.623131
1760.0,68.0,male,sweater,clothing,58.0,louisiana,l,green,spring,4.0,False,venmo,next_day_air,False,False,1.0,paypal,weekly,1.0,1759,2026-04-25 09:50:22.623131
1761.0,20.0,male,skirt,clothing,44.0,minnesota,xl,peach,spring,3.5,False,credit_card,standard,False,False,39.0,paypal,weekly,1.0,1760,2026-04-25 09:50:22.623131
1762.0,21.0,male,hoodie,clothing,95.0,hawaii,s,green,fall,4.9,False,paypal,2-day_shipping,False,False,24.0,cash,weekly,1.0,1761,2026-04-25 09:50:22.623131
1763.0,36.0,male,sandals,footwear,42.0,idaho,m,brown,summer,3.1,False,credit_card,express,False,False,41.0,bank_transfer,fortnightly,1.0,1762,2026-04-25 09:50:22.623131
1764.0,37.0,male,jewelry,accessories,93.0,vermont,m,lavender,winter,3.9,False,venmo,store_pickup,False,False,28.0,paypal,annually,1.0,1763,2026-04-25 09:50:22.623131
1765.0,61.0,male,dress,clothing,56.0,delaware,m,charcoal,summer,3.0,False,paypal,store_pickup,False,False,34.0,venmo,quarterly,1.0,1764,2026-04-25 09:50:22.623131
1766.0,68.0,male,hoodie,clothing,88.0,new_mexico,m,orange,spring,4.1,False,bank_transfer,2-day_shipping,False,False,41.0,venmo,quarterly,1.0,1765,2026-04-25 09:50:22.623131
1767.0,60.0,male,sweater,clothing,54.0,alaska,s,cyan,winter,4.3,False,venmo,2-day_shipping,False,False,27.0,cash,bi-weekly,1.0,1766,2026-04-25 09:50:22.623131
1768.0,69.0,male,jewelry,accessories,89.0,minnesota,l,lavender,fall,3.8,False,paypal,2-day_shipping,False,False,46.0,debit_card,fortnightly,1.0,1767,2026-04-25 09:50:22.623131
1769.0,25.0,male,sandals,footwear,45.0,nebraska,m,indigo,summer,3.9,False,venmo,2-day_shipping,False,False,2.0,paypal,every_3_months,1.0,1768,2026-04-25 09:50:22.623131
1770.0,32.0,male,socks,clothing,75.0,alaska,l,brown,winter,4.3,False,credit_card,free_shipping,False,False,45.0,cash,monthly,1.0,1769,2026-04-25 09:50:22.623131
1771.0,53.0,male,backpack,accessories,22.0,michigan,m,pink,fall,4.3,False,credit_card,express,False,False,34.0,bank_transfer,weekly,1.0,1770,2026-04-25 09:50:22.623131
1772.0,46.0,male,shirt,clothing,82.0,indiana,xl,turquoise,fall,4.7,False,credit_card,store_pickup,False,False,9.0,credit_card,annually,1.0,1771,2026-04-25 09:50:22.623131
1773.0,58.0,male,shoes,footwear,34.0,hawaii,m,gold,summer,3.1,False,paypal,2-day_shipping,False,False,1.0,bank_transfer,annually,1.0,1772,2026-04-25 09:50:22.623131
1774.0,21.0,male,coat,outerwear,92.0,west_virginia,m,blue,summer,2.7,False,cash,free_shipping,False,False,17.0,paypal,annually,1.0,1773,2026-04-25 09:50:22.623131
1775.0,46.0,male,sweater,clothing,78.0,new_york,m,lavender,spring,3.7,False,bank_transfer,express,False,False,6.0,paypal,weekly,1.0,1774,2026-04-25 09:50:22.623131
1776.0,18.0,male,jacket,outerwear,47.0,iowa,m,violet,spring,3.3,False,bank_transfer,2-day_shipping,False,False,12.0,cash,bi-weekly,1.0,1775,2026-04-25 09:50:22.623131
1777.0,56.0,male,jacket,outerwear,64.0,arizona,l,cyan,summer,3.4,False,bank_transfer,free_shipping,False,False,10.0,venmo,every_3_months,1.0,1776,2026-04-25 09:50:22.623131
1778.0,18.0,male,sneakers,footwear,44.0,minnesota,l,purple,winter,4.7,False,cash,free_shipping,False,False,4.0,cash,fortnightly,1.0,1777,2026-04-25 09:50:22.623131
1779.0,49.0,male,belt,accessories,94.0,texas,m,red,winter,4.9,False,debit_card,store_pickup,False,False,8.0,debit_card,bi-weekly,1.0,1778,2026-04-25 09:50:22.623131
1780.0,29.0,male,scarf,accessories,62.0,virginia,m,charcoal,winter,4.3,False,bank_transfer,free_shipping,False,False,41.0,venmo,weekly,1.0,1779,2026-04-25 09:50:22.623131
1781.0,67.0,male,jewelry,accessories,81.0,north_dakota,s,gray,summer,4.2,False,cash,next_day_air,False,False,49.0,credit_card,weekly,1.0,1780,2026-04-25 09:50:22.623131
1782.0,31.0,male,t-shirt,clothing,33.0,iowa,m,pink,fall,3.7,False,paypal,express,False,False,49.0,bank_transfer,quarterly,1.0,1781,2026-04-25 09:50:22.623131
1783.0,52.0,male,pants,clothing,88.0,utah,m,lavender,fall,2.7,False,credit_card,next_day_air,False,False,40.0,bank_transfer,fortnightly,1.0,1782,2026-04-25 09:50:22.623131
1784.0,42.0,male,handbag,accessories,49.0,ohio,l,lavender,winter,3.3,False,cash,free_shipping,False,False,30.0,credit_card,monthly,1.0,1783,2026-04-25 09:50:22.623131
1785.0,32.0,male,backpack,accessories,31.0,louisiana,l,yellow,summer,4.8,False,cash,standard,False,False,4.0,debit_card,quarterly,1.0,1784,2026-04-25 09:50:22.623131
1786.0,47.0,male,gloves,accessories,29.0,iowa,s,peach,fall,4.1,False,bank_transfer,next_day_air,False,False,22.0,venmo,monthly,1.0,1785,2026-04-25 09:50:22.623131
1787.0,45.0,male,jacket,outerwear,34.0,maryland,m,brown,spring,4.6,False,debit_card,2-day_shipping,False,False,22.0,venmo,monthly,1.0,1786,2026-04-25 09:50:22.623131
1788.0,20.0,male,sweater,clothing,38.0,montana,l,gold,fall,4.9,False,bank_transfer,2-day_shipping,False,False,10.0,bank_transfer,quarterly,1.0,1787,2026-04-25 09:50:22.623131
1789.0,66.0,male,blouse,clothing,41.0,illinois,l,pink,summer,3.1,False,paypal,store_pickup,False,False,23.0,cash,bi-weekly,1.0,1788,2026-04-25 09:50:22.623131
1790.0,52.0,male,blouse,clothing,34.0,arizona,l,peach,spring,3.0,False,paypal,2-day_shipping,False,False,43.0,debit_card,quarterly,1.0,1789,2026-04-25 09:50:22.623131
1791.0,50.0,male,gloves,accessories,26.0,north_carolina,s,violet,summer,3.7,False,credit_card,store_pickup,False,False,31.0,paypal,bi-weekly,1.0,1790,2026-04-25 09:50:22.623131
1792.0,62.0,male,jeans,clothing,98.0,montana,s,purple,winter,4.0,False,debit_card,store_pickup,False,False,38.0,cash,annually,1.0,1791,2026-04-25 09:50:22.623131
1793.0,38.0,male,sneakers,footwear,59.0,iowa,m,peach,fall,3.0,False,bank_transfer,express,False,False,22.0,debit_card,every_3_months,1.0,1792,2026-04-25 09:50:22.623131
1794.0,65.0,male,hat,accessories,92.0,iowa,s,white,fall,3.8,False,debit_card,store_pickup,False,False,45.0,cash,every_3_months,1.0,1793,2026-04-25 09:50:22.623131
1795.0,60.0,male,backpack,accessories,40.0,ohio,l,indigo,spring,3.7,False,bank_transfer,express,False,False,21.0,debit_card,fortnightly,1.0,1794,2026-04-25 09:50:22.623131
1796.0,68.0,male,jeans,clothing,20.0,wisconsin,s,violet,fall,4.0,False,debit_card,2-day_shipping,False,False,9.0,debit_card,fortnightly,1.0,1795,2026-04-25 09:50:22.623131
1797.0,62.0,male,skirt,clothing,35.0,south_carolina,s,brown,spring,3.1,False,debit_card,store_pickup,False,False,34.0,venmo,weekly,1.0,1796,2026-04-25 09:50:22.623131
1798.0,62.0,male,belt,accessories,35.0,oregon,l,maroon,spring,3.9,False,paypal,2-day_shipping,False,False,26.0,venmo,weekly,1.0,1797,2026-04-25 09:50:22.623131
1799.0,40.0,male,dress,clothing,82.0,north_dakota,l,magenta,winter,3.7,False,credit_card,express,False,False,1.0,cash,weekly,1.0,1798,2026-04-25 09:50:22.623131
1800.0,32.0,male,hoodie,clothing,48.0,california,m,charcoal,fall,3.9,False,debit_card,express,False,False,47.0,venmo,weekly,1.0,1799,2026-04-25 09:50:22.623131
1801.0,22.0,male,coat,outerwear,58.0,mississippi,xl,indigo,winter,2.7,False,cash,express,False,False,30.0,credit_card,weekly,1.0,1800,2026-04-25 09:50:22.623131
1802.0,33.0,male,sweater,clothing,57.0,new_jersey,m,turquoise,spring,3.9,False,credit_card,express,False,False,48.0,debit_card,fortnightly,1.0,1801,2026-04-25 09:50:22.623131
1803.0,57.0,male,shorts,clothing,96.0,rhode_island,l,turquoise,winter,2.6,False,bank_transfer,store_pickup,False,False,31.0,venmo,bi-weekly,1.0,1802,2026-04-25 09:50:22.623131
1804.0,60.0,male,sneakers,footwear,97.0,new_hampshire,s,gray,summer,3.5,False,paypal,free_shipping,False,False,33.0,venmo,fortnightly,1.0,1803,2026-04-25 09:50:22.623131
1805.0,30.0,male,sweater,clothing,42.0,louisiana,l,peach,winter,4.4,False,debit_card,next_day_air,False,False,39.0,credit_card,weekly,1.0,1804,2026-04-25 09:50:22.623131
1806.0,41.0,male,t-shirt,clothing,62.0,arizona,l,gold,spring,4.9,False,venmo,store_pickup,False,False,46.0,debit_card,weekly,1.0,1805,2026-04-25 09:50:22.623131
1807.0,58.0,male,handbag,accessories,67.0,rhode_island,m,green,fall,3.9,False,credit_card,standard,False,False,24.0,venmo,annually,1.0,1806,2026-04-25 09:50:22.623131
1808.0,34.0,male,sneakers,footwear,46.0,vermont,l,gold,summer,3.5,False,paypal,standard,False,False,37.0,venmo,fortnightly,1.0,1807,2026-04-25 09:50:22.623131
1809.0,67.0,male,jacket,outerwear,71.0,tennessee,m,lavender,spring,4.3,False,credit_card,next_day_air,False,False,7.0,debit_card,monthly,1.0,1808,2026-04-25 09:50:22.623131
1810.0,58.0,male,backpack,accessories,99.0,alaska,s,blue,fall,3.4,False,credit_card,free_shipping,False,False,6.0,debit_card,fortnightly,1.0,1809,2026-04-25 09:50:22.623131
1811.0,41.0,male,jeans,clothing,28.0,maryland,m,magenta,fall,2.7,False,credit_card,standard,False,False,16.0,cash,bi-weekly,1.0,1810,2026-04-25 09:50:22.623131
1812.0,42.0,male,belt,accessories,77.0,wisconsin,l,blue,summer,3.6,False,bank_transfer,standard,False,False,33.0,bank_transfer,annually,1.0,1811,2026-04-25 09:50:22.623131
1813.0,50.0,male,boots,footwear,63.0,nevada,s,blue,summer,4.9,False,venmo,express,False,False,18.0,paypal,bi-weekly,1.0,1812,2026-04-25 09:50:22.623131
1814.0,40.0,male,shorts,clothing,62.0,illinois,m,olive,spring,3.5,False,credit_card,free_shipping,False,False,24.0,paypal,weekly,1.0,1813,2026-04-25 09:50:22.623131
1815.0,32.0,male,jeans,clothing,92.0,montana,m,white,summer,3.8,False,debit_card,free_shipping,False,False,24.0,cash,quarterly,1.0,1814,2026-04-25 09:50:22.623131
1816.0,51.0,male,shoes,footwear,72.0,new_mexico,l,white,winter,4.5,False,venmo,2-day_shipping,False,False,48.0,credit_card,every_3_months,1.0,1815,2026-04-25 09:50:22.623131
1817.0,26.0,male,hat,accessories,79.0,virginia,m,purple,summer,4.0,False,venmo,express,False,False,4.0,cash,weekly,1.0,1816,2026-04-25 09:50:22.623131
1818.0,32.0,male,t-shirt,clothing,27.0,delaware,m,white,summer,4.7,False,credit_card,free_shipping,False,False,20.0,cash,weekly,1.0,1817,2026-04-25 09:50:22.623131
1819.0,58.0,male,sunglasses,accessories,39.0,north_carolina,m,white,fall,3.8,False,credit_card,express,False,False,47.0,debit_card,every_3_months,1.0,1818,2026-04-25 09:50:22.623131
1820.0,51.0,male,socks,clothing,86.0,nevada,s,peach,spring,4.5,False,cash,next_day_air,False,False,50.0,cash,quarterly,1.0,1819,2026-04-25 09:50:22.623131
1821.0,19.0,male,shirt,clothing,94.0,washington,xl,gold,fall,5.0,False,paypal,express,False,False,31.0,paypal,monthly,1.0,1820,2026-04-25 09:50:22.623131
1822.0,57.0,male,shorts,clothing,53.0,maine,m,teal,spring,2.8,False,credit_card,express,False,False,29.0,paypal,quarterly,1.0,1821,2026-04-25 09:50:22.623131
1823.0,66.0,male,shirt,clothing,85.0,connecticut,s,cyan,summer,4.4,False,cash,standard,False,False,4.0,cash,annually,1.0,1822,2026-04-25 09:50:22.623131
1824.0,62.0,male,socks,clothing,50.0,louisiana,l,pink,fall,4.7,False,cash,free_shipping,False,False,40.0,bank_transfer,bi-weekly,1.0,1823,2026-04-25 09:50:22.623131
1825.0,58.0,male,pants,clothing,47.0,illinois,xl,magenta,winter,3.8,False,credit_card,express,False,False,31.0,cash,monthly,1.0,1824,2026-04-25 09:50:22.623131
1826.0,23.0,male,boots,footwear,75.0,south_dakota,m,pink,winter,4.9,False,bank_transfer,next_day_air,False,False,41.0,credit_card,weekly,1.0,1825,2026-04-25 09:50:22.623131
1827.0,45.0,male,t-shirt,clothing,60.0,indiana,m,turquoise,winter,4.2,False,paypal,express,False,False,44.0,debit_card,annually,1.0,1826,2026-04-25 09:50:22.623131
1828.0,20.0,male,t-shirt,clothing,36.0,vermont,s,pink,spring,4.9,False,cash,2-day_shipping,False,False,31.0,bank_transfer,weekly,1.0,1827,2026-04-25 09:50:22.623131
1829.0,33.0,male,coat,outerwear,80.0,new_hampshire,l,gray,spring,3.9,False,debit_card,express,False,False,45.0,cash,every_3_months,1.0,1828,2026-04-25 09:50:22.623131
1830.0,30.0,male,hat,accessories,96.0,oregon,m,white,spring,4.9,False,venmo,2-day_shipping,False,False,50.0,credit_card,quarterly,1.0,1829,2026-04-25 09:50:22.623131
1831.0,50.0,male,sunglasses,accessories,80.0,kansas,m,blue,winter,4.8,False,credit_card,express,False,False,7.0,venmo,annually,1.0,1830,2026-04-25 09:50:22.623131
1832.0,62.0,male,blouse,clothing,71.0,maine,m,cyan,summer,3.3,False,bank_transfer,free_shipping,False,False,5.0,bank_transfer,every_3_months,1.0,1831,2026-04-25 09:50:22.623131
1833.0,69.0,male,jewelry,accessories,29.0,louisiana,m,blue,fall,4.6,False,debit_card,free_shipping,False,False,48.0,cash,monthly,1.0,1832,2026-04-25 09:50:22.623131
1834.0,34.0,male,jewelry,accessories,53.0,louisiana,m,yellow,spring,4.5,False,bank_transfer,2-day_shipping,False,False,19.0,paypal,fortnightly,1.0,1833,2026-04-25 09:50:22.623131
1835.0,49.0,male,skirt,clothing,35.0,indiana,m,charcoal,summer,4.1,False,venmo,2-day_shipping,False,False,39.0,venmo,fortnightly,1.0,1834,2026-04-25 09:50:22.623131
1836.0,65.0,male,scarf,accessories,75.0,kentucky,m,lavender,fall,3.2,False,cash,2-day_shipping,False,False,45.0,credit_card,quarterly,1.0,1835,2026-04-25 09:50:22.623131
1837.0,66.0,male,pants,clothing,52.0,south_carolina,m,teal,fall,4.2,False,cash,2-day_shipping,False,False,35.0,credit_card,monthly,1.0,1836,2026-04-25 09:50:22.623131
1838.0,41.0,male,hat,accessories,77.0,montana,m,beige,winter,4.8,False,paypal,free_shipping,False,False,8.0,venmo,monthly,1.0,1837,2026-04-25 09:50:22.623131
1839.0,37.0,male,gloves,accessories,24.0,vermont,l,blue,fall,4.1,False,credit_card,next_day_air,False,False,11.0,credit_card,quarterly,1.0,1838,2026-04-25 09:50:22.623131
1840.0,32.0,male,shirt,clothing,78.0,mississippi,xl,purple,winter,3.7,False,venmo,store_pickup,False,False,32.0,cash,annually,1.0,1839,2026-04-25 09:50:22.623131
1841.0,42.0,male,sandals,footwear,98.0,wyoming,m,gold,winter,2.6,False,cash,store_pickup,False,False,46.0,bank_transfer,every_3_months,1.0,1840,2026-04-25 09:50:22.623131
1842.0,31.0,male,socks,clothing,57.0,vermont,l,blue,winter,3.0,False,debit_card,standard,False,False,7.0,paypal,every_3_months,1.0,1841,2026-04-25 09:50:22.623131
1843.0,61.0,male,handbag,accessories,78.0,alabama,m,black,summer,4.4,False,bank_transfer,express,False,False,1.0,debit_card,annually,1.0,1842,2026-04-25 09:50:22.623131
1844.0,36.0,male,jacket,outerwear,76.0,kentucky,m,charcoal,fall,4.7,False,bank_transfer,next_day_air,False,False,32.0,credit_card,monthly,1.0,1843,2026-04-25 09:50:22.623131
1845.0,60.0,male,shorts,clothing,26.0,south_dakota,m,purple,spring,2.7,False,venmo,2-day_shipping,False,False,31.0,credit_card,annually,1.0,1844,2026-04-25 09:50:22.623131
1846.0,51.0,male,sandals,footwear,78.0,delaware,m,orange,winter,2.8,False,debit_card,2-day_shipping,False,False,39.0,bank_transfer,quarterly,1.0,1845,2026-04-25 09:50:22.623131
1847.0,68.0,male,scarf,accessories,53.0,wisconsin,m,yellow,summer,2.9,False,debit_card,standard,False,False,9.0,venmo,quarterly,1.0,1846,2026-04-25 09:50:22.623131
1848.0,46.0,male,sandals,footwear,100.0,arizona,xl,cyan,summer,4.4,False,debit_card,free_shipping,False,False,49.0,credit_card,weekly,1.0,1847,2026-04-25 09:50:22.623131
1849.0,19.0,male,jeans,clothing,73.0,maine,xl,yellow,winter,2.7,False,credit_card,express,False,False,34.0,cash,every_3_months,1.0,1848,2026-04-25 09:50:22.623131
1850.0,30.0,male,skirt,clothing,40.0,new_mexico,m,maroon,winter,4.5,False,credit_card,store_pickup,False,False,35.0,bank_transfer,monthly,1.0,1849,2026-04-25 09:50:22.623131
1851.0,51.0,male,gloves,accessories,76.0,wyoming,s,black,winter,2.8,False,credit_card,store_pickup,False,False,50.0,debit_card,weekly,1.0,1850,2026-04-25 09:50:22.623131
1852.0,28.0,male,skirt,clothing,80.0,delaware,s,lavender,fall,3.1,False,venmo,free_shipping,False,False,4.0,bank_transfer,fortnightly,1.0,1851,2026-04-25 09:50:22.623131
1853.0,41.0,male,sweater,clothing,80.0,pennsylvania,xl,violet,winter,3.8,False,cash,store_pickup,False,False,32.0,cash,weekly,1.0,1852,2026-04-25 09:50:22.623131
1854.0,29.0,male,blouse,clothing,67.0,north_dakota,xl,olive,spring,2.9,False,bank_transfer,express,False,False,11.0,paypal,fortnightly,1.0,1853,2026-04-25 09:50:22.623131
1855.0,25.0,male,sweater,clothing,61.0,kentucky,m,teal,spring,3.8,False,credit_card,express,False,False,49.0,credit_card,annually,1.0,1854,2026-04-25 09:50:22.623131
1856.0,60.0,male,shirt,clothing,76.0,rhode_island,xl,teal,spring,4.7,False,bank_transfer,standard,False,False,9.0,cash,annually,1.0,1855,2026-04-25 09:50:22.623131
1857.0,63.0,male,jewelry,accessories,55.0,arizona,xl,beige,summer,3.2,False,venmo,free_shipping,False,False,30.0,paypal,bi-weekly,1.0,1856,2026-04-25 09:50:22.623131
1858.0,51.0,male,t-shirt,clothing,85.0,colorado,l,maroon,summer,4.0,False,cash,next_day_air,False,False,33.0,cash,monthly,1.0,1857,2026-04-25 09:50:22.623131
1859.0,22.0,male,scarf,accessories,69.0,maine,s,peach,spring,4.9,False,venmo,2-day_shipping,False,False,8.0,debit_card,annually,1.0,1858,2026-04-25 09:50:22.623131
1860.0,54.0,male,belt,accessories,26.0,new_jersey,l,beige,summer,3.7,False,credit_card,store_pickup,False,False,29.0,debit_card,fortnightly,1.0,1859,2026-04-25 09:50:22.623131
1861.0,18.0,male,t-shirt,clothing,64.0,kansas,m,silver,summer,4.8,False,credit_card,next_day_air,False,False,4.0,credit_card,monthly,1.0,1860,2026-04-25 09:50:22.623131
1862.0,29.0,male,sneakers,footwear,60.0,south_dakota,s,peach,fall,3.6,False,bank_transfer,standard,False,False,19.0,debit_card,monthly,1.0,1861,2026-04-25 09:50:22.623131
1863.0,59.0,male,gloves,accessories,36.0,new_hampshire,m,turquoise,winter,4.6,False,debit_card,express,False,False,10.0,paypal,fortnightly,1.0,1862,2026-04-25 09:50:22.623131
1864.0,25.0,male,sandals,footwear,21.0,connecticut,l,orange,spring,4.3,False,venmo,2-day_shipping,False,False,39.0,debit_card,monthly,1.0,1863,2026-04-25 09:50:22.623131
1865.0,19.0,male,backpack,accessories,72.0,wyoming,s,cyan,fall,3.2,False,bank_transfer,2-day_shipping,False,False,21.0,venmo,quarterly,1.0,1864,2026-04-25 09:50:22.623131
1866.0,56.0,male,pants,clothing,62.0,missouri,s,silver,summer,3.8,False,venmo,store_pickup,False,False,12.0,bank_transfer,monthly,1.0,1865,2026-04-25 09:50:22.623131
1867.0,31.0,male,t-shirt,clothing,44.0,alaska,xl,gold,winter,4.2,False,debit_card,standard,False,False,9.0,credit_card,fortnightly,1.0,1866,2026-04-25 09:50:22.623131
1868.0,45.0,male,skirt,clothing,52.0,delaware,m,brown,fall,3.4,False,debit_card,2-day_shipping,False,False,20.0,venmo,quarterly,1.0,1867,2026-04-25 09:50:22.623131
1869.0,23.0,male,gloves,accessories,58.0,indiana,m,silver,spring,4.7,False,bank_transfer,next_day_air,False,False,44.0,cash,fortnightly,1.0,1868,2026-04-25 09:50:22.623131
1870.0,18.0,male,blouse,clothing,77.0,west_virginia,s,beige,spring,3.9,False,paypal,2-day_shipping,False,False,16.0,debit_card,every_3_months,1.0,1869,2026-04-25 09:50:22.623131
1871.0,43.0,male,blouse,clothing,99.0,wyoming,l,violet,spring,4.3,False,debit_card,store_pickup,False,False,27.0,debit_card,fortnightly,1.0,1870,2026-04-25 09:50:22.623131
1872.0,56.0,male,jeans,clothing,96.0,illinois,xl,violet,fall,2.7,False,bank_transfer,standard,False,False,14.0,cash,every_3_months,1.0,1871,2026-04-25 09:50:22.623131
1873.0,43.0,male,t-shirt,clothing,64.0,alaska,m,lavender,summer,4.6,False,credit_card,standard,False,False,24.0,credit_card,monthly,1.0,1872,2026-04-25 09:50:22.623131
1874.0,64.0,male,sweater,clothing,44.0,wisconsin,xl,red,fall,2.9,False,credit_card,express,False,False,49.0,bank_transfer,weekly,1.0,1873,2026-04-25 09:50:22.623131
1875.0,67.0,male,pants,clothing,33.0,indiana,l,purple,fall,3.6,False,cash,free_shipping,False,False,14.0,cash,weekly,1.0,1874,2026-04-25 09:50:22.623131
1876.0,63.0,male,boots,footwear,71.0,tennessee,m,brown,winter,3.9,False,debit_card,next_day_air,False,False,6.0,credit_card,quarterly,1.0,1875,2026-04-25 09:50:22.623131
1877.0,54.0,male,skirt,clothing,36.0,illinois,m,gray,fall,2.6,False,credit_card,standard,False,False,20.0,venmo,quarterly,1.0,1876,2026-04-25 09:50:22.623131
1878.0,69.0,male,gloves,accessories,62.0,pennsylvania,l,pink,fall,3.6,False,cash,express,False,False,3.0,credit_card,annually,1.0,1877,2026-04-25 09:50:22.623131
1879.0,34.0,male,socks,clothing,29.0,oklahoma,l,magenta,summer,3.4,False,credit_card,store_pickup,False,False,5.0,credit_card,monthly,1.0,1878,2026-04-25 09:50:22.623131
1880.0,56.0,male,t-shirt,clothing,33.0,tennessee,l,charcoal,spring,3.5,False,debit_card,express,False,False,46.0,cash,bi-weekly,1.0,1879,2026-04-25 09:50:22.623131
1881.0,34.0,male,blouse,clothing,33.0,new_jersey,l,yellow,fall,3.1,False,paypal,2-day_shipping,False,False,8.0,debit_card,monthly,1.0,1880,2026-04-25 09:50:22.623131
1882.0,58.0,male,blouse,clothing,41.0,new_jersey,m,red,winter,4.3,False,bank_transfer,standard,False,False,13.0,cash,bi-weekly,1.0,1881,2026-04-25 09:50:22.623131
1883.0,44.0,male,scarf,accessories,54.0,tennessee,l,blue,winter,5.0,False,debit_card,store_pickup,False,False,25.0,bank_transfer,quarterly,1.0,1882,2026-04-25 09:50:22.623131
1884.0,25.0,male,backpack,accessories,58.0,georgia,m,cyan,spring,4.9,False,paypal,store_pickup,False,False,39.0,debit_card,fortnightly,1.0,1883,2026-04-25 09:50:22.623131
1885.0,27.0,male,shorts,clothing,30.0,arizona,s,pink,summer,4.3,False,bank_transfer,next_day_air,False,False,15.0,bank_transfer,bi-weekly,1.0,1884,2026-04-25 09:50:22.623131
1886.0,26.0,male,jewelry,accessories,53.0,nevada,s,maroon,winter,4.4,False,credit_card,standard,False,False,35.0,cash,monthly,1.0,1885,2026-04-25 09:50:22.623131
1887.0,18.0,male,gloves,accessories,91.0,arkansas,l,beige,spring,4.4,False,cash,next_day_air,False,False,46.0,cash,bi-weekly,1.0,1886,2026-04-25 09:50:22.623131
1888.0,64.0,male,hoodie,clothing,44.0,north_dakota,xl,gold,fall,3.5,False,cash,express,False,False,3.0,paypal,monthly,1.0,1887,2026-04-25 09:50:22.623131
1889.0,62.0,male,hoodie,clothing,89.0,south_dakota,xl,turquoise,winter,3.4,False,bank_transfer,free_shipping,False,False,48.0,credit_card,weekly,1.0,1888,2026-04-25 09:50:22.623131
1890.0,59.0,male,skirt,clothing,57.0,north_carolina,l,peach,spring,2.5,False,debit_card,next_day_air,False,False,27.0,bank_transfer,weekly,1.0,1889,2026-04-25 09:50:22.623131
1891.0,36.0,male,sunglasses,accessories,57.0,hawaii,m,lavender,spring,3.4,False,debit_card,store_pickup,False,False,5.0,credit_card,weekly,1.0,1890,2026-04-25 09:50:22.623131
1892.0,69.0,male,jewelry,accessories,74.0,new_hampshire,m,gray,summer,2.6,False,venmo,next_day_air,False,False,48.0,debit_card,quarterly,1.0,1891,2026-04-25 09:50:22.623131
1893.0,39.0,male,jacket,outerwear,30.0,california,m,blue,fall,4.6,False,bank_transfer,2-day_shipping,False,False,12.0,venmo,weekly,1.0,1892,2026-04-25 09:50:22.623131
1894.0,28.0,male,dress,clothing,20.0,delaware,l,red,summer,3.7,False,venmo,express,False,False,10.0,paypal,fortnightly,1.0,1893,2026-04-25 09:50:22.623131
1895.0,42.0,male,hoodie,clothing,90.0,arizona,m,purple,fall,2.5,False,credit_card,free_shipping,False,False,48.0,debit_card,bi-weekly,1.0,1894,2026-04-25 09:50:22.623131
1896.0,31.0,male,jeans,clothing,61.0,washington,l,indigo,fall,4.5,False,debit_card,express,False,False,3.0,debit_card,monthly,1.0,1895,2026-04-25 09:50:22.623131
1897.0,57.0,male,sandals,footwear,51.0,nevada,m,gold,fall,2.9,False,cash,standard,False,False,19.0,venmo,monthly,1.0,1896,2026-04-25 09:50:22.623131
1898.0,53.0,male,sunglasses,accessories,97.0,alaska,l,teal,winter,2.9,False,venmo,free_shipping,False,False,11.0,debit_card,fortnightly,1.0,1897,2026-04-25 09:50:22.623131
1899.0,59.0,male,pants,clothing,97.0,texas,l,magenta,fall,3.5,False,paypal,next_day_air,False,False,25.0,venmo,monthly,1.0,1898,2026-04-25 09:50:22.623131
1900.0,32.0,male,shorts,clothing,40.0,new_york,l,maroon,winter,4.2,False,venmo,store_pickup,False,False,42.0,paypal,weekly,1.0,1899,2026-04-25 09:50:22.623131
1901.0,65.0,male,jewelry,accessories,85.0,iowa,s,blue,summer,3.3,False,debit_card,free_shipping,False,False,34.0,cash,quarterly,1.0,1900,2026-04-25 09:50:22.623131
1902.0,56.0,male,socks,clothing,76.0,arizona,s,beige,winter,3.9,False,venmo,store_pickup,False,False,50.0,cash,quarterly,1.0,1901,2026-04-25 09:50:22.623131
1903.0,31.0,male,sandals,footwear,22.0,new_mexico,s,olive,spring,5.0,False,bank_transfer,store_pickup,False,False,21.0,venmo,monthly,1.0,1902,2026-04-25 09:50:22.623131
1904.0,59.0,male,pants,clothing,63.0,north_carolina,m,gold,summer,3.3,False,bank_transfer,standard,False,False,37.0,bank_transfer,weekly,1.0,1903,2026-04-25 09:50:22.623131
1905.0,22.0,male,t-shirt,clothing,71.0,nevada,s,silver,spring,4.2,False,paypal,free_shipping,False,False,46.0,cash,monthly,1.0,1904,2026-04-25 09:50:22.623131
1906.0,47.0,male,boots,footwear,35.0,idaho,m,teal,summer,4.9,False,debit_card,2-day_shipping,False,False,14.0,bank_transfer,fortnightly,1.0,1905,2026-04-25 09:50:22.623131
1907.0,23.0,male,backpack,accessories,30.0,vermont,m,green,spring,4.6,False,bank_transfer,2-day_shipping,False,False,24.0,paypal,fortnightly,1.0,1906,2026-04-25 09:50:22.623131
1908.0,69.0,male,skirt,clothing,74.0,new_mexico,l,orange,fall,4.8,False,cash,store_pickup,False,False,36.0,credit_card,every_3_months,1.0,1907,2026-04-25 09:50:22.623131
1909.0,18.0,male,scarf,accessories,71.0,georgia,xl,charcoal,winter,2.7,False,credit_card,next_day_air,False,False,19.0,debit_card,bi-weekly,1.0,1908,2026-04-25 09:50:22.623131
1910.0,50.0,male,sweater,clothing,84.0,kentucky,s,black,spring,4.3,False,paypal,store_pickup,False,False,12.0,credit_card,monthly,1.0,1909,2026-04-25 09:50:22.623131
1911.0,29.0,male,sandals,footwear,38.0,new_york,s,yellow,fall,3.8,False,venmo,express,False,False,13.0,debit_card,quarterly,1.0,1910,2026-04-25 09:50:22.623131
1912.0,65.0,male,jewelry,accessories,81.0,arizona,m,gray,spring,4.9,False,credit_card,express,False,False,32.0,debit_card,bi-weekly,1.0,1911,2026-04-25 09:50:22.623131
1913.0,29.0,male,sweater,clothing,56.0,colorado,s,charcoal,winter,3.4,False,cash,2-day_shipping,False,False,5.0,credit_card,bi-weekly,1.0,1912,2026-04-25 09:50:22.623131
1914.0,49.0,male,skirt,clothing,48.0,kentucky,m,peach,winter,3.6,False,venmo,express,False,False,29.0,cash,annually,1.0,1913,2026-04-25 09:50:22.623131
1915.0,28.0,male,shorts,clothing,97.0,alaska,l,green,fall,3.4,False,venmo,standard,False,False,40.0,credit_card,fortnightly,1.0,1914,2026-04-25 09:50:22.623131
1916.0,51.0,male,backpack,accessories,74.0,alabama,m,magenta,fall,4.7,False,paypal,2-day_shipping,False,False,44.0,cash,weekly,1.0,1915,2026-04-25 09:50:22.623131
1917.0,26.0,male,hoodie,clothing,50.0,connecticut,s,beige,winter,3.0,False,paypal,next_day_air,False,False,3.0,debit_card,bi-weekly,1.0,1916,2026-04-25 09:50:22.623131
1918.0,38.0,male,skirt,clothing,71.0,hawaii,l,black,winter,3.4,False,venmo,free_shipping,False,False,35.0,paypal,bi-weekly,1.0,1917,2026-04-25 09:50:22.623131
1919.0,35.0,male,skirt,clothing,33.0,idaho,s,purple,summer,4.6,False,paypal,standard,False,False,33.0,debit_card,monthly,1.0,1918,2026-04-25 09:50:22.623131
1920.0,34.0,male,backpack,accessories,56.0,virginia,m,olive,summer,3.1,False,credit_card,express,False,False,20.0,paypal,bi-weekly,1.0,1919,2026-04-25 09:50:22.623131
1921.0,51.0,male,blouse,clothing,84.0,connecticut,m,purple,spring,2.8,False,bank_transfer,standard,False,False,40.0,cash,every_3_months,1.0,1920,2026-04-25 09:50:22.623131
1922.0,47.0,male,shirt,clothing,36.0,michigan,m,green,fall,3.5,False,cash,store_pickup,False,False,13.0,venmo,annually,1.0,1921,2026-04-25 09:50:22.623131
1923.0,18.0,male,gloves,accessories,63.0,kentucky,s,peach,summer,4.6,False,paypal,standard,False,False,9.0,paypal,monthly,1.0,1922,2026-04-25 09:50:22.623131
1924.0,64.0,male,sandals,footwear,36.0,nebraska,xl,blue,summer,4.3,False,paypal,standard,False,False,7.0,cash,annually,1.0,1923,2026-04-25 09:50:22.623131
1925.0,30.0,male,jacket,outerwear,63.0,michigan,m,gray,fall,4.8,False,venmo,free_shipping,False,False,42.0,paypal,quarterly,1.0,1924,2026-04-25 09:50:22.623131
1926.0,59.0,male,sneakers,footwear,32.0,utah,l,black,winter,2.9,False,venmo,express,False,False,44.0,credit_card,fortnightly,1.0,1925,2026-04-25 09:50:22.623131
1927.0,66.0,male,backpack,accessories,93.0,new_mexico,m,silver,spring,3.0,False,venmo,express,False,False,6.0,paypal,annually,1.0,1926,2026-04-25 09:50:22.623131
1928.0,40.0,male,pants,clothing,29.0,florida,m,pink,summer,2.9,False,debit_card,standard,False,False,8.0,cash,every_3_months,1.0,1927,2026-04-25 09:50:22.623131
1929.0,25.0,male,sunglasses,accessories,92.0,mississippi,s,lavender,summer,3.7,False,paypal,standard,False,False,10.0,paypal,weekly,1.0,1928,2026-04-25 09:50:22.623131
1930.0,59.0,male,jeans,clothing,33.0,hawaii,l,brown,fall,4.7,False,debit_card,standard,False,False,46.0,venmo,quarterly,1.0,1929,2026-04-25 09:50:22.623131
1931.0,66.0,male,pants,clothing,52.0,north_carolina,l,turquoise,spring,3.5,False,bank_transfer,store_pickup,False,False,26.0,cash,weekly,1.0,1930,2026-04-25 09:50:22.623131
1932.0,54.0,male,jewelry,accessories,42.0,illinois,s,olive,spring,2.7,False,paypal,store_pickup,False,False,6.0,debit_card,every_3_months,1.0,1931,2026-04-25 09:50:22.623131
1933.0,42.0,male,hoodie,clothing,36.0,maryland,m,white,spring,5.0,False,cash,free_shipping,False,False,47.0,credit_card,every_3_months,1.0,1932,2026-04-25 09:50:22.623131
1934.0,48.0,male,sandals,footwear,67.0,montana,l,violet,summer,4.1,False,cash,next_day_air,False,False,28.0,venmo,annually,1.0,1933,2026-04-25 09:50:22.623131
1935.0,34.0,male,jacket,outerwear,43.0,michigan,l,gold,winter,2.7,False,debit_card,free_shipping,False,False,23.0,bank_transfer,annually,1.0,1934,2026-04-25 09:50:22.623131
1936.0,19.0,male,blouse,clothing,68.0,north_carolina,xl,violet,spring,4.8,False,debit_card,free_shipping,False,False,45.0,cash,fortnightly,1.0,1935,2026-04-25 09:50:22.623131
1937.0,70.0,male,jewelry,accessories,60.0,minnesota,s,teal,summer,4.3,False,paypal,2-day_shipping,False,False,44.0,paypal,every_3_months,1.0,1936,2026-04-25 09:50:22.623131
1938.0,43.0,male,socks,clothing,53.0,delaware,m,olive,summer,4.5,False,venmo,2-day_shipping,False,False,11.0,bank_transfer,monthly,1.0,1937,2026-04-25 09:50:22.623131
1939.0,46.0,male,jeans,clothing,23.0,kentucky,l,blue,spring,3.8,False,bank_transfer,standard,False,False,39.0,debit_card,bi-weekly,1.0,1938,2026-04-25 09:50:22.623131
1940.0,66.0,male,gloves,accessories,57.0,ohio,l,magenta,winter,3.7,False,bank_transfer,store_pickup,False,False,20.0,paypal,every_3_months,1.0,1939,2026-04-25 09:50:22.623131
1941.0,50.0,male,hat,accessories,89.0,alaska,l,gray,fall,3.9,False,venmo,2-day_shipping,False,False,48.0,paypal,fortnightly,1.0,1940,2026-04-25 09:50:22.623131
1942.0,55.0,male,shoes,footwear,99.0,vermont,xl,peach,winter,3.3,False,paypal,standard,False,False,46.0,credit_card,quarterly,1.0,1941,2026-04-25 09:50:22.623131
1943.0,63.0,male,pants,clothing,28.0,alabama,m,cyan,fall,3.4,False,credit_card,express,False,False,22.0,paypal,monthly,1.0,1942,2026-04-25 09:50:22.623131
1944.0,32.0,male,socks,clothing,53.0,wisconsin,l,violet,summer,3.8,False,debit_card,next_day_air,False,False,45.0,cash,annually,1.0,1943,2026-04-25 09:50:22.623131
1945.0,30.0,male,hoodie,clothing,45.0,arkansas,m,gold,winter,2.7,False,debit_card,free_shipping,False,False,49.0,cash,every_3_months,1.0,1944,2026-04-25 09:50:22.623131
1946.0,35.0,male,hoodie,clothing,38.0,georgia,m,gold,winter,2.9,False,debit_card,2-day_shipping,False,False,9.0,credit_card,every_3_months,1.0,1945,2026-04-25 09:50:22.623131
1947.0,59.0,male,pants,clothing,49.0,louisiana,m,white,summer,4.5,False,bank_transfer,standard,False,False,41.0,credit_card,quarterly,1.0,1946,2026-04-25 09:50:22.623131
1948.0,59.0,male,shirt,clothing,32.0,new_york,m,gray,summer,2.6,False,debit_card,store_pickup,False,False,2.0,paypal,monthly,1.0,1947,2026-04-25 09:50:22.623131
1949.0,54.0,male,t-shirt,clothing,37.0,connecticut,l,brown,winter,3.1,False,debit_card,next_day_air,False,False,39.0,paypal,bi-weekly,1.0,1948,2026-04-25 09:50:22.623131
1950.0,63.0,male,dress,clothing,80.0,nebraska,l,gray,winter,4.7,False,venmo,store_pickup,False,False,12.0,paypal,quarterly,1.0,1949,2026-04-25 09:50:22.623131
1951.0,43.0,male,backpack,accessories,78.0,arkansas,l,blue,summer,4.6,False,cash,free_shipping,False,False,26.0,paypal,every_3_months,1.0,1950,2026-04-25 09:50:22.623131
1952.0,33.0,male,gloves,accessories,53.0,connecticut,l,gold,summer,2.7,False,bank_transfer,next_day_air,False,False,32.0,bank_transfer,bi-weekly,1.0,1951,2026-04-25 09:50:22.623131
1953.0,57.0,male,shoes,footwear,82.0,maryland,l,yellow,summer,4.6,False,paypal,2-day_shipping,False,False,50.0,cash,bi-weekly,1.0,1952,2026-04-25 09:50:22.623131
1954.0,25.0,male,skirt,clothing,33.0,colorado,xl,green,spring,4.8,False,cash,standard,False,False,3.0,paypal,fortnightly,1.0,1953,2026-04-25 09:50:22.623131
1955.0,26.0,male,gloves,accessories,77.0,colorado,m,pink,winter,4.2,False,bank_transfer,free_shipping,False,False,3.0,venmo,quarterly,1.0,1954,2026-04-25 09:50:22.623131
1956.0,50.0,male,hoodie,clothing,56.0,maine,m,pink,winter,4.9,False,credit_card,express,False,False,37.0,cash,monthly,1.0,1955,2026-04-25 09:50:22.623131
1957.0,70.0,male,socks,clothing,37.0,oklahoma,m,pink,winter,4.9,False,cash,express,False,False,20.0,credit_card,fortnightly,1.0,1956,2026-04-25 09:50:22.623131
1958.0,68.0,male,gloves,accessories,54.0,south_carolina,m,cyan,spring,4.5,False,venmo,store_pickup,False,False,26.0,cash,bi-weekly,1.0,1957,2026-04-25 09:50:22.623131
1959.0,39.0,male,shorts,clothing,67.0,nevada,m,gray,winter,2.7,False,cash,store_pickup,False,False,47.0,cash,quarterly,1.0,1958,2026-04-25 09:50:22.623131
1960.0,46.0,male,shoes,footwear,90.0,colorado,m,white,fall,3.1,False,credit_card,store_pickup,False,False,7.0,credit_card,every_3_months,1.0,1959,2026-04-25 09:50:22.623131
1961.0,57.0,male,jeans,clothing,72.0,massachusetts,l,red,summer,3.3,False,bank_transfer,2-day_shipping,False,False,40.0,credit_card,annually,1.0,1960,2026-04-25 09:50:22.623131
1962.0,47.0,male,boots,footwear,59.0,nevada,l,black,summer,2.6,False,cash,free_shipping,False,False,45.0,debit_card,quarterly,1.0,1961,2026-04-25 09:50:22.623131
1963.0,40.0,male,hat,accessories,45.0,iowa,m,silver,fall,4.4,False,debit_card,standard,False,False,20.0,paypal,fortnightly,1.0,1962,2026-04-25 09:50:22.623131
1964.0,52.0,male,shorts,clothing,30.0,michigan,l,pink,spring,3.9,False,bank_transfer,standard,False,False,11.0,credit_card,weekly,1.0,1963,2026-04-25 09:50:22.623131
1965.0,40.0,male,pants,clothing,51.0,west_virginia,s,cyan,summer,4.6,False,paypal,express,False,False,50.0,debit_card,monthly,1.0,1964,2026-04-25 09:50:22.623131
1966.0,67.0,male,sweater,clothing,90.0,indiana,m,white,fall,4.9,False,venmo,express,False,False,25.0,debit_card,quarterly,1.0,1965,2026-04-25 09:50:22.623131
1967.0,67.0,male,jacket,outerwear,95.0,indiana,xl,purple,winter,3.7,False,venmo,express,False,False,5.0,credit_card,fortnightly,1.0,1966,2026-04-25 09:50:22.623131
1968.0,37.0,male,dress,clothing,81.0,georgia,l,yellow,fall,3.7,False,venmo,standard,False,False,4.0,venmo,annually,1.0,1967,2026-04-25 09:50:22.623131
1969.0,67.0,male,shirt,clothing,70.0,minnesota,s,blue,spring,4.2,False,credit_card,standard,False,False,25.0,credit_card,weekly,1.0,1968,2026-04-25 09:50:22.623131
1970.0,64.0,male,dress,clothing,32.0,louisiana,s,cyan,winter,3.5,False,paypal,next_day_air,False,False,11.0,bank_transfer,fortnightly,1.0,1969,2026-04-25 09:50:22.623131
1971.0,28.0,male,belt,accessories,94.0,maryland,m,indigo,spring,2.9,False,debit_card,next_day_air,False,False,4.0,credit_card,bi-weekly,1.0,1970,2026-04-25 09:50:22.623131
1972.0,54.0,male,hat,accessories,29.0,pennsylvania,xl,indigo,spring,3.4,False,paypal,next_day_air,False,False,1.0,venmo,monthly,1.0,1971,2026-04-25 09:50:22.623131
1973.0,54.0,male,backpack,accessories,31.0,louisiana,m,silver,summer,3.3,False,debit_card,express,False,False,48.0,paypal,every_3_months,1.0,1972,2026-04-25 09:50:22.623131
1974.0,24.0,male,skirt,clothing,20.0,maryland,xl,red,fall,4.5,False,debit_card,standard,False,False,9.0,venmo,every_3_months,1.0,1973,2026-04-25 09:50:22.623131
1975.0,27.0,male,gloves,accessories,44.0,tennessee,m,peach,winter,4.6,False,credit_card,2-day_shipping,False,False,2.0,paypal,fortnightly,1.0,1974,2026-04-25 09:50:22.623131
1976.0,53.0,male,jacket,outerwear,77.0,illinois,l,turquoise,fall,2.9,False,credit_card,express,False,False,4.0,cash,quarterly,1.0,1975,2026-04-25 09:50:22.623131
1977.0,32.0,male,handbag,accessories,51.0,wyoming,m,pink,spring,3.2,False,debit_card,next_day_air,False,False,43.0,paypal,fortnightly,1.0,1976,2026-04-25 09:50:22.623131
1978.0,24.0,male,sandals,footwear,49.0,florida,m,teal,summer,2.6,False,debit_card,free_shipping,False,False,32.0,bank_transfer,annually,1.0,1977,2026-04-25 09:50:22.623131
1979.0,45.0,male,sunglasses,accessories,78.0,massachusetts,l,magenta,spring,3.8,False,cash,store_pickup,False,False,1.0,cash,quarterly,1.0,1978,2026-04-25 09:50:22.623131
1980.0,49.0,male,jeans,clothing,98.0,tennessee,l,blue,spring,2.8,False,paypal,store_pickup,False,False,38.0,debit_card,fortnightly,1.0,1979,2026-04-25 09:50:22.623131
1981.0,51.0,male,sandals,footwear,94.0,iowa,m,green,winter,4.4,False,venmo,store_pickup,False,False,25.0,paypal,fortnightly,1.0,1980,2026-04-25 09:50:22.623131
1982.0,69.0,male,shoes,footwear,91.0,michigan,l,violet,summer,4.7,False,cash,express,False,False,42.0,paypal,quarterly,1.0,1981,2026-04-25 09:50:22.623131
1983.0,41.0,male,sunglasses,accessories,77.0,kansas,m,turquoise,summer,2.7,False,paypal,2-day_shipping,False,False,32.0,paypal,monthly,1.0,1982,2026-04-25 09:50:22.623131
1984.0,59.0,male,scarf,accessories,97.0,georgia,m,pink,summer,2.6,False,credit_card,next_day_air,False,False,21.0,debit_card,quarterly,1.0,1983,2026-04-25 09:50:22.623131
1985.0,26.0,male,skirt,clothing,58.0,west_virginia,m,black,summer,3.4,False,bank_transfer,2-day_shipping,False,False,26.0,paypal,fortnightly,1.0,1984,2026-04-25 09:50:22.623131
1986.0,23.0,male,gloves,accessories,97.0,tennessee,m,gold,spring,3.9,False,cash,2-day_shipping,False,False,6.0,credit_card,fortnightly,1.0,1985,2026-04-25 09:50:22.623131
1987.0,62.0,male,coat,outerwear,48.0,arkansas,l,green,summer,3.4,False,debit_card,2-day_shipping,False,False,14.0,venmo,quarterly,1.0,1986,2026-04-25 09:50:22.623131
1988.0,69.0,male,belt,accessories,23.0,vermont,xl,white,summer,3.4,False,debit_card,express,False,False,4.0,cash,quarterly,1.0,1987,2026-04-25 09:50:22.623131
1989.0,46.0,male,pants,clothing,79.0,virginia,m,gold,winter,3.9,False,credit_card,free_shipping,False,False,26.0,bank_transfer,weekly,1.0,1988,2026-04-25 09:50:22.623131
1990.0,35.0,male,jewelry,accessories,42.0,maryland,s,charcoal,spring,4.0,False,cash,express,False,False,39.0,paypal,bi-weekly,1.0,1989,2026-04-25 09:50:22.623131
1991.0,32.0,male,backpack,accessories,95.0,connecticut,l,white,spring,3.4,False,debit_card,2-day_shipping,False,False,15.0,paypal,annually,1.0,1990,2026-04-25 09:50:22.623131
1992.0,46.0,male,sneakers,footwear,29.0,missouri,m,brown,summer,3.7,False,venmo,next_day_air,False,False,1.0,venmo,every_3_months,1.0,1991,2026-04-25 09:50:22.623131
1993.0,33.0,male,hoodie,clothing,98.0,new_jersey,l,gold,winter,4.9,False,paypal,2-day_shipping,False,False,28.0,venmo,monthly,1.0,1992,2026-04-25 09:50:22.623131
1994.0,32.0,male,blouse,clothing,96.0,arkansas,s,purple,spring,5.0,False,cash,express,False,False,17.0,cash,weekly,1.0,1993,2026-04-25 09:50:22.623131
1995.0,33.0,male,sunglasses,accessories,66.0,nevada,m,brown,fall,2.9,False,bank_transfer,next_day_air,False,False,24.0,credit_card,weekly,1.0,1994,2026-04-25 09:50:22.623131
1996.0,67.0,male,boots,footwear,80.0,missouri,s,teal,spring,3.0,False,credit_card,standard,False,False,29.0,debit_card,quarterly,1.0,1995,2026-04-25 09:50:22.623131
1997.0,67.0,male,sneakers,footwear,27.0,south_dakota,l,indigo,summer,3.3,False,cash,next_day_air,False,False,18.0,cash,every_3_months,1.0,1996,2026-04-25 09:50:22.623131
1998.0,42.0,male,backpack,accessories,25.0,connecticut,m,purple,fall,4.7,False,paypal,express,False,False,10.0,debit_card,bi-weekly,1.0,1997,2026-04-25 09:50:22.623131
1999.0,20.0,male,pants,clothing,45.0,vermont,m,orange,fall,3.4,False,debit_card,2-day_shipping,False,False,19.0,cash,quarterly,1.0,1998,2026-04-25 09:50:22.623131
2000.0,39.0,male,socks,clothing,89.0,tennessee,l,indigo,winter,4.6,False,credit_card,2-day_shipping,False,False,26.0,debit_card,monthly,1.0,1999,2026-04-25 09:50:22.623131
2001.0,26.0,male,belt,accessories,27.0,california,m,lavender,winter,3.6,False,venmo,2-day_shipping,False,False,25.0,cash,bi-weekly,1.0,2000,2026-04-25 09:50:22.623131
2002.0,51.0,male,sunglasses,accessories,90.0,wyoming,s,purple,winter,2.6,False,debit_card,free_shipping,False,False,2.0,debit_card,fortnightly,1.0,2001,2026-04-25 09:50:22.623131
2003.0,31.0,male,shirt,clothing,65.0,new_york,m,red,summer,2.7,False,cash,express,False,False,19.0,paypal,every_3_months,1.0,2002,2026-04-25 09:50:22.623131
2004.0,68.0,male,sneakers,footwear,72.0,maine,s,blue,spring,3.1,False,venmo,express,False,False,32.0,cash,quarterly,1.0,2003,2026-04-25 09:50:22.623131
2005.0,44.0,male,shoes,footwear,70.0,georgia,l,blue,fall,3.2,False,cash,2-day_shipping,False,False,13.0,cash,bi-weekly,1.0,2004,2026-04-25 09:50:22.623131
2006.0,18.0,male,sandals,footwear,82.0,tennessee,m,cyan,winter,3.4,False,paypal,store_pickup,False,False,30.0,paypal,fortnightly,1.0,2005,2026-04-25 09:50:22.623131
2007.0,58.0,male,scarf,accessories,97.0,new_mexico,s,pink,fall,4.4,False,debit_card,express,False,False,2.0,credit_card,annually,1.0,2006,2026-04-25 09:50:22.623131
2008.0,26.0,male,shirt,clothing,25.0,virginia,m,silver,summer,3.2,False,cash,2-day_shipping,False,False,8.0,paypal,quarterly,1.0,2007,2026-04-25 09:50:22.623131
2009.0,57.0,male,skirt,clothing,48.0,florida,m,gray,spring,2.5,False,paypal,free_shipping,False,False,27.0,paypal,every_3_months,1.0,2008,2026-04-25 09:50:22.623131
2010.0,37.0,male,boots,footwear,99.0,alabama,m,indigo,summer,3.8,False,venmo,next_day_air,False,False,26.0,venmo,bi-weekly,1.0,2009,2026-04-25 09:50:22.623131
2011.0,24.0,male,sweater,clothing,21.0,texas,m,maroon,summer,4.4,False,venmo,2-day_shipping,False,False,3.0,debit_card,bi-weekly,1.0,2010,2026-04-25 09:50:22.623131
2012.0,57.0,male,sandals,footwear,94.0,west_virginia,m,beige,spring,3.7,False,debit_card,express,False,False,4.0,bank_transfer,monthly,1.0,2011,2026-04-25 09:50:22.623131
2013.0,48.0,male,jeans,clothing,53.0,nevada,l,green,fall,3.2,False,bank_transfer,store_pickup,False,False,5.0,cash,fortnightly,1.0,2012,2026-04-25 09:50:22.623131
2014.0,39.0,male,backpack,accessories,70.0,virginia,m,peach,winter,4.9,False,paypal,standard,False,False,25.0,debit_card,quarterly,1.0,2013,2026-04-25 09:50:22.623131
2015.0,51.0,male,skirt,clothing,26.0,wisconsin,l,black,summer,3.9,False,venmo,standard,False,False,47.0,paypal,bi-weekly,1.0,2014,2026-04-25 09:50:22.623131
2016.0,57.0,male,belt,accessories,82.0,virginia,s,pink,summer,4.5,False,debit_card,next_day_air,False,False,8.0,credit_card,fortnightly,1.0,2015,2026-04-25 09:50:22.623131
2017.0,53.0,male,shoes,footwear,47.0,maine,s,violet,winter,3.4,False,credit_card,standard,False,False,20.0,debit_card,fortnightly,1.0,2016,2026-04-25 09:50:22.623131
2018.0,70.0,male,socks,clothing,32.0,massachusetts,s,green,winter,4.1,False,venmo,next_day_air,False,False,42.0,bank_transfer,every_3_months,1.0,2017,2026-04-25 09:50:22.623131
2019.0,60.0,male,backpack,accessories,97.0,arkansas,s,gold,fall,4.5,False,debit_card,store_pickup,False,False,20.0,bank_transfer,weekly,1.0,2018,2026-04-25 09:50:22.623131
2020.0,31.0,male,shirt,clothing,68.0,idaho,s,red,winter,4.7,False,paypal,store_pickup,False,False,23.0,cash,fortnightly,1.0,2019,2026-04-25 09:50:22.623131
2021.0,41.0,male,sweater,clothing,23.0,pennsylvania,m,beige,winter,4.8,False,credit_card,next_day_air,False,False,26.0,cash,quarterly,1.0,2020,2026-04-25 09:50:22.623131
2022.0,62.0,male,handbag,accessories,33.0,maine,m,green,winter,4.4,False,debit_card,standard,False,False,48.0,venmo,quarterly,1.0,2021,2026-04-25 09:50:22.623131
2023.0,59.0,male,jewelry,accessories,38.0,alabama,s,black,winter,4.0,False,bank_transfer,store_pickup,False,False,16.0,cash,bi-weekly,1.0,2022,2026-04-25 09:50:22.623131
2024.0,46.0,male,socks,clothing,68.0,idaho,s,teal,winter,4.1,False,bank_transfer,store_pickup,False,False,28.0,cash,bi-weekly,1.0,2023,2026-04-25 09:50:22.623131
2025.0,62.0,male,socks,clothing,23.0,arkansas,l,silver,fall,3.7,False,bank_transfer,express,False,False,39.0,paypal,weekly,1.0,2024,2026-04-25 09:50:22.623131
2026.0,42.0,male,shirt,clothing,29.0,delaware,m,turquoise,summer,3.0,False,bank_transfer,express,False,False,43.0,debit_card,fortnightly,1.0,2025,2026-04-25 09:50:22.623131
2027.0,37.0,male,scarf,accessories,35.0,maine,m,orange,winter,3.6,False,bank_transfer,express,False,False,45.0,bank_transfer,every_3_months,1.0,2026,2026-04-25 09:50:22.623131
2028.0,50.0,male,shoes,footwear,73.0,nebraska,s,gold,fall,4.8,False,venmo,standard,False,False,50.0,credit_card,every_3_months,1.0,2027,2026-04-25 09:50:22.623131
2029.0,29.0,male,shoes,footwear,84.0,ohio,xl,purple,fall,3.7,False,cash,2-day_shipping,False,False,10.0,venmo,bi-weekly,1.0,2028,2026-04-25 09:50:22.623131
2030.0,25.0,male,scarf,accessories,23.0,montana,m,pink,spring,4.6,False,bank_transfer,next_day_air,False,False,40.0,paypal,quarterly,1.0,2029,2026-04-25 09:50:22.623131
2031.0,66.0,male,sunglasses,accessories,67.0,new_mexico,s,green,summer,2.8,False,venmo,standard,False,False,38.0,credit_card,monthly,1.0,2030,2026-04-25 09:50:22.623131
2032.0,21.0,male,socks,clothing,51.0,north_carolina,l,charcoal,spring,4.0,False,credit_card,standard,False,False,2.0,credit_card,monthly,1.0,2031,2026-04-25 09:50:22.623131
2033.0,46.0,male,blouse,clothing,36.0,south_carolina,m,maroon,winter,4.2,False,credit_card,next_day_air,False,False,13.0,cash,annually,1.0,2032,2026-04-25 09:50:22.623131
2034.0,57.0,male,jeans,clothing,55.0,illinois,l,olive,summer,3.6,False,cash,express,False,False,33.0,venmo,annually,1.0,2033,2026-04-25 09:50:22.623131
2035.0,61.0,male,shorts,clothing,30.0,alabama,m,peach,spring,2.9,False,credit_card,store_pickup,False,False,27.0,paypal,monthly,1.0,2034,2026-04-25 09:50:22.623131
2036.0,53.0,male,t-shirt,clothing,70.0,oklahoma,s,yellow,summer,4.1,False,venmo,express,False,False,43.0,bank_transfer,weekly,1.0,2035,2026-04-25 09:50:22.623131
2037.0,37.0,male,blouse,clothing,63.0,minnesota,s,lavender,winter,3.1,False,paypal,next_day_air,False,False,46.0,cash,weekly,1.0,2036,2026-04-25 09:50:22.623131
2038.0,39.0,male,belt,accessories,87.0,illinois,s,green,summer,4.3,False,cash,express,False,False,7.0,venmo,bi-weekly,1.0,2037,2026-04-25 09:50:22.623131
2039.0,53.0,male,blouse,clothing,70.0,arkansas,l,orange,spring,4.4,False,debit_card,next_day_air,False,False,35.0,credit_card,fortnightly,1.0,2038,2026-04-25 09:50:22.623131
2040.0,35.0,male,t-shirt,clothing,51.0,minnesota,m,olive,spring,3.1,False,cash,next_day_air,False,False,31.0,debit_card,bi-weekly,1.0,2039,2026-04-25 09:50:22.623131
2041.0,69.0,male,jewelry,accessories,25.0,south_carolina,xl,gray,spring,2.9,False,debit_card,free_shipping,False,False,42.0,venmo,quarterly,1.0,2040,2026-04-25 09:50:22.623131
2042.0,66.0,male,jacket,outerwear,32.0,new_york,s,lavender,winter,3.2,False,cash,next_day_air,False,False,14.0,paypal,bi-weekly,1.0,2041,2026-04-25 09:50:22.623131
2043.0,19.0,male,shoes,footwear,52.0,alabama,m,red,spring,4.0,False,credit_card,2-day_shipping,False,False,35.0,venmo,monthly,1.0,2042,2026-04-25 09:50:22.623131
2044.0,47.0,male,gloves,accessories,33.0,new_york,m,charcoal,summer,2.7,False,paypal,standard,False,False,49.0,paypal,weekly,1.0,2043,2026-04-25 09:50:22.623131
2045.0,49.0,male,jeans,clothing,68.0,missouri,l,orange,spring,3.0,False,cash,free_shipping,False,False,17.0,paypal,fortnightly,1.0,2044,2026-04-25 09:50:22.623131
2046.0,31.0,male,jewelry,accessories,20.0,georgia,m,red,fall,4.4,False,paypal,express,False,False,26.0,paypal,quarterly,1.0,2045,2026-04-25 09:50:22.623131
2047.0,39.0,male,pants,clothing,32.0,oklahoma,m,maroon,winter,2.8,False,bank_transfer,free_shipping,False,False,30.0,cash,every_3_months,1.0,2046,2026-04-25 09:50:22.623131
2048.0,58.0,male,jewelry,accessories,82.0,connecticut,m,silver,summer,3.1,False,cash,store_pickup,False,False,32.0,cash,annually,1.0,2047,2026-04-25 09:50:22.623131
2049.0,45.0,male,sneakers,footwear,64.0,michigan,xl,pink,winter,3.9,False,credit_card,express,False,False,35.0,bank_transfer,quarterly,1.0,2048,2026-04-25 09:50:22.623131
2050.0,68.0,male,boots,footwear,24.0,rhode_island,l,blue,fall,2.7,False,debit_card,standard,False,False,15.0,venmo,annually,1.0,2049,2026-04-25 09:50:22.623131
2051.0,35.0,male,hat,accessories,96.0,mississippi,m,teal,summer,3.4,False,credit_card,store_pickup,False,False,10.0,debit_card,annually,1.0,2050,2026-04-25 09:50:22.623131
2052.0,65.0,male,t-shirt,clothing,94.0,massachusetts,l,black,spring,3.8,False,cash,free_shipping,False,False,14.0,credit_card,monthly,1.0,2051,2026-04-25 09:50:22.623131
2053.0,45.0,male,backpack,accessories,48.0,new_hampshire,m,gray,winter,3.7,False,paypal,2-day_shipping,False,False,30.0,bank_transfer,annually,1.0,2052,2026-04-25 09:50:22.623131
2054.0,19.0,male,sunglasses,accessories,60.0,wyoming,s,purple,spring,4.5,False,bank_transfer,2-day_shipping,False,False,16.0,credit_card,fortnightly,1.0,2053,2026-04-25 09:50:22.623131
2055.0,65.0,male,sweater,clothing,56.0,new_jersey,xl,gold,spring,2.9,False,paypal,express,False,False,14.0,paypal,annually,1.0,2054,2026-04-25 09:50:22.623131
2056.0,28.0,male,handbag,accessories,33.0,texas,m,silver,fall,3.4,False,debit_card,2-day_shipping,False,False,28.0,bank_transfer,weekly,1.0,2055,2026-04-25 09:50:22.623131
2057.0,55.0,male,backpack,accessories,46.0,minnesota,l,blue,spring,4.4,False,cash,2-day_shipping,False,False,29.0,paypal,monthly,1.0,2056,2026-04-25 09:50:22.623131
2058.0,66.0,male,socks,clothing,37.0,south_dakota,l,yellow,spring,4.2,False,credit_card,standard,False,False,5.0,paypal,every_3_months,1.0,2057,2026-04-25 09:50:22.623131
2059.0,29.0,male,shirt,clothing,98.0,washington,m,brown,winter,3.3,False,debit_card,store_pickup,False,False,17.0,bank_transfer,quarterly,1.0,2058,2026-04-25 09:50:22.623131
2060.0,56.0,male,shorts,clothing,50.0,california,xl,beige,spring,3.7,False,cash,express,False,False,50.0,paypal,weekly,1.0,2059,2026-04-25 09:50:22.623131
2061.0,21.0,male,belt,accessories,63.0,wisconsin,m,blue,fall,3.2,False,debit_card,next_day_air,False,False,23.0,bank_transfer,quarterly,1.0,2060,2026-04-25 09:50:22.623131
2062.0,32.0,male,sweater,clothing,70.0,michigan,s,magenta,summer,2.6,False,paypal,store_pickup,False,False,22.0,debit_card,annually,1.0,2061,2026-04-25 09:50:22.623131
2063.0,54.0,male,coat,outerwear,63.0,south_carolina,l,silver,fall,2.8,False,paypal,standard,False,False,15.0,cash,quarterly,1.0,2062,2026-04-25 09:50:22.623131
2064.0,61.0,male,shorts,clothing,86.0,indiana,m,cyan,fall,2.9,False,venmo,standard,False,False,32.0,cash,monthly,1.0,2063,2026-04-25 09:50:22.623131
2065.0,31.0,male,shoes,footwear,99.0,arkansas,m,green,summer,4.0,False,bank_transfer,2-day_shipping,False,False,5.0,bank_transfer,monthly,1.0,2064,2026-04-25 09:50:22.623131
2066.0,27.0,male,sneakers,footwear,40.0,oregon,m,blue,spring,2.9,False,paypal,free_shipping,False,False,6.0,bank_transfer,bi-weekly,1.0,2065,2026-04-25 09:50:22.623131
2067.0,64.0,male,sneakers,footwear,92.0,illinois,m,olive,fall,4.7,False,credit_card,store_pickup,False,False,44.0,debit_card,fortnightly,1.0,2066,2026-04-25 09:50:22.623131
2068.0,60.0,male,pants,clothing,21.0,maryland,xl,beige,fall,3.1,False,cash,2-day_shipping,False,False,23.0,cash,fortnightly,1.0,2067,2026-04-25 09:50:22.623131
2069.0,70.0,male,jewelry,accessories,81.0,vermont,xl,black,summer,3.9,False,credit_card,store_pickup,False,False,44.0,venmo,monthly,1.0,2068,2026-04-25 09:50:22.623131
2070.0,36.0,male,t-shirt,clothing,82.0,texas,m,indigo,fall,3.4,False,cash,free_shipping,False,False,3.0,debit_card,quarterly,1.0,2069,2026-04-25 09:50:22.623131
2071.0,56.0,male,jewelry,accessories,88.0,nebraska,xl,red,spring,3.1,False,cash,express,False,False,14.0,cash,monthly,1.0,2070,2026-04-25 09:50:22.623131
2072.0,69.0,male,jacket,outerwear,100.0,south_carolina,s,yellow,fall,4.8,False,debit_card,store_pickup,False,False,37.0,paypal,quarterly,1.0,2071,2026-04-25 09:50:22.623131
2073.0,39.0,male,backpack,accessories,66.0,massachusetts,m,beige,winter,3.9,False,credit_card,next_day_air,False,False,22.0,bank_transfer,weekly,1.0,2072,2026-04-25 09:50:22.623131
2074.0,38.0,male,belt,accessories,25.0,texas,s,green,winter,3.5,False,debit_card,next_day_air,False,False,2.0,paypal,every_3_months,1.0,2073,2026-04-25 09:50:22.623131
2075.0,36.0,male,scarf,accessories,53.0,florida,m,white,summer,3.1,False,credit_card,free_shipping,False,False,44.0,debit_card,fortnightly,1.0,2074,2026-04-25 09:50:22.623131
2076.0,46.0,male,sweater,clothing,28.0,south_carolina,s,turquoise,fall,4.7,False,bank_transfer,express,False,False,49.0,debit_card,monthly,1.0,2075,2026-04-25 09:50:22.623131
2077.0,59.0,male,gloves,accessories,23.0,florida,s,indigo,fall,4.6,False,cash,free_shipping,False,False,22.0,debit_card,bi-weekly,1.0,2076,2026-04-25 09:50:22.623131
2078.0,64.0,male,scarf,accessories,34.0,nebraska,l,orange,fall,3.3,False,bank_transfer,free_shipping,False,False,26.0,bank_transfer,annually,1.0,2077,2026-04-25 09:50:22.623131
2079.0,49.0,male,dress,clothing,42.0,hawaii,m,blue,spring,3.2,False,venmo,next_day_air,False,False,40.0,debit_card,weekly,1.0,2078,2026-04-25 09:50:22.623131
2080.0,32.0,male,jeans,clothing,24.0,montana,l,violet,summer,3.1,False,debit_card,next_day_air,False,False,16.0,paypal,quarterly,1.0,2079,2026-04-25 09:50:22.623131
2081.0,29.0,male,sunglasses,accessories,47.0,south_dakota,s,gray,fall,3.5,False,credit_card,free_shipping,False,False,17.0,debit_card,bi-weekly,1.0,2080,2026-04-25 09:50:22.623131
2082.0,24.0,male,coat,outerwear,78.0,alabama,s,cyan,spring,4.3,False,credit_card,standard,False,False,48.0,bank_transfer,bi-weekly,1.0,2081,2026-04-25 09:50:22.623131
2083.0,41.0,male,jeans,clothing,89.0,arkansas,m,yellow,summer,2.9,False,cash,free_shipping,False,False,28.0,venmo,every_3_months,1.0,2082,2026-04-25 09:50:22.623131
2084.0,41.0,male,scarf,accessories,59.0,mississippi,l,orange,fall,2.7,False,credit_card,store_pickup,False,False,26.0,credit_card,fortnightly,1.0,2083,2026-04-25 09:50:22.623131
2085.0,32.0,male,blouse,clothing,94.0,vermont,s,brown,summer,4.0,False,bank_transfer,standard,False,False,43.0,bank_transfer,quarterly,1.0,2084,2026-04-25 09:50:22.623131
2086.0,69.0,male,jeans,clothing,49.0,new_york,m,teal,fall,4.6,False,cash,free_shipping,False,False,38.0,debit_card,weekly,1.0,2085,2026-04-25 09:50:22.623131
2087.0,65.0,male,dress,clothing,89.0,north_dakota,l,beige,summer,4.7,False,credit_card,2-day_shipping,False,False,36.0,cash,every_3_months,1.0,2086,2026-04-25 09:50:22.623131
2088.0,54.0,male,hat,accessories,91.0,wisconsin,m,blue,summer,4.7,False,credit_card,standard,False,False,1.0,credit_card,weekly,1.0,2087,2026-04-25 09:50:22.623131
2089.0,39.0,male,sandals,footwear,89.0,california,l,orange,spring,4.0,False,cash,standard,False,False,49.0,debit_card,annually,1.0,2088,2026-04-25 09:50:22.623131
2090.0,37.0,male,jacket,outerwear,57.0,maryland,l,gold,spring,3.6,False,cash,free_shipping,False,False,41.0,credit_card,every_3_months,1.0,2089,2026-04-25 09:50:22.623131
2091.0,51.0,male,socks,clothing,71.0,massachusetts,s,teal,winter,3.4,False,debit_card,free_shipping,False,False,21.0,debit_card,monthly,1.0,2090,2026-04-25 09:50:22.623131
2092.0,26.0,male,jeans,clothing,97.0,washington,xl,beige,fall,3.0,False,paypal,next_day_air,False,False,24.0,bank_transfer,quarterly,1.0,2091,2026-04-25 09:50:22.623131
2093.0,42.0,male,sandals,footwear,45.0,minnesota,m,silver,fall,2.6,False,bank_transfer,next_day_air,False,False,27.0,bank_transfer,weekly,1.0,2092,2026-04-25 09:50:22.623131
2094.0,21.0,male,dress,clothing,91.0,washington,m,maroon,spring,4.2,False,venmo,store_pickup,False,False,4.0,debit_card,annually,1.0,2093,2026-04-25 09:50:22.623131
2095.0,53.0,male,socks,clothing,25.0,south_carolina,m,indigo,spring,3.4,False,bank_transfer,standard,False,False,19.0,venmo,annually,1.0,2094,2026-04-25 09:50:22.623131
2096.0,36.0,male,hoodie,clothing,63.0,new_mexico,m,gray,fall,4.0,False,credit_card,store_pickup,False,False,1.0,bank_transfer,fortnightly,1.0,2095,2026-04-25 09:50:22.623131
2097.0,21.0,male,dress,clothing,52.0,north_carolina,l,blue,summer,4.7,False,debit_card,free_shipping,False,False,27.0,debit_card,annually,1.0,2096,2026-04-25 09:50:22.623131
2098.0,33.0,male,sneakers,footwear,43.0,iowa,s,cyan,winter,3.9,False,credit_card,next_day_air,False,False,5.0,credit_card,weekly,1.0,2097,2026-04-25 09:50:22.623131
2099.0,49.0,male,t-shirt,clothing,28.0,louisiana,m,white,summer,3.3,False,credit_card,2-day_shipping,False,False,20.0,venmo,quarterly,1.0,2098,2026-04-25 09:50:22.623131
2100.0,31.0,male,t-shirt,clothing,78.0,oklahoma,l,green,summer,2.9,False,debit_card,express,False,False,50.0,paypal,annually,1.0,2099,2026-04-25 09:50:22.623131
2101.0,68.0,male,sweater,clothing,31.0,michigan,m,silver,spring,4.4,False,paypal,free_shipping,False,False,36.0,cash,fortnightly,1.0,2100,2026-04-25 09:50:22.623131
2102.0,49.0,male,shirt,clothing,23.0,oregon,m,blue,winter,3.6,False,cash,next_day_air,False,False,12.0,bank_transfer,bi-weekly,1.0,2101,2026-04-25 09:50:22.623131
2103.0,23.0,male,hat,accessories,25.0,idaho,m,brown,spring,4.5,False,paypal,store_pickup,False,False,23.0,cash,monthly,1.0,2102,2026-04-25 09:50:22.623131
2104.0,30.0,male,pants,clothing,86.0,indiana,s,red,summer,3.7,False,paypal,store_pickup,False,False,21.0,venmo,weekly,1.0,2103,2026-04-25 09:50:22.623131
2105.0,53.0,male,shoes,footwear,88.0,new_mexico,m,gold,spring,2.8,False,bank_transfer,free_shipping,False,False,47.0,venmo,weekly,1.0,2104,2026-04-25 09:50:22.623131
2106.0,65.0,male,gloves,accessories,35.0,south_carolina,m,silver,spring,4.5,False,credit_card,free_shipping,False,False,38.0,venmo,bi-weekly,1.0,2105,2026-04-25 09:50:22.623131
2107.0,60.0,male,jewelry,accessories,34.0,vermont,m,gray,fall,4.4,False,cash,standard,False,False,40.0,credit_card,every_3_months,1.0,2106,2026-04-25 09:50:22.623131
2108.0,46.0,male,pants,clothing,75.0,delaware,m,black,winter,3.3,False,paypal,standard,False,False,35.0,paypal,quarterly,1.0,2107,2026-04-25 09:50:22.623131
2109.0,54.0,male,hoodie,clothing,46.0,north_dakota,xl,beige,winter,4.2,False,debit_card,express,False,False,4.0,credit_card,quarterly,1.0,2108,2026-04-25 09:50:22.623131
2110.0,59.0,male,jewelry,accessories,31.0,california,l,peach,fall,2.7,False,cash,free_shipping,False,False,28.0,venmo,every_3_months,1.0,2109,2026-04-25 09:50:22.623131
2111.0,52.0,male,socks,clothing,93.0,montana,l,cyan,spring,3.9,False,cash,store_pickup,False,False,36.0,debit_card,every_3_months,1.0,2110,2026-04-25 09:50:22.623131
2112.0,41.0,male,sunglasses,accessories,85.0,missouri,xl,pink,spring,2.6,False,credit_card,free_shipping,False,False,15.0,bank_transfer,annually,1.0,2111,2026-04-25 09:50:22.623131
2113.0,43.0,male,belt,accessories,68.0,tennessee,m,lavender,fall,4.5,False,credit_card,2-day_shipping,False,False,7.0,cash,fortnightly,1.0,2112,2026-04-25 09:50:22.623131
2114.0,63.0,male,dress,clothing,40.0,virginia,m,brown,spring,2.7,False,credit_card,store_pickup,False,False,29.0,paypal,every_3_months,1.0,2113,2026-04-25 09:50:22.623131
2115.0,37.0,male,shirt,clothing,51.0,vermont,m,magenta,winter,2.9,False,credit_card,standard,False,False,12.0,debit_card,annually,1.0,2114,2026-04-25 09:50:22.623131
2116.0,44.0,male,scarf,accessories,85.0,rhode_island,m,violet,winter,3.4,False,credit_card,store_pickup,False,False,16.0,bank_transfer,bi-weekly,1.0,2115,2026-04-25 09:50:22.623131
2117.0,67.0,male,jacket,outerwear,23.0,kansas,m,teal,summer,2.9,False,paypal,express,False,False,50.0,debit_card,bi-weekly,1.0,2116,2026-04-25 09:50:22.623131
2118.0,27.0,male,dress,clothing,28.0,colorado,l,brown,summer,3.8,False,bank_transfer,free_shipping,False,False,11.0,debit_card,annually,1.0,2117,2026-04-25 09:50:22.623131
2119.0,60.0,male,socks,clothing,44.0,georgia,m,olive,fall,4.2,False,bank_transfer,2-day_shipping,False,False,28.0,debit_card,quarterly,1.0,2118,2026-04-25 09:50:22.623131
2120.0,58.0,male,jewelry,accessories,57.0,nebraska,m,indigo,spring,3.5,False,debit_card,store_pickup,False,False,36.0,venmo,bi-weekly,1.0,2119,2026-04-25 09:50:22.623131
2121.0,53.0,male,scarf,accessories,98.0,missouri,s,red,fall,3.1,False,venmo,next_day_air,False,False,38.0,paypal,quarterly,1.0,2120,2026-04-25 09:50:22.623131
2122.0,43.0,male,backpack,accessories,68.0,alaska,m,olive,winter,3.5,False,credit_card,2-day_shipping,False,False,32.0,bank_transfer,monthly,1.0,2121,2026-04-25 09:50:22.623131
2123.0,32.0,male,jacket,outerwear,36.0,virginia,l,teal,fall,4.0,False,paypal,express,False,False,42.0,debit_card,weekly,1.0,2122,2026-04-25 09:50:22.623131
2124.0,54.0,male,coat,outerwear,71.0,nebraska,l,cyan,spring,3.7,False,cash,express,False,False,22.0,debit_card,bi-weekly,1.0,2123,2026-04-25 09:50:22.623131
2125.0,47.0,male,skirt,clothing,60.0,rhode_island,m,teal,fall,4.2,False,venmo,next_day_air,False,False,22.0,venmo,quarterly,1.0,2124,2026-04-25 09:50:22.623131
2126.0,57.0,male,coat,outerwear,87.0,new_hampshire,m,beige,fall,4.8,False,credit_card,store_pickup,False,False,31.0,paypal,quarterly,1.0,2125,2026-04-25 09:50:22.623131
2127.0,63.0,male,shoes,footwear,38.0,alabama,xl,magenta,winter,4.1,False,paypal,express,False,False,28.0,credit_card,monthly,1.0,2126,2026-04-25 09:50:22.623131
2128.0,70.0,male,boots,footwear,45.0,north_carolina,m,indigo,spring,4.5,False,credit_card,2-day_shipping,False,False,40.0,debit_card,weekly,1.0,2127,2026-04-25 09:50:22.623131
2129.0,62.0,male,coat,outerwear,47.0,new_mexico,l,cyan,fall,2.7,False,paypal,2-day_shipping,False,False,21.0,paypal,weekly,1.0,2128,2026-04-25 09:50:22.623131
2130.0,40.0,male,skirt,clothing,57.0,minnesota,l,orange,fall,2.8,False,credit_card,store_pickup,False,False,12.0,paypal,every_3_months,1.0,2129,2026-04-25 09:50:22.623131
2131.0,25.0,male,backpack,accessories,68.0,arizona,l,violet,summer,3.7,False,debit_card,free_shipping,False,False,33.0,credit_card,annually,1.0,2130,2026-04-25 09:50:22.623131
2132.0,19.0,male,shorts,clothing,52.0,montana,m,red,fall,3.6,False,credit_card,express,False,False,9.0,bank_transfer,fortnightly,1.0,2131,2026-04-25 09:50:22.623131
2133.0,25.0,male,skirt,clothing,87.0,vermont,m,magenta,fall,4.7,False,paypal,2-day_shipping,False,False,15.0,debit_card,weekly,1.0,2132,2026-04-25 09:50:22.623131
2134.0,21.0,male,hat,accessories,34.0,maine,m,olive,summer,3.8,False,paypal,standard,False,False,13.0,bank_transfer,annually,1.0,2133,2026-04-25 09:50:22.623131
2135.0,55.0,male,sandals,footwear,41.0,virginia,xl,maroon,winter,2.9,False,venmo,standard,False,False,35.0,credit_card,fortnightly,1.0,2134,2026-04-25 09:50:22.623131
2136.0,34.0,male,sunglasses,accessories,94.0,california,s,yellow,winter,4.6,False,credit_card,next_day_air,False,False,1.0,debit_card,every_3_months,1.0,2135,2026-04-25 09:50:22.623131
2137.0,47.0,male,sunglasses,accessories,93.0,new_york,m,red,summer,2.8,False,bank_transfer,standard,False,False,25.0,bank_transfer,fortnightly,1.0,2136,2026-04-25 09:50:22.623131
2138.0,27.0,male,socks,clothing,51.0,indiana,xl,purple,winter,4.6,False,bank_transfer,2-day_shipping,False,False,20.0,credit_card,every_3_months,1.0,2137,2026-04-25 09:50:22.623131
2139.0,67.0,male,sweater,clothing,42.0,mississippi,m,teal,fall,2.8,False,venmo,next_day_air,False,False,36.0,venmo,quarterly,1.0,2138,2026-04-25 09:50:22.623131
2140.0,40.0,male,boots,footwear,95.0,new_york,m,red,winter,3.0,False,credit_card,free_shipping,False,False,33.0,cash,weekly,1.0,2139,2026-04-25 09:50:22.623131
2141.0,53.0,male,handbag,accessories,90.0,new_mexico,m,brown,fall,3.7,False,cash,standard,False,False,36.0,cash,fortnightly,1.0,2140,2026-04-25 09:50:22.623131
2142.0,24.0,male,dress,clothing,98.0,kentucky,m,peach,winter,4.1,False,credit_card,2-day_shipping,False,False,32.0,paypal,annually,1.0,2141,2026-04-25 09:50:22.623131
2143.0,47.0,male,hat,accessories,39.0,north_dakota,m,maroon,winter,4.3,False,venmo,next_day_air,False,False,21.0,venmo,quarterly,1.0,2142,2026-04-25 09:50:22.623131
2144.0,53.0,male,sandals,footwear,66.0,arkansas,l,red,fall,3.8,False,debit_card,next_day_air,False,False,48.0,venmo,bi-weekly,1.0,2143,2026-04-25 09:50:22.623131
2145.0,47.0,male,shoes,footwear,23.0,maryland,l,orange,winter,3.7,False,cash,free_shipping,False,False,25.0,paypal,quarterly,1.0,2144,2026-04-25 09:50:22.623131
2146.0,38.0,male,skirt,clothing,73.0,connecticut,s,white,winter,4.8,False,debit_card,standard,False,False,32.0,paypal,annually,1.0,2145,2026-04-25 09:50:22.623131
2147.0,48.0,male,sunglasses,accessories,23.0,utah,xl,white,summer,4.6,False,debit_card,standard,False,False,45.0,paypal,every_3_months,1.0,2146,2026-04-25 09:50:22.623131
2148.0,47.0,male,skirt,clothing,43.0,missouri,s,charcoal,fall,4.8,False,paypal,standard,False,False,4.0,cash,fortnightly,1.0,2147,2026-04-25 09:50:22.623131
2149.0,19.0,male,t-shirt,clothing,45.0,nebraska,xl,turquoise,winter,4.6,False,paypal,2-day_shipping,False,False,19.0,paypal,bi-weekly,1.0,2148,2026-04-25 09:50:22.623131
2150.0,38.0,male,sandals,footwear,21.0,hawaii,l,orange,winter,4.0,False,bank_transfer,standard,False,False,1.0,bank_transfer,weekly,1.0,2149,2026-04-25 09:50:22.623131
2151.0,57.0,male,shirt,clothing,40.0,illinois,m,orange,spring,2.6,False,paypal,2-day_shipping,False,False,12.0,cash,weekly,1.0,2150,2026-04-25 09:50:22.623131
2152.0,70.0,male,jeans,clothing,58.0,vermont,l,brown,fall,2.6,False,venmo,2-day_shipping,False,False,18.0,venmo,monthly,1.0,2151,2026-04-25 09:50:22.623131
2153.0,38.0,male,shorts,clothing,48.0,new_jersey,l,magenta,summer,4.5,False,bank_transfer,next_day_air,False,False,43.0,bank_transfer,bi-weekly,1.0,2152,2026-04-25 09:50:22.623131
2154.0,35.0,male,shirt,clothing,94.0,kentucky,m,violet,fall,4.2,False,credit_card,free_shipping,False,False,31.0,paypal,annually,1.0,2153,2026-04-25 09:50:22.623131
2155.0,46.0,male,scarf,accessories,74.0,wyoming,m,violet,spring,3.4,False,debit_card,store_pickup,False,False,33.0,cash,every_3_months,1.0,2154,2026-04-25 09:50:22.623131
2156.0,32.0,male,handbag,accessories,51.0,hawaii,l,yellow,fall,3.7,False,debit_card,store_pickup,False,False,46.0,paypal,monthly,1.0,2155,2026-04-25 09:50:22.623131
2157.0,38.0,male,skirt,clothing,83.0,missouri,m,maroon,winter,3.6,False,paypal,next_day_air,False,False,41.0,debit_card,bi-weekly,1.0,2156,2026-04-25 09:50:22.623131
2158.0,41.0,male,handbag,accessories,68.0,mississippi,l,turquoise,winter,4.0,False,debit_card,next_day_air,False,False,41.0,venmo,fortnightly,1.0,2157,2026-04-25 09:50:22.623131
2159.0,19.0,male,gloves,accessories,84.0,massachusetts,xl,olive,spring,4.6,False,credit_card,standard,False,False,9.0,bank_transfer,fortnightly,1.0,2158,2026-04-25 09:50:22.623131
2160.0,18.0,male,shirt,clothing,58.0,louisiana,m,peach,fall,3.0,False,paypal,free_shipping,False,False,34.0,cash,annually,1.0,2159,2026-04-25 09:50:22.623131
2161.0,45.0,male,blouse,clothing,92.0,west_virginia,l,charcoal,winter,3.3,False,bank_transfer,express,False,False,21.0,paypal,annually,1.0,2160,2026-04-25 09:50:22.623131
2162.0,23.0,male,dress,clothing,69.0,washington,s,peach,summer,3.8,False,credit_card,express,False,False,5.0,debit_card,fortnightly,1.0,2161,2026-04-25 09:50:22.623131
2163.0,60.0,male,shorts,clothing,48.0,oregon,s,black,summer,2.7,False,credit_card,free_shipping,False,False,32.0,paypal,weekly,1.0,2162,2026-04-25 09:50:22.623131
2164.0,52.0,male,shoes,footwear,60.0,new_york,l,gray,spring,4.5,False,bank_transfer,express,False,False,44.0,bank_transfer,monthly,1.0,2163,2026-04-25 09:50:22.623131
2165.0,42.0,male,sandals,footwear,20.0,iowa,s,olive,winter,4.8,False,venmo,next_day_air,False,False,46.0,paypal,bi-weekly,1.0,2164,2026-04-25 09:50:22.623131
2166.0,29.0,male,pants,clothing,55.0,idaho,m,turquoise,summer,4.2,False,bank_transfer,express,False,False,42.0,credit_card,every_3_months,1.0,2165,2026-04-25 09:50:22.623131
2167.0,31.0,male,jacket,outerwear,88.0,new_jersey,s,purple,spring,3.5,False,venmo,express,False,False,50.0,credit_card,bi-weekly,1.0,2166,2026-04-25 09:50:22.623131
2168.0,30.0,male,skirt,clothing,48.0,ohio,l,green,winter,4.9,False,venmo,standard,False,False,33.0,venmo,fortnightly,1.0,2167,2026-04-25 09:50:22.623131
2169.0,23.0,male,handbag,accessories,74.0,connecticut,m,beige,spring,4.1,False,bank_transfer,next_day_air,False,False,32.0,cash,quarterly,1.0,2168,2026-04-25 09:50:22.623131
2170.0,31.0,male,coat,outerwear,42.0,florida,m,brown,fall,2.9,False,paypal,next_day_air,False,False,32.0,bank_transfer,bi-weekly,1.0,2169,2026-04-25 09:50:22.623131
2171.0,40.0,male,sweater,clothing,32.0,south_carolina,m,turquoise,fall,4.0,False,paypal,next_day_air,False,False,37.0,venmo,every_3_months,1.0,2170,2026-04-25 09:50:22.623131
2172.0,39.0,male,shorts,clothing,98.0,missouri,m,yellow,summer,4.6,False,credit_card,store_pickup,False,False,9.0,cash,fortnightly,1.0,2171,2026-04-25 09:50:22.623131
2173.0,28.0,male,skirt,clothing,89.0,rhode_island,s,lavender,fall,2.8,False,bank_transfer,store_pickup,False,False,6.0,paypal,fortnightly,1.0,2172,2026-04-25 09:50:22.623131
2174.0,23.0,male,gloves,accessories,97.0,delaware,s,cyan,summer,5.0,False,cash,2-day_shipping,False,False,36.0,venmo,quarterly,1.0,2173,2026-04-25 09:50:22.623131
2175.0,42.0,male,backpack,accessories,49.0,colorado,s,olive,spring,2.9,False,cash,store_pickup,False,False,1.0,cash,annually,1.0,2174,2026-04-25 09:50:22.623131
2176.0,68.0,male,dress,clothing,50.0,nebraska,m,silver,spring,3.3,False,bank_transfer,free_shipping,False,False,48.0,credit_card,fortnightly,1.0,2175,2026-04-25 09:50:22.623131
2177.0,24.0,male,belt,accessories,91.0,vermont,s,red,winter,3.4,False,venmo,2-day_shipping,False,False,44.0,debit_card,quarterly,1.0,2176,2026-04-25 09:50:22.623131
2178.0,24.0,male,gloves,accessories,93.0,montana,xl,green,winter,3.0,False,bank_transfer,express,False,False,9.0,paypal,bi-weekly,1.0,2177,2026-04-25 09:50:22.623131
2179.0,21.0,male,jewelry,accessories,98.0,florida,m,gold,summer,4.7,False,debit_card,standard,False,False,32.0,venmo,annually,1.0,2178,2026-04-25 09:50:22.623131
2180.0,49.0,male,socks,clothing,82.0,delaware,l,lavender,fall,2.9,False,credit_card,next_day_air,False,False,14.0,paypal,monthly,1.0,2179,2026-04-25 09:50:22.623131
2181.0,41.0,male,coat,outerwear,37.0,connecticut,m,yellow,summer,4.1,False,debit_card,store_pickup,False,False,43.0,cash,quarterly,1.0,2180,2026-04-25 09:50:22.623131
2182.0,22.0,male,handbag,accessories,63.0,hawaii,m,black,fall,3.2,False,venmo,free_shipping,False,False,32.0,bank_transfer,bi-weekly,1.0,2181,2026-04-25 09:50:22.623131
2183.0,42.0,male,blouse,clothing,99.0,new_mexico,m,maroon,winter,2.7,False,cash,store_pickup,False,False,26.0,venmo,bi-weekly,1.0,2182,2026-04-25 09:50:22.623131
2184.0,30.0,male,shorts,clothing,37.0,kansas,m,maroon,spring,4.7,False,paypal,store_pickup,False,False,2.0,cash,monthly,1.0,2183,2026-04-25 09:50:22.623131
2185.0,38.0,male,shoes,footwear,34.0,nevada,s,gold,spring,3.2,False,paypal,free_shipping,False,False,16.0,paypal,every_3_months,1.0,2184,2026-04-25 09:50:22.623131
2186.0,40.0,male,shorts,clothing,32.0,north_carolina,m,violet,winter,2.5,False,venmo,express,False,False,50.0,debit_card,every_3_months,1.0,2185,2026-04-25 09:50:22.623131
2187.0,55.0,male,sandals,footwear,23.0,new_mexico,xl,teal,winter,4.3,False,bank_transfer,next_day_air,False,False,6.0,paypal,every_3_months,1.0,2186,2026-04-25 09:50:22.623131
2188.0,37.0,male,blouse,clothing,78.0,idaho,m,violet,spring,4.4,False,venmo,free_shipping,False,False,20.0,paypal,annually,1.0,2187,2026-04-25 09:50:22.623131
2189.0,41.0,male,coat,outerwear,54.0,california,m,brown,winter,4.7,False,paypal,next_day_air,False,False,9.0,credit_card,weekly,1.0,2188,2026-04-25 09:50:22.623131
2190.0,38.0,male,blouse,clothing,94.0,wisconsin,xl,brown,fall,4.0,False,paypal,express,False,False,47.0,credit_card,bi-weekly,1.0,2189,2026-04-25 09:50:22.623131
2191.0,42.0,male,belt,accessories,75.0,alaska,s,maroon,spring,4.6,False,debit_card,express,False,False,33.0,credit_card,annually,1.0,2190,2026-04-25 09:50:22.623131
2192.0,26.0,male,blouse,clothing,69.0,pennsylvania,s,maroon,summer,3.8,False,venmo,next_day_air,False,False,46.0,cash,bi-weekly,1.0,2191,2026-04-25 09:50:22.623131
2193.0,41.0,male,scarf,accessories,35.0,virginia,l,yellow,winter,3.2,False,bank_transfer,next_day_air,False,False,9.0,credit_card,monthly,1.0,2192,2026-04-25 09:50:22.623131
2194.0,27.0,male,shirt,clothing,78.0,california,l,turquoise,spring,5.0,False,bank_transfer,express,False,False,8.0,paypal,monthly,1.0,2193,2026-04-25 09:50:22.623131
2195.0,61.0,male,socks,clothing,29.0,kentucky,m,silver,summer,3.5,False,debit_card,standard,False,False,48.0,bank_transfer,quarterly,1.0,2194,2026-04-25 09:50:22.623131
2196.0,58.0,male,jeans,clothing,62.0,new_york,m,brown,fall,3.7,False,credit_card,next_day_air,False,False,2.0,cash,monthly,1.0,2195,2026-04-25 09:50:22.623131
2197.0,25.0,male,dress,clothing,58.0,vermont,m,gray,spring,4.8,False,venmo,next_day_air,False,False,31.0,paypal,weekly,1.0,2196,2026-04-25 09:50:22.623131
2198.0,33.0,male,boots,footwear,88.0,pennsylvania,m,indigo,summer,3.7,False,paypal,2-day_shipping,False,False,40.0,venmo,monthly,1.0,2197,2026-04-25 09:50:22.623131
2199.0,57.0,male,scarf,accessories,80.0,new_york,l,turquoise,summer,3.5,False,cash,free_shipping,False,False,35.0,venmo,monthly,1.0,2198,2026-04-25 09:50:22.623131
2200.0,39.0,male,scarf,accessories,47.0,north_carolina,m,maroon,summer,4.9,False,bank_transfer,store_pickup,False,False,40.0,debit_card,monthly,1.0,2199,2026-04-25 09:50:22.623131
2201.0,60.0,male,gloves,accessories,51.0,wyoming,l,charcoal,summer,4.7,False,paypal,next_day_air,False,False,27.0,debit_card,every_3_months,1.0,2200,2026-04-25 09:50:22.623131
2202.0,39.0,male,pants,clothing,25.0,ohio,l,peach,spring,4.9,False,bank_transfer,2-day_shipping,False,False,10.0,venmo,annually,1.0,2201,2026-04-25 09:50:22.623131
2203.0,42.0,male,dress,clothing,36.0,alabama,m,red,summer,4.3,False,paypal,next_day_air,False,False,23.0,credit_card,weekly,1.0,2202,2026-04-25 09:50:22.623131
2204.0,53.0,male,dress,clothing,79.0,rhode_island,m,indigo,winter,3.1,False,venmo,free_shipping,False,False,32.0,cash,quarterly,1.0,2203,2026-04-25 09:50:22.623131
2205.0,20.0,male,jeans,clothing,41.0,oregon,s,lavender,winter,3.4,False,venmo,2-day_shipping,False,False,6.0,debit_card,monthly,1.0,2204,2026-04-25 09:50:22.623131
2206.0,46.0,male,sweater,clothing,68.0,north_dakota,xl,red,fall,2.7,False,paypal,express,False,False,27.0,paypal,weekly,1.0,2205,2026-04-25 09:50:22.623131
2207.0,46.0,male,sandals,footwear,51.0,illinois,l,green,spring,2.6,False,paypal,store_pickup,False,False,25.0,bank_transfer,fortnightly,1.0,2206,2026-04-25 09:50:22.623131
2208.0,69.0,male,handbag,accessories,38.0,new_mexico,m,gray,fall,2.9,False,debit_card,next_day_air,False,False,11.0,credit_card,annually,1.0,2207,2026-04-25 09:50:22.623131
2209.0,28.0,male,scarf,accessories,46.0,colorado,xl,violet,summer,2.7,False,debit_card,2-day_shipping,False,False,23.0,paypal,monthly,1.0,2208,2026-04-25 09:50:22.623131
2210.0,42.0,male,sandals,footwear,20.0,utah,xl,beige,summer,4.5,False,credit_card,2-day_shipping,False,False,44.0,bank_transfer,quarterly,1.0,2209,2026-04-25 09:50:22.623131
2211.0,30.0,male,sunglasses,accessories,25.0,virginia,m,orange,summer,3.1,False,venmo,store_pickup,False,False,35.0,paypal,fortnightly,1.0,2210,2026-04-25 09:50:22.623131
2212.0,50.0,male,sweater,clothing,89.0,maine,l,purple,winter,3.2,False,paypal,free_shipping,False,False,45.0,debit_card,every_3_months,1.0,2211,2026-04-25 09:50:22.623131
2213.0,59.0,male,pants,clothing,77.0,nebraska,m,brown,winter,3.3,False,paypal,next_day_air,False,False,22.0,bank_transfer,quarterly,1.0,2212,2026-04-25 09:50:22.623131
2214.0,54.0,male,hat,accessories,94.0,hawaii,m,maroon,fall,2.9,False,credit_card,express,False,False,18.0,debit_card,quarterly,1.0,2213,2026-04-25 09:50:22.623131
2215.0,50.0,male,belt,accessories,100.0,idaho,l,gold,fall,4.1,False,cash,standard,False,False,20.0,debit_card,weekly,1.0,2214,2026-04-25 09:50:22.623131
2216.0,25.0,male,sandals,footwear,96.0,west_virginia,m,indigo,winter,2.7,False,debit_card,express,False,False,28.0,credit_card,fortnightly,1.0,2215,2026-04-25 09:50:22.623131
2217.0,41.0,male,pants,clothing,36.0,vermont,xl,silver,winter,4.0,False,credit_card,store_pickup,False,False,15.0,venmo,bi-weekly,1.0,2216,2026-04-25 09:50:22.623131
2218.0,35.0,male,jewelry,accessories,27.0,indiana,xl,red,fall,2.6,False,bank_transfer,store_pickup,False,False,42.0,bank_transfer,fortnightly,1.0,2217,2026-04-25 09:50:22.623131
2219.0,67.0,male,sunglasses,accessories,67.0,idaho,m,magenta,winter,3.5,False,cash,store_pickup,False,False,20.0,debit_card,quarterly,1.0,2218,2026-04-25 09:50:22.623131
2220.0,33.0,male,blouse,clothing,91.0,minnesota,s,purple,fall,2.8,False,paypal,store_pickup,False,False,16.0,bank_transfer,fortnightly,1.0,2219,2026-04-25 09:50:22.623131
2221.0,19.0,male,belt,accessories,62.0,wyoming,xl,beige,fall,4.5,False,cash,store_pickup,False,False,47.0,cash,annually,1.0,2220,2026-04-25 09:50:22.623131
2222.0,25.0,male,shorts,clothing,88.0,kansas,xl,white,fall,3.0,False,debit_card,free_shipping,False,False,34.0,credit_card,annually,1.0,2221,2026-04-25 09:50:22.623131
2223.0,32.0,male,pants,clothing,66.0,georgia,m,teal,summer,4.4,False,paypal,store_pickup,False,False,30.0,credit_card,weekly,1.0,2222,2026-04-25 09:50:22.623131
2224.0,30.0,male,sandals,footwear,65.0,kansas,m,gray,fall,4.7,False,credit_card,next_day_air,False,False,5.0,paypal,quarterly,1.0,2223,2026-04-25 09:50:22.623131
2225.0,18.0,male,gloves,accessories,25.0,nebraska,l,charcoal,winter,4.3,False,credit_card,standard,False,False,38.0,cash,quarterly,1.0,2224,2026-04-25 09:50:22.623131
2226.0,38.0,male,belt,accessories,64.0,washington,s,olive,spring,4.8,False,credit_card,free_shipping,False,False,18.0,credit_card,annually,1.0,2225,2026-04-25 09:50:22.623131
2227.0,22.0,male,shirt,clothing,72.0,missouri,l,blue,spring,4.8,False,credit_card,store_pickup,False,False,28.0,cash,annually,1.0,2226,2026-04-25 09:50:22.623131
2228.0,40.0,male,scarf,accessories,74.0,washington,s,gray,summer,4.4,False,venmo,next_day_air,False,False,42.0,credit_card,fortnightly,1.0,2227,2026-04-25 09:50:22.623131
2229.0,54.0,male,gloves,accessories,50.0,kansas,m,green,fall,3.7,False,debit_card,free_shipping,False,False,5.0,credit_card,weekly,1.0,2228,2026-04-25 09:50:22.623131
2230.0,70.0,male,pants,clothing,97.0,minnesota,m,silver,fall,3.9,False,bank_transfer,express,False,False,50.0,venmo,monthly,1.0,2229,2026-04-25 09:50:22.623131
2231.0,52.0,male,sneakers,footwear,36.0,colorado,s,teal,spring,3.8,False,debit_card,express,False,False,33.0,venmo,fortnightly,1.0,2230,2026-04-25 09:50:22.623131
2232.0,34.0,male,jacket,outerwear,49.0,utah,m,beige,fall,4.1,False,cash,store_pickup,False,False,1.0,credit_card,weekly,1.0,2231,2026-04-25 09:50:22.623131
2233.0,65.0,male,shoes,footwear,64.0,north_carolina,l,lavender,spring,4.0,False,bank_transfer,store_pickup,False,False,14.0,cash,fortnightly,1.0,2232,2026-04-25 09:50:22.623131
2234.0,38.0,male,blouse,clothing,31.0,florida,xl,gray,summer,4.5,False,credit_card,express,False,False,48.0,credit_card,monthly,1.0,2233,2026-04-25 09:50:22.623131
2235.0,35.0,male,boots,footwear,66.0,new_hampshire,s,yellow,winter,4.0,False,cash,express,False,False,26.0,cash,weekly,1.0,2234,2026-04-25 09:50:22.623131
2236.0,40.0,male,socks,clothing,82.0,illinois,m,gray,spring,4.5,False,credit_card,2-day_shipping,False,False,44.0,credit_card,annually,1.0,2235,2026-04-25 09:50:22.623131
2237.0,23.0,male,t-shirt,clothing,88.0,louisiana,m,yellow,winter,2.7,False,venmo,standard,False,False,18.0,debit_card,fortnightly,1.0,2236,2026-04-25 09:50:22.623131
2238.0,45.0,male,sandals,footwear,34.0,alabama,s,black,summer,3.8,False,bank_transfer,next_day_air,False,False,31.0,venmo,every_3_months,1.0,2237,2026-04-25 09:50:22.623131
2239.0,40.0,male,sneakers,footwear,84.0,florida,l,beige,winter,3.8,False,credit_card,standard,False,False,18.0,debit_card,weekly,1.0,2238,2026-04-25 09:50:22.623131
2240.0,42.0,male,jewelry,accessories,96.0,alabama,l,indigo,summer,3.8,False,bank_transfer,2-day_shipping,False,False,41.0,credit_card,every_3_months,1.0,2239,2026-04-25 09:50:22.623131
2241.0,57.0,male,sandals,footwear,71.0,california,l,green,winter,4.3,False,credit_card,next_day_air,False,False,18.0,debit_card,every_3_months,1.0,2240,2026-04-25 09:50:22.623131
2242.0,18.0,male,jacket,outerwear,77.0,maryland,m,purple,summer,3.5,False,bank_transfer,free_shipping,False,False,3.0,bank_transfer,bi-weekly,1.0,2241,2026-04-25 09:50:22.623131
2243.0,18.0,male,skirt,clothing,66.0,nevada,m,orange,spring,3.8,False,paypal,next_day_air,False,False,5.0,credit_card,bi-weekly,1.0,2242,2026-04-25 09:50:22.623131
2244.0,56.0,male,shirt,clothing,21.0,massachusetts,m,teal,winter,3.7,False,cash,2-day_shipping,False,False,13.0,debit_card,annually,1.0,2243,2026-04-25 09:50:22.623131
2245.0,35.0,male,shorts,clothing,37.0,south_carolina,m,gold,summer,4.8,False,credit_card,2-day_shipping,False,False,22.0,paypal,annually,1.0,2244,2026-04-25 09:50:22.623131
2246.0,49.0,male,socks,clothing,90.0,delaware,l,gray,fall,4.9,False,venmo,free_shipping,False,False,45.0,paypal,fortnightly,1.0,2245,2026-04-25 09:50:22.623131
2247.0,49.0,male,jacket,outerwear,96.0,hawaii,m,cyan,fall,4.3,False,cash,store_pickup,False,False,39.0,paypal,every_3_months,1.0,2246,2026-04-25 09:50:22.623131
2248.0,34.0,male,jewelry,accessories,37.0,florida,l,teal,summer,4.4,False,paypal,next_day_air,False,False,18.0,venmo,annually,1.0,2247,2026-04-25 09:50:22.623131
2249.0,63.0,male,t-shirt,clothing,66.0,rhode_island,m,violet,winter,3.4,False,cash,free_shipping,False,False,19.0,paypal,fortnightly,1.0,2248,2026-04-25 09:50:22.623131
2250.0,42.0,male,gloves,accessories,45.0,wyoming,xl,indigo,spring,4.3,False,bank_transfer,next_day_air,False,False,29.0,debit_card,weekly,1.0,2249,2026-04-25 09:50:22.623131
2251.0,41.0,male,shoes,footwear,89.0,colorado,l,pink,summer,4.6,False,venmo,store_pickup,False,False,19.0,credit_card,weekly,1.0,2250,2026-04-25 09:50:22.623131
2252.0,26.0,male,shoes,footwear,94.0,virginia,l,gold,fall,3.8,False,paypal,free_shipping,False,False,22.0,debit_card,monthly,1.0,2251,2026-04-25 09:50:22.623131
2253.0,48.0,male,shoes,footwear,96.0,nebraska,s,maroon,summer,3.9,False,venmo,express,False,False,21.0,bank_transfer,annually,1.0,2252,2026-04-25 09:50:22.623131
2254.0,62.0,male,hoodie,clothing,31.0,oklahoma,m,brown,spring,2.6,False,credit_card,store_pickup,False,False,22.0,paypal,monthly,1.0,2253,2026-04-25 09:50:22.623131
2255.0,24.0,male,belt,accessories,79.0,north_dakota,m,gold,winter,4.2,False,venmo,store_pickup,False,False,44.0,paypal,every_3_months,1.0,2254,2026-04-25 09:50:22.623131
2256.0,48.0,male,coat,outerwear,39.0,michigan,l,teal,spring,4.6,False,venmo,store_pickup,False,False,42.0,bank_transfer,quarterly,1.0,2255,2026-04-25 09:50:22.623131
2257.0,31.0,male,blouse,clothing,22.0,california,m,turquoise,fall,5.0,False,debit_card,standard,False,False,33.0,credit_card,quarterly,1.0,2256,2026-04-25 09:50:22.623131
2258.0,41.0,male,skirt,clothing,32.0,tennessee,l,olive,fall,4.2,False,paypal,standard,False,False,6.0,bank_transfer,annually,1.0,2257,2026-04-25 09:50:22.623131
2259.0,24.0,male,t-shirt,clothing,71.0,ohio,l,cyan,winter,4.3,False,bank_transfer,store_pickup,False,False,44.0,credit_card,every_3_months,1.0,2258,2026-04-25 09:50:22.623131
2260.0,60.0,male,jeans,clothing,96.0,florida,xl,beige,spring,3.3,False,venmo,free_shipping,False,False,24.0,cash,annually,1.0,2259,2026-04-25 09:50:22.623131
2261.0,38.0,male,scarf,accessories,82.0,missouri,m,blue,fall,4.9,False,venmo,express,False,False,16.0,paypal,quarterly,1.0,2260,2026-04-25 09:50:22.623131
2262.0,58.0,male,backpack,accessories,76.0,south_carolina,l,gold,spring,4.4,False,cash,standard,False,False,12.0,bank_transfer,fortnightly,1.0,2261,2026-04-25 09:50:22.623131
2263.0,53.0,male,backpack,accessories,22.0,arizona,m,green,winter,3.1,False,venmo,2-day_shipping,False,False,50.0,paypal,monthly,1.0,2262,2026-04-25 09:50:22.623131
2264.0,44.0,male,scarf,accessories,40.0,indiana,xl,green,winter,3.5,False,paypal,store_pickup,False,False,42.0,cash,quarterly,1.0,2263,2026-04-25 09:50:22.623131
2265.0,51.0,male,hat,accessories,92.0,north_dakota,m,turquoise,summer,3.9,False,bank_transfer,2-day_shipping,False,False,50.0,paypal,monthly,1.0,2264,2026-04-25 09:50:22.623131
2266.0,36.0,male,coat,outerwear,94.0,montana,xl,yellow,fall,3.9,False,bank_transfer,store_pickup,False,False,10.0,paypal,quarterly,1.0,2265,2026-04-25 09:50:22.623131
2267.0,20.0,male,dress,clothing,44.0,missouri,m,yellow,fall,4.3,False,bank_transfer,store_pickup,False,False,32.0,debit_card,weekly,1.0,2266,2026-04-25 09:50:22.623131
2268.0,32.0,male,gloves,accessories,49.0,kentucky,s,blue,spring,3.8,False,venmo,express,False,False,37.0,venmo,weekly,1.0,2267,2026-04-25 09:50:22.623131
2269.0,66.0,male,sweater,clothing,26.0,georgia,l,charcoal,spring,2.7,False,credit_card,2-day_shipping,False,False,15.0,bank_transfer,monthly,1.0,2268,2026-04-25 09:50:22.623131
2270.0,49.0,male,skirt,clothing,38.0,kentucky,m,yellow,fall,4.4,False,credit_card,store_pickup,False,False,27.0,credit_card,annually,1.0,2269,2026-04-25 09:50:22.623131
2271.0,27.0,male,blouse,clothing,72.0,georgia,l,purple,spring,3.5,False,debit_card,express,False,False,7.0,venmo,weekly,1.0,2270,2026-04-25 09:50:22.623131
2272.0,29.0,male,dress,clothing,99.0,alaska,m,green,summer,3.4,False,cash,free_shipping,False,False,49.0,paypal,quarterly,1.0,2271,2026-04-25 09:50:22.623131
2273.0,29.0,male,jacket,outerwear,38.0,maine,l,charcoal,spring,4.0,False,venmo,standard,False,False,44.0,paypal,monthly,1.0,2272,2026-04-25 09:50:22.623131
2274.0,55.0,male,coat,outerwear,96.0,new_mexico,l,silver,winter,4.8,False,credit_card,express,False,False,13.0,paypal,bi-weekly,1.0,2273,2026-04-25 09:50:22.623131
2275.0,57.0,male,dress,clothing,27.0,new_york,l,turquoise,spring,4.5,False,cash,next_day_air,False,False,38.0,paypal,fortnightly,1.0,2274,2026-04-25 09:50:22.623131
2276.0,29.0,male,shorts,clothing,24.0,oklahoma,m,gray,winter,4.4,False,paypal,standard,False,False,10.0,debit_card,weekly,1.0,2275,2026-04-25 09:50:22.623131
2277.0,31.0,male,jeans,clothing,82.0,wyoming,l,red,summer,4.1,False,bank_transfer,2-day_shipping,False,False,25.0,debit_card,weekly,1.0,2276,2026-04-25 09:50:22.623131
2278.0,25.0,male,hat,accessories,56.0,alabama,m,beige,summer,4.6,False,bank_transfer,next_day_air,False,False,18.0,credit_card,quarterly,1.0,2277,2026-04-25 09:50:22.623131
2279.0,61.0,male,gloves,accessories,25.0,maryland,m,maroon,fall,3.8,False,cash,store_pickup,False,False,6.0,cash,every_3_months,1.0,2278,2026-04-25 09:50:22.623131
2280.0,53.0,male,sneakers,footwear,67.0,west_virginia,l,indigo,spring,2.9,False,bank_transfer,free_shipping,False,False,35.0,bank_transfer,quarterly,1.0,2279,2026-04-25 09:50:22.623131
2281.0,22.0,male,shoes,footwear,21.0,kentucky,m,red,summer,2.8,False,bank_transfer,standard,False,False,31.0,credit_card,fortnightly,1.0,2280,2026-04-25 09:50:22.623131
2282.0,28.0,male,hoodie,clothing,27.0,kansas,xl,maroon,summer,3.0,False,bank_transfer,store_pickup,False,False,41.0,bank_transfer,annually,1.0,2281,2026-04-25 09:50:22.623131
2283.0,18.0,male,sneakers,footwear,97.0,idaho,s,red,fall,4.2,False,debit_card,2-day_shipping,False,False,8.0,credit_card,annually,1.0,2282,2026-04-25 09:50:22.623131
2284.0,44.0,male,handbag,accessories,45.0,ohio,s,black,winter,4.1,False,cash,free_shipping,False,False,34.0,credit_card,fortnightly,1.0,2283,2026-04-25 09:50:22.623131
2285.0,32.0,male,blouse,clothing,63.0,iowa,xl,black,fall,4.1,False,cash,express,False,False,20.0,venmo,annually,1.0,2284,2026-04-25 09:50:22.623131
2286.0,34.0,male,belt,accessories,100.0,michigan,l,pink,summer,4.6,False,cash,2-day_shipping,False,False,38.0,paypal,every_3_months,1.0,2285,2026-04-25 09:50:22.623131
2287.0,67.0,male,socks,clothing,38.0,south_dakota,l,blue,spring,2.5,False,paypal,store_pickup,False,False,35.0,venmo,quarterly,1.0,2286,2026-04-25 09:50:22.623131
2288.0,66.0,male,blouse,clothing,45.0,nebraska,l,green,summer,3.0,False,paypal,store_pickup,False,False,6.0,debit_card,annually,1.0,2287,2026-04-25 09:50:22.623131
2289.0,28.0,male,jewelry,accessories,91.0,california,m,orange,fall,3.8,False,credit_card,next_day_air,False,False,50.0,paypal,weekly,1.0,2288,2026-04-25 09:50:22.623131
2290.0,70.0,male,shorts,clothing,82.0,nevada,m,orange,fall,4.1,False,paypal,free_shipping,False,False,47.0,venmo,weekly,1.0,2289,2026-04-25 09:50:22.623131
2291.0,37.0,male,boots,footwear,48.0,kansas,l,magenta,winter,3.3,False,venmo,standard,False,False,23.0,paypal,quarterly,1.0,2290,2026-04-25 09:50:22.623131
2292.0,28.0,male,coat,outerwear,30.0,ohio,m,indigo,spring,5.0,False,paypal,2-day_shipping,False,False,13.0,credit_card,quarterly,1.0,2291,2026-04-25 09:50:22.623131
2293.0,43.0,male,t-shirt,clothing,34.0,vermont,s,beige,spring,3.8,False,debit_card,next_day_air,False,False,31.0,debit_card,monthly,1.0,2292,2026-04-25 09:50:22.623131
2294.0,37.0,male,sweater,clothing,68.0,georgia,l,green,fall,3.3,False,paypal,express,False,False,16.0,debit_card,every_3_months,1.0,2293,2026-04-25 09:50:22.623131
2295.0,54.0,male,sunglasses,accessories,95.0,maryland,m,red,winter,5.0,False,venmo,express,False,False,40.0,debit_card,annually,1.0,2294,2026-04-25 09:50:22.623131
2296.0,50.0,male,hat,accessories,22.0,connecticut,l,beige,spring,2.9,False,credit_card,2-day_shipping,False,False,45.0,paypal,quarterly,1.0,2295,2026-04-25 09:50:22.623131
2297.0,46.0,male,gloves,accessories,88.0,washington,m,green,fall,2.5,False,paypal,next_day_air,False,False,50.0,venmo,every_3_months,1.0,2296,2026-04-25 09:50:22.623131
2298.0,60.0,male,socks,clothing,83.0,california,m,orange,summer,4.7,False,paypal,standard,False,False,1.0,bank_transfer,quarterly,1.0,2297,2026-04-25 09:50:22.623131
2299.0,40.0,male,handbag,accessories,87.0,montana,l,cyan,spring,2.9,False,paypal,2-day_shipping,False,False,10.0,cash,every_3_months,1.0,2298,2026-04-25 09:50:22.623131
2300.0,64.0,male,coat,outerwear,57.0,idaho,m,violet,summer,3.7,False,debit_card,store_pickup,False,False,48.0,credit_card,every_3_months,1.0,2299,2026-04-25 09:50:22.623131
2301.0,18.0,male,coat,outerwear,88.0,pennsylvania,xl,lavender,summer,4.4,False,venmo,2-day_shipping,False,False,38.0,credit_card,monthly,1.0,2300,2026-04-25 09:50:22.623131
2302.0,37.0,male,pants,clothing,20.0,maine,l,turquoise,winter,2.9,False,debit_card,next_day_air,False,False,21.0,debit_card,annually,1.0,2301,2026-04-25 09:50:22.623131
2303.0,36.0,male,belt,accessories,39.0,montana,l,pink,summer,3.6,False,cash,store_pickup,False,False,38.0,venmo,monthly,1.0,2302,2026-04-25 09:50:22.623131
2304.0,51.0,male,sunglasses,accessories,71.0,new_jersey,s,beige,spring,4.8,False,bank_transfer,2-day_shipping,False,False,31.0,credit_card,fortnightly,1.0,2303,2026-04-25 09:50:22.623131
2305.0,26.0,male,hoodie,clothing,73.0,louisiana,l,silver,winter,4.7,False,bank_transfer,free_shipping,False,False,9.0,debit_card,fortnightly,1.0,2304,2026-04-25 09:50:22.623131
2306.0,68.0,male,handbag,accessories,63.0,maine,m,gold,summer,2.6,False,cash,free_shipping,False,False,47.0,cash,weekly,1.0,2305,2026-04-25 09:50:22.623131
2307.0,27.0,male,gloves,accessories,78.0,florida,l,silver,winter,3.4,False,cash,standard,False,False,8.0,cash,bi-weekly,1.0,2306,2026-04-25 09:50:22.623131
2308.0,28.0,male,skirt,clothing,96.0,missouri,l,green,fall,3.5,False,bank_transfer,next_day_air,False,False,30.0,debit_card,annually,1.0,2307,2026-04-25 09:50:22.623131
2309.0,49.0,male,sunglasses,accessories,81.0,north_dakota,m,teal,winter,3.4,False,bank_transfer,2-day_shipping,False,False,22.0,bank_transfer,quarterly,1.0,2308,2026-04-25 09:50:22.623131
2310.0,70.0,male,dress,clothing,95.0,connecticut,s,gold,fall,5.0,False,cash,2-day_shipping,False,False,3.0,bank_transfer,quarterly,1.0,2309,2026-04-25 09:50:22.623131
2311.0,30.0,male,gloves,accessories,68.0,virginia,m,cyan,spring,4.6,False,credit_card,standard,False,False,15.0,paypal,monthly,1.0,2310,2026-04-25 09:50:22.623131
2312.0,27.0,male,sneakers,footwear,28.0,montana,l,gold,spring,4.8,False,paypal,2-day_shipping,False,False,10.0,bank_transfer,every_3_months,1.0,2311,2026-04-25 09:50:22.623131
2313.0,19.0,male,t-shirt,clothing,30.0,vermont,l,violet,summer,3.7,False,paypal,free_shipping,False,False,19.0,cash,every_3_months,1.0,2312,2026-04-25 09:50:22.623131
2314.0,64.0,male,dress,clothing,31.0,georgia,m,black,summer,4.7,False,venmo,next_day_air,False,False,36.0,bank_transfer,fortnightly,1.0,2313,2026-04-25 09:50:22.623131
2315.0,42.0,male,handbag,accessories,95.0,virginia,xl,brown,winter,4.4,False,venmo,express,False,False,12.0,bank_transfer,every_3_months,1.0,2314,2026-04-25 09:50:22.623131
2316.0,69.0,male,socks,clothing,79.0,vermont,m,indigo,winter,3.5,False,cash,2-day_shipping,False,False,49.0,debit_card,quarterly,1.0,2315,2026-04-25 09:50:22.623131
2317.0,28.0,male,sneakers,footwear,39.0,montana,l,yellow,winter,3.8,False,credit_card,standard,False,False,7.0,debit_card,annually,1.0,2316,2026-04-25 09:50:22.623131
2318.0,47.0,male,jacket,outerwear,34.0,new_jersey,m,purple,summer,4.7,False,debit_card,next_day_air,False,False,28.0,bank_transfer,monthly,1.0,2317,2026-04-25 09:50:22.623131
2319.0,69.0,male,hoodie,clothing,28.0,wyoming,l,white,spring,3.1,False,paypal,store_pickup,False,False,30.0,credit_card,annually,1.0,2318,2026-04-25 09:50:22.623131
2320.0,56.0,male,sandals,footwear,38.0,maine,xl,turquoise,winter,5.0,False,debit_card,free_shipping,False,False,29.0,paypal,monthly,1.0,2319,2026-04-25 09:50:22.623131
2321.0,28.0,male,shoes,footwear,55.0,new_mexico,m,olive,spring,3.7,False,credit_card,free_shipping,False,False,9.0,debit_card,every_3_months,1.0,2320,2026-04-25 09:50:22.623131
2322.0,50.0,male,sandals,footwear,31.0,colorado,m,beige,winter,3.0,False,paypal,next_day_air,False,False,27.0,debit_card,fortnightly,1.0,2321,2026-04-25 09:50:22.623131
2323.0,39.0,male,coat,outerwear,84.0,connecticut,s,lavender,spring,4.5,False,cash,store_pickup,False,False,21.0,venmo,fortnightly,1.0,2322,2026-04-25 09:50:22.623131
2324.0,35.0,male,gloves,accessories,93.0,maryland,l,white,winter,4.7,False,bank_transfer,express,False,False,36.0,credit_card,monthly,1.0,2323,2026-04-25 09:50:22.623131
2325.0,59.0,male,coat,outerwear,28.0,oregon,l,brown,winter,3.5,False,debit_card,free_shipping,False,False,19.0,debit_card,annually,1.0,2324,2026-04-25 09:50:22.623131
2326.0,44.0,male,boots,footwear,55.0,new_york,m,charcoal,summer,4.4,False,debit_card,2-day_shipping,False,False,47.0,cash,weekly,1.0,2325,2026-04-25 09:50:22.623131
2327.0,66.0,male,skirt,clothing,63.0,oklahoma,l,maroon,winter,2.6,False,cash,standard,False,False,38.0,bank_transfer,annually,1.0,2326,2026-04-25 09:50:22.623131
2328.0,20.0,male,skirt,clothing,94.0,alabama,m,red,winter,4.2,False,credit_card,2-day_shipping,False,False,22.0,venmo,bi-weekly,1.0,2327,2026-04-25 09:50:22.623131
2329.0,45.0,male,pants,clothing,36.0,north_dakota,m,maroon,fall,2.6,False,credit_card,express,False,False,29.0,venmo,bi-weekly,1.0,2328,2026-04-25 09:50:22.623131
2330.0,49.0,male,hat,accessories,97.0,nebraska,s,teal,spring,4.8,False,venmo,free_shipping,False,False,42.0,bank_transfer,annually,1.0,2329,2026-04-25 09:50:22.623131
2331.0,60.0,male,backpack,accessories,63.0,arizona,l,orange,summer,2.9,False,venmo,store_pickup,False,False,47.0,paypal,every_3_months,1.0,2330,2026-04-25 09:50:22.623131
2332.0,61.0,male,scarf,accessories,77.0,illinois,s,olive,spring,4.3,False,credit_card,2-day_shipping,False,False,10.0,credit_card,bi-weekly,1.0,2331,2026-04-25 09:50:22.623131
2333.0,36.0,male,scarf,accessories,53.0,south_carolina,xl,olive,fall,2.6,False,credit_card,store_pickup,False,False,10.0,venmo,monthly,1.0,2332,2026-04-25 09:50:22.623131
2334.0,33.0,male,shirt,clothing,77.0,kansas,m,beige,spring,3.8,False,cash,next_day_air,False,False,1.0,paypal,every_3_months,1.0,2333,2026-04-25 09:50:22.623131
2335.0,49.0,male,boots,footwear,79.0,kansas,l,green,summer,4.2,False,credit_card,standard,False,False,7.0,credit_card,monthly,1.0,2334,2026-04-25 09:50:22.623131
2336.0,31.0,male,coat,outerwear,37.0,idaho,m,black,summer,3.9,False,venmo,store_pickup,False,False,10.0,venmo,fortnightly,1.0,2335,2026-04-25 09:50:22.623131
2337.0,19.0,male,belt,accessories,94.0,california,m,green,winter,3.1,False,cash,free_shipping,False,False,11.0,credit_card,weekly,1.0,2336,2026-04-25 09:50:22.623131
2338.0,39.0,male,boots,footwear,76.0,north_dakota,s,violet,fall,3.6,False,paypal,store_pickup,False,False,5.0,cash,annually,1.0,2337,2026-04-25 09:50:22.623131
2339.0,66.0,male,sneakers,footwear,68.0,georgia,s,silver,fall,4.0,False,paypal,express,False,False,21.0,paypal,quarterly,1.0,2338,2026-04-25 09:50:22.623131
2340.0,25.0,male,shirt,clothing,65.0,illinois,l,maroon,spring,3.4,False,cash,next_day_air,False,False,24.0,bank_transfer,quarterly,1.0,2339,2026-04-25 09:50:22.623131
2341.0,63.0,male,blouse,clothing,24.0,delaware,m,cyan,summer,2.6,False,venmo,standard,False,False,37.0,credit_card,fortnightly,1.0,2340,2026-04-25 09:50:22.623131
2342.0,56.0,male,jacket,outerwear,31.0,connecticut,l,teal,summer,4.5,False,cash,express,False,False,22.0,venmo,every_3_months,1.0,2341,2026-04-25 09:50:22.623131
2343.0,20.0,male,skirt,clothing,89.0,tennessee,m,olive,fall,4.9,False,credit_card,standard,False,False,16.0,debit_card,fortnightly,1.0,2342,2026-04-25 09:50:22.623131
2344.0,58.0,male,socks,clothing,49.0,maryland,m,red,summer,4.4,False,venmo,2-day_shipping,False,False,44.0,paypal,monthly,1.0,2343,2026-04-25 09:50:22.623131
2345.0,34.0,male,sandals,footwear,92.0,rhode_island,xl,lavender,fall,3.5,False,credit_card,express,False,False,14.0,venmo,bi-weekly,1.0,2344,2026-04-25 09:50:22.623131
2346.0,28.0,male,t-shirt,clothing,32.0,new_york,s,orange,winter,3.3,False,bank_transfer,express,False,False,23.0,bank_transfer,every_3_months,1.0,2345,2026-04-25 09:50:22.623131
2347.0,22.0,male,jacket,outerwear,67.0,new_mexico,l,brown,winter,3.1,False,bank_transfer,standard,False,False,46.0,debit_card,fortnightly,1.0,2346,2026-04-25 09:50:22.623131
2348.0,37.0,male,belt,accessories,64.0,california,s,gray,fall,4.2,False,credit_card,express,False,False,46.0,cash,every_3_months,1.0,2347,2026-04-25 09:50:22.623131
2349.0,54.0,male,shoes,footwear,84.0,maine,m,orange,spring,4.9,False,paypal,next_day_air,False,False,16.0,paypal,every_3_months,1.0,2348,2026-04-25 09:50:22.623131
2350.0,65.0,male,blouse,clothing,34.0,new_york,m,orange,fall,3.9,False,venmo,standard,False,False,40.0,credit_card,every_3_months,1.0,2349,2026-04-25 09:50:22.623131
2351.0,57.0,male,shoes,footwear,26.0,hawaii,m,turquoise,winter,4.2,False,bank_transfer,free_shipping,False,False,21.0,cash,annually,1.0,2350,2026-04-25 09:50:22.623131
2352.0,38.0,male,sweater,clothing,50.0,new_hampshire,s,cyan,fall,4.9,False,credit_card,store_pickup,False,False,25.0,paypal,bi-weekly,1.0,2351,2026-04-25 09:50:22.623131
2353.0,70.0,male,boots,footwear,46.0,nebraska,m,yellow,fall,2.8,False,credit_card,store_pickup,False,False,25.0,bank_transfer,quarterly,1.0,2352,2026-04-25 09:50:22.623131
2354.0,56.0,male,handbag,accessories,71.0,montana,m,white,fall,4.1,False,credit_card,standard,False,False,25.0,debit_card,every_3_months,1.0,2353,2026-04-25 09:50:22.623131
2355.0,56.0,male,blouse,clothing,78.0,wisconsin,m,blue,summer,4.8,False,cash,next_day_air,False,False,27.0,venmo,monthly,1.0,2354,2026-04-25 09:50:22.623131
2356.0,22.0,male,skirt,clothing,35.0,tennessee,s,purple,winter,4.1,False,paypal,next_day_air,False,False,12.0,cash,monthly,1.0,2355,2026-04-25 09:50:22.623131
2357.0,57.0,male,backpack,accessories,58.0,montana,m,gray,summer,3.0,False,bank_transfer,free_shipping,False,False,27.0,debit_card,quarterly,1.0,2356,2026-04-25 09:50:22.623131
2358.0,53.0,male,shirt,clothing,67.0,michigan,l,cyan,fall,4.2,False,bank_transfer,2-day_shipping,False,False,40.0,credit_card,bi-weekly,1.0,2357,2026-04-25 09:50:22.623131
2359.0,53.0,male,sweater,clothing,93.0,texas,l,pink,spring,3.8,False,bank_transfer,standard,False,False,38.0,credit_card,quarterly,1.0,2358,2026-04-25 09:50:22.623131
2360.0,19.0,male,scarf,accessories,81.0,pennsylvania,s,gold,spring,3.3,False,venmo,2-day_shipping,False,False,44.0,bank_transfer,every_3_months,1.0,2359,2026-04-25 09:50:22.623131
2361.0,49.0,male,handbag,accessories,80.0,new_york,l,silver,fall,4.7,False,debit_card,2-day_shipping,False,False,27.0,venmo,every_3_months,1.0,2360,2026-04-25 09:50:22.623131
2362.0,44.0,male,scarf,accessories,64.0,alabama,m,gray,spring,4.3,False,cash,2-day_shipping,False,False,30.0,credit_card,every_3_months,1.0,2361,2026-04-25 09:50:22.623131
2363.0,27.0,male,jeans,clothing,41.0,virginia,m,brown,fall,2.7,False,venmo,standard,False,False,24.0,credit_card,monthly,1.0,2362,2026-04-25 09:50:22.623131
2364.0,60.0,male,socks,clothing,79.0,pennsylvania,xl,pink,winter,4.2,False,paypal,express,False,False,38.0,cash,bi-weekly,1.0,2363,2026-04-25 09:50:22.623131
2365.0,62.0,male,sunglasses,accessories,60.0,mississippi,l,maroon,winter,4.2,False,credit_card,free_shipping,False,False,4.0,paypal,quarterly,1.0,2364,2026-04-25 09:50:22.623131
2366.0,52.0,male,sneakers,footwear,91.0,wyoming,s,peach,winter,2.5,False,cash,next_day_air,False,False,32.0,venmo,monthly,1.0,2365,2026-04-25 09:50:22.623131
2367.0,30.0,male,shoes,footwear,66.0,new_mexico,l,brown,winter,3.6,False,paypal,express,False,False,32.0,credit_card,fortnightly,1.0,2366,2026-04-25 09:50:22.623131
2368.0,66.0,male,socks,clothing,85.0,north_dakota,l,green,winter,3.4,False,bank_transfer,standard,False,False,28.0,bank_transfer,bi-weekly,1.0,2367,2026-04-25 09:50:22.623131
2369.0,29.0,male,sunglasses,accessories,38.0,new_jersey,m,lavender,summer,3.3,False,credit_card,standard,False,False,6.0,debit_card,every_3_months,1.0,2368,2026-04-25 09:50:22.623131
2370.0,24.0,male,sweater,clothing,23.0,vermont,m,cyan,winter,4.6,False,debit_card,standard,False,False,24.0,paypal,monthly,1.0,2369,2026-04-25 09:50:22.623131
2371.0,51.0,male,shoes,footwear,71.0,alaska,m,black,spring,3.9,False,debit_card,store_pickup,False,False,38.0,venmo,weekly,1.0,2370,2026-04-25 09:50:22.623131
2372.0,67.0,male,socks,clothing,25.0,indiana,m,charcoal,winter,3.7,False,paypal,next_day_air,False,False,28.0,debit_card,annually,1.0,2371,2026-04-25 09:50:22.623131
2373.0,50.0,male,boots,footwear,39.0,alabama,xl,silver,spring,3.1,False,debit_card,express,False,False,9.0,paypal,fortnightly,1.0,2372,2026-04-25 09:50:22.623131
2374.0,37.0,male,hoodie,clothing,20.0,michigan,m,gray,spring,4.9,False,bank_transfer,express,False,False,21.0,debit_card,every_3_months,1.0,2373,2026-04-25 09:50:22.623131
2375.0,69.0,male,gloves,accessories,73.0,washington,l,peach,winter,4.7,False,cash,standard,False,False,31.0,debit_card,monthly,1.0,2374,2026-04-25 09:50:22.623131
2376.0,60.0,male,backpack,accessories,63.0,virginia,l,peach,fall,2.9,False,paypal,next_day_air,False,False,18.0,credit_card,quarterly,1.0,2375,2026-04-25 09:50:22.623131
2377.0,21.0,male,gloves,accessories,94.0,tennessee,xl,cyan,spring,4.1,False,venmo,express,False,False,5.0,cash,weekly,1.0,2376,2026-04-25 09:50:22.623131
2378.0,44.0,male,blouse,clothing,94.0,south_dakota,l,magenta,fall,4.0,False,venmo,next_day_air,False,False,22.0,cash,annually,1.0,2377,2026-04-25 09:50:22.623131
2379.0,26.0,male,scarf,accessories,71.0,new_hampshire,l,teal,summer,2.7,False,debit_card,store_pickup,False,False,37.0,paypal,bi-weekly,1.0,2378,2026-04-25 09:50:22.623131
2380.0,40.0,male,hat,accessories,77.0,south_dakota,m,peach,spring,4.0,False,credit_card,2-day_shipping,False,False,22.0,debit_card,monthly,1.0,2379,2026-04-25 09:50:22.623131
2381.0,41.0,male,scarf,accessories,66.0,pennsylvania,m,black,fall,2.5,False,credit_card,next_day_air,False,False,36.0,paypal,fortnightly,1.0,2380,2026-04-25 09:50:22.623131
2382.0,62.0,male,sandals,footwear,23.0,wisconsin,m,teal,summer,4.5,False,bank_transfer,free_shipping,False,False,23.0,paypal,annually,1.0,2381,2026-04-25 09:50:22.623131
2383.0,39.0,male,sweater,clothing,60.0,california,m,turquoise,spring,3.9,False,debit_card,express,False,False,44.0,debit_card,weekly,1.0,2382,2026-04-25 09:50:22.623131
2384.0,53.0,male,backpack,accessories,72.0,rhode_island,l,gold,spring,4.9,False,cash,2-day_shipping,False,False,25.0,bank_transfer,annually,1.0,2383,2026-04-25 09:50:22.623131
2385.0,24.0,male,blouse,clothing,35.0,alabama,l,green,winter,3.3,False,debit_card,2-day_shipping,False,False,40.0,paypal,quarterly,1.0,2384,2026-04-25 09:50:22.623131
2386.0,41.0,male,scarf,accessories,31.0,oklahoma,m,brown,fall,3.8,False,venmo,express,False,False,12.0,paypal,weekly,1.0,2385,2026-04-25 09:50:22.623131
2387.0,19.0,male,socks,clothing,33.0,illinois,l,blue,summer,2.9,False,credit_card,standard,False,False,14.0,venmo,monthly,1.0,2386,2026-04-25 09:50:22.623131
2388.0,36.0,male,hat,accessories,95.0,tennessee,m,gold,summer,4.0,False,credit_card,2-day_shipping,False,False,14.0,debit_card,monthly,1.0,2387,2026-04-25 09:50:22.623131
2389.0,21.0,male,dress,clothing,68.0,alabama,m,peach,fall,4.1,False,credit_card,store_pickup,False,False,10.0,debit_card,annually,1.0,2388,2026-04-25 09:50:22.623131
2390.0,25.0,male,coat,outerwear,87.0,kansas,m,violet,spring,3.1,False,cash,store_pickup,False,False,17.0,bank_transfer,every_3_months,1.0,2389,2026-04-25 09:50:22.623131
2391.0,65.0,male,shirt,clothing,64.0,arizona,xl,yellow,winter,4.6,False,debit_card,express,False,False,24.0,debit_card,fortnightly,1.0,2390,2026-04-25 09:50:22.623131
2392.0,42.0,male,shirt,clothing,74.0,michigan,m,black,winter,4.6,False,paypal,next_day_air,False,False,31.0,bank_transfer,quarterly,1.0,2391,2026-04-25 09:50:22.623131
2393.0,40.0,male,jeans,clothing,62.0,missouri,l,silver,spring,2.6,False,cash,2-day_shipping,False,False,36.0,cash,annually,1.0,2392,2026-04-25 09:50:22.623131
2394.0,58.0,male,socks,clothing,97.0,louisiana,m,brown,winter,5.0,False,debit_card,2-day_shipping,False,False,38.0,paypal,every_3_months,1.0,2393,2026-04-25 09:50:22.623131
2395.0,40.0,male,sandals,footwear,47.0,connecticut,l,peach,fall,2.9,False,cash,2-day_shipping,False,False,23.0,debit_card,fortnightly,1.0,2394,2026-04-25 09:50:22.623131
2396.0,62.0,male,blouse,clothing,83.0,connecticut,m,cyan,winter,3.5,False,debit_card,2-day_shipping,False,False,47.0,paypal,bi-weekly,1.0,2395,2026-04-25 09:50:22.623131
2397.0,38.0,male,shirt,clothing,82.0,oregon,m,olive,spring,3.7,False,credit_card,2-day_shipping,False,False,20.0,venmo,weekly,1.0,2396,2026-04-25 09:50:22.623131
2398.0,37.0,male,sunglasses,accessories,26.0,west_virginia,l,black,fall,2.9,False,bank_transfer,store_pickup,False,False,41.0,venmo,monthly,1.0,2397,2026-04-25 09:50:22.623131
2399.0,65.0,male,jacket,outerwear,81.0,florida,m,orange,winter,4.3,False,paypal,free_shipping,False,False,44.0,bank_transfer,fortnightly,1.0,2398,2026-04-25 09:50:22.623131
2400.0,55.0,male,dress,clothing,44.0,new_hampshire,l,beige,spring,3.2,False,debit_card,store_pickup,False,False,31.0,cash,monthly,1.0,2399,2026-04-25 09:50:22.623131
2401.0,43.0,male,sunglasses,accessories,88.0,oregon,m,peach,winter,4.2,False,paypal,next_day_air,False,False,11.0,credit_card,bi-weekly,1.0,2400,2026-04-25 09:50:22.623131
2402.0,43.0,male,boots,footwear,76.0,oregon,m,pink,winter,4.2,False,cash,standard,False,False,25.0,paypal,bi-weekly,1.0,2401,2026-04-25 09:50:22.623131
2403.0,45.0,male,scarf,accessories,89.0,utah,m,brown,winter,3.8,False,paypal,free_shipping,False,False,31.0,cash,weekly,1.0,2402,2026-04-25 09:50:22.623131
2404.0,64.0,male,shorts,clothing,22.0,missouri,m,magenta,fall,4.4,False,bank_transfer,standard,False,False,40.0,debit_card,weekly,1.0,2403,2026-04-25 09:50:22.623131
2405.0,28.0,male,shorts,clothing,33.0,west_virginia,l,cyan,winter,3.1,False,venmo,2-day_shipping,False,False,23.0,credit_card,bi-weekly,1.0,2404,2026-04-25 09:50:22.623131
2406.0,69.0,male,jeans,clothing,97.0,california,xl,silver,fall,5.0,False,venmo,standard,False,False,5.0,debit_card,quarterly,1.0,2405,2026-04-25 09:50:22.623131
2407.0,54.0,male,scarf,accessories,57.0,california,m,indigo,winter,4.7,False,venmo,standard,False,False,26.0,paypal,weekly,1.0,2406,2026-04-25 09:50:22.623131
2408.0,52.0,male,shorts,clothing,38.0,illinois,m,beige,summer,3.0,False,credit_card,express,False,False,11.0,credit_card,bi-weekly,1.0,2407,2026-04-25 09:50:22.623131
2409.0,23.0,male,sneakers,footwear,55.0,hawaii,xl,black,fall,4.2,False,paypal,next_day_air,False,False,44.0,debit_card,every_3_months,1.0,2408,2026-04-25 09:50:22.623131
2410.0,26.0,male,jewelry,accessories,37.0,washington,l,yellow,spring,3.0,False,credit_card,store_pickup,False,False,47.0,cash,every_3_months,1.0,2409,2026-04-25 09:50:22.623131
2411.0,48.0,male,shoes,footwear,43.0,wisconsin,m,maroon,summer,3.7,False,venmo,free_shipping,False,False,46.0,paypal,monthly,1.0,2410,2026-04-25 09:50:22.623131
2412.0,49.0,male,hoodie,clothing,96.0,virginia,m,cyan,summer,2.7,False,debit_card,free_shipping,False,False,35.0,cash,every_3_months,1.0,2411,2026-04-25 09:50:22.623131
2413.0,53.0,male,jacket,outerwear,51.0,oregon,m,pink,winter,4.3,False,debit_card,2-day_shipping,False,False,8.0,bank_transfer,bi-weekly,1.0,2412,2026-04-25 09:50:22.623131
2414.0,69.0,male,shorts,clothing,95.0,pennsylvania,xl,violet,fall,2.7,False,bank_transfer,2-day_shipping,False,False,30.0,bank_transfer,weekly,1.0,2413,2026-04-25 09:50:22.623131
2415.0,26.0,male,socks,clothing,26.0,virginia,m,lavender,summer,3.7,False,paypal,next_day_air,False,False,14.0,credit_card,bi-weekly,1.0,2414,2026-04-25 09:50:22.623131
2416.0,21.0,male,coat,outerwear,34.0,hawaii,xl,lavender,fall,4.3,False,cash,standard,False,False,30.0,bank_transfer,weekly,1.0,2415,2026-04-25 09:50:22.623131
2417.0,59.0,male,sandals,footwear,83.0,nebraska,s,black,summer,4.0,False,cash,next_day_air,False,False,26.0,credit_card,every_3_months,1.0,2416,2026-04-25 09:50:22.623131
2418.0,21.0,male,backpack,accessories,24.0,alaska,m,olive,fall,3.3,False,bank_transfer,standard,False,False,32.0,venmo,fortnightly,1.0,2417,2026-04-25 09:50:22.623131
2419.0,22.0,male,pants,clothing,69.0,michigan,s,indigo,fall,4.0,False,bank_transfer,next_day_air,False,False,47.0,cash,every_3_months,1.0,2418,2026-04-25 09:50:22.623131
2420.0,26.0,male,sweater,clothing,40.0,north_carolina,m,blue,fall,2.7,False,venmo,next_day_air,False,False,11.0,credit_card,every_3_months,1.0,2419,2026-04-25 09:50:22.623131
2421.0,41.0,male,jacket,outerwear,87.0,north_carolina,s,green,winter,4.2,False,paypal,free_shipping,False,False,28.0,paypal,annually,1.0,2420,2026-04-25 09:50:22.623131
2422.0,37.0,male,sneakers,footwear,46.0,minnesota,l,pink,spring,4.6,False,paypal,standard,False,False,2.0,debit_card,every_3_months,1.0,2421,2026-04-25 09:50:22.623131
2423.0,30.0,male,jewelry,accessories,82.0,georgia,m,peach,winter,4.8,False,credit_card,store_pickup,False,False,45.0,credit_card,weekly,1.0,2422,2026-04-25 09:50:22.623131
2424.0,49.0,male,backpack,accessories,81.0,west_virginia,m,purple,summer,2.8,False,paypal,free_shipping,False,False,7.0,credit_card,every_3_months,1.0,2423,2026-04-25 09:50:22.623131
2425.0,49.0,male,jewelry,accessories,57.0,delaware,m,peach,winter,4.5,False,debit_card,next_day_air,False,False,28.0,bank_transfer,bi-weekly,1.0,2424,2026-04-25 09:50:22.623131
2426.0,58.0,male,shoes,footwear,49.0,north_dakota,s,olive,summer,3.0,False,venmo,2-day_shipping,False,False,34.0,bank_transfer,quarterly,1.0,2425,2026-04-25 09:50:22.623131
2427.0,70.0,male,jacket,outerwear,42.0,florida,m,olive,fall,4.6,False,venmo,free_shipping,False,False,26.0,debit_card,every_3_months,1.0,2426,2026-04-25 09:50:22.623131
2428.0,27.0,male,jacket,outerwear,26.0,oregon,m,purple,spring,3.3,False,debit_card,standard,False,False,45.0,cash,quarterly,1.0,2427,2026-04-25 09:50:22.623131
2429.0,65.0,male,t-shirt,clothing,38.0,idaho,m,violet,spring,4.4,False,paypal,next_day_air,False,False,34.0,debit_card,annually,1.0,2428,2026-04-25 09:50:22.623131
2430.0,57.0,male,sneakers,footwear,57.0,virginia,xl,maroon,summer,4.4,False,paypal,standard,False,False,47.0,credit_card,fortnightly,1.0,2429,2026-04-25 09:50:22.623131
2431.0,20.0,male,jacket,outerwear,100.0,north_dakota,xl,white,summer,4.3,False,cash,express,False,False,42.0,cash,quarterly,1.0,2430,2026-04-25 09:50:22.623131
2432.0,34.0,male,hoodie,clothing,73.0,alabama,s,olive,fall,3.4,False,cash,express,False,False,27.0,bank_transfer,every_3_months,1.0,2431,2026-04-25 09:50:22.623131
2433.0,59.0,male,jacket,outerwear,66.0,hawaii,m,peach,winter,2.8,False,paypal,store_pickup,False,False,43.0,venmo,monthly,1.0,2432,2026-04-25 09:50:22.623131
2434.0,54.0,male,t-shirt,clothing,73.0,oregon,m,blue,spring,3.4,False,cash,standard,False,False,16.0,cash,bi-weekly,1.0,2433,2026-04-25 09:50:22.623131
2435.0,36.0,male,gloves,accessories,45.0,utah,m,brown,spring,5.0,False,cash,store_pickup,False,False,40.0,credit_card,monthly,1.0,2434,2026-04-25 09:50:22.623131
2436.0,21.0,male,sneakers,footwear,27.0,hawaii,s,black,fall,4.5,False,cash,free_shipping,False,False,29.0,cash,bi-weekly,1.0,2435,2026-04-25 09:50:22.623131
2437.0,52.0,male,t-shirt,clothing,24.0,connecticut,m,yellow,fall,2.7,False,credit_card,store_pickup,False,False,38.0,credit_card,quarterly,1.0,2436,2026-04-25 09:50:22.623131
2438.0,43.0,male,sneakers,footwear,59.0,wyoming,xl,magenta,winter,3.4,False,credit_card,store_pickup,False,False,34.0,credit_card,weekly,1.0,2437,2026-04-25 09:50:22.623131
2439.0,32.0,male,jeans,clothing,20.0,delaware,s,cyan,winter,3.4,False,cash,express,False,False,30.0,venmo,weekly,1.0,2438,2026-04-25 09:50:22.623131
2440.0,55.0,male,handbag,accessories,44.0,arkansas,m,maroon,summer,2.8,False,cash,standard,False,False,45.0,bank_transfer,annually,1.0,2439,2026-04-25 09:50:22.623131
2441.0,31.0,male,socks,clothing,90.0,indiana,m,red,spring,4.7,False,bank_transfer,standard,False,False,47.0,bank_transfer,annually,1.0,2440,2026-04-25 09:50:22.623131
2442.0,45.0,male,jewelry,accessories,36.0,california,m,black,fall,4.7,False,credit_card,free_shipping,False,False,5.0,credit_card,monthly,1.0,2441,2026-04-25 09:50:22.623131
2443.0,53.0,male,blouse,clothing,95.0,wyoming,l,violet,winter,4.7,False,paypal,free_shipping,False,False,50.0,debit_card,bi-weekly,1.0,2442,2026-04-25 09:50:22.623131
2444.0,24.0,male,backpack,accessories,30.0,south_dakota,m,green,spring,3.4,False,venmo,2-day_shipping,False,False,24.0,bank_transfer,bi-weekly,1.0,2443,2026-04-25 09:50:22.623131
2445.0,47.0,male,scarf,accessories,65.0,west_virginia,s,gold,fall,3.7,False,cash,express,False,False,15.0,debit_card,bi-weekly,1.0,2444,2026-04-25 09:50:22.623131
2446.0,63.0,male,scarf,accessories,96.0,tennessee,m,brown,summer,4.1,False,paypal,store_pickup,False,False,50.0,cash,weekly,1.0,2445,2026-04-25 09:50:22.623131
2447.0,38.0,male,shirt,clothing,65.0,alaska,l,peach,spring,2.9,False,cash,2-day_shipping,False,False,7.0,credit_card,monthly,1.0,2446,2026-04-25 09:50:22.623131
2448.0,59.0,male,pants,clothing,47.0,south_dakota,l,peach,fall,3.2,False,venmo,store_pickup,False,False,10.0,venmo,fortnightly,1.0,2447,2026-04-25 09:50:22.623131
2449.0,54.0,male,hat,accessories,25.0,tennessee,s,violet,fall,3.0,False,bank_transfer,free_shipping,False,False,38.0,paypal,bi-weekly,1.0,2448,2026-04-25 09:50:22.623131
2450.0,26.0,male,coat,outerwear,56.0,alabama,s,violet,fall,4.1,False,debit_card,express,False,False,31.0,venmo,fortnightly,1.0,2449,2026-04-25 09:50:22.623131
2451.0,68.0,male,t-shirt,clothing,76.0,north_carolina,m,magenta,fall,4.5,False,venmo,standard,False,False,7.0,venmo,quarterly,1.0,2450,2026-04-25 09:50:22.623131
2452.0,41.0,male,socks,clothing,60.0,oklahoma,m,purple,fall,3.4,False,debit_card,store_pickup,False,False,27.0,venmo,monthly,1.0,2451,2026-04-25 09:50:22.623131
2453.0,68.0,male,shirt,clothing,67.0,new_york,l,purple,winter,4.1,False,venmo,express,False,False,45.0,bank_transfer,every_3_months,1.0,2452,2026-04-25 09:50:22.623131
2454.0,21.0,male,sweater,clothing,95.0,iowa,xl,cyan,spring,4.6,False,paypal,store_pickup,False,False,13.0,cash,annually,1.0,2453,2026-04-25 09:50:22.623131
2455.0,32.0,male,gloves,accessories,72.0,alaska,m,magenta,winter,4.6,False,bank_transfer,express,False,False,33.0,venmo,annually,1.0,2454,2026-04-25 09:50:22.623131
2456.0,20.0,male,belt,accessories,98.0,alaska,l,lavender,spring,3.4,False,paypal,express,False,False,25.0,cash,every_3_months,1.0,2455,2026-04-25 09:50:22.623131
2457.0,59.0,male,jeans,clothing,83.0,nebraska,m,green,winter,3.3,False,credit_card,2-day_shipping,False,False,5.0,paypal,monthly,1.0,2456,2026-04-25 09:50:22.623131
2458.0,53.0,male,handbag,accessories,37.0,delaware,m,maroon,fall,3.6,False,paypal,2-day_shipping,False,False,23.0,cash,quarterly,1.0,2457,2026-04-25 09:50:22.623131
2459.0,66.0,male,t-shirt,clothing,85.0,texas,l,turquoise,fall,4.6,False,bank_transfer,free_shipping,False,False,17.0,bank_transfer,weekly,1.0,2458,2026-04-25 09:50:22.623131
2460.0,47.0,male,socks,clothing,36.0,missouri,l,violet,fall,4.3,False,paypal,2-day_shipping,False,False,14.0,cash,weekly,1.0,2459,2026-04-25 09:50:22.623131
2461.0,58.0,male,jeans,clothing,36.0,maine,s,lavender,winter,4.0,False,venmo,store_pickup,False,False,28.0,credit_card,annually,1.0,2460,2026-04-25 09:50:22.623131
2462.0,28.0,male,scarf,accessories,86.0,pennsylvania,l,red,summer,4.8,False,paypal,next_day_air,False,False,19.0,credit_card,weekly,1.0,2461,2026-04-25 09:50:22.623131
2463.0,68.0,male,pants,clothing,99.0,missouri,xl,orange,spring,4.3,False,venmo,standard,False,False,31.0,bank_transfer,bi-weekly,1.0,2462,2026-04-25 09:50:22.623131
2464.0,60.0,male,blouse,clothing,21.0,mississippi,xl,indigo,summer,3.3,False,bank_transfer,standard,False,False,25.0,cash,bi-weekly,1.0,2463,2026-04-25 09:50:22.623131
2465.0,47.0,male,jacket,outerwear,84.0,hawaii,l,teal,winter,2.8,False,debit_card,express,False,False,4.0,cash,bi-weekly,1.0,2464,2026-04-25 09:50:22.623131
2466.0,18.0,male,sandals,footwear,63.0,texas,m,brown,spring,4.4,False,cash,free_shipping,False,False,20.0,bank_transfer,weekly,1.0,2465,2026-04-25 09:50:22.623131
2467.0,32.0,male,shorts,clothing,84.0,south_dakota,s,pink,summer,3.7,False,cash,express,False,False,37.0,cash,annually,1.0,2466,2026-04-25 09:50:22.623131
2468.0,27.0,male,shorts,clothing,72.0,new_jersey,m,lavender,spring,3.6,False,debit_card,express,False,False,28.0,credit_card,annually,1.0,2467,2026-04-25 09:50:22.623131
2469.0,65.0,male,skirt,clothing,21.0,connecticut,l,cyan,winter,3.7,False,credit_card,2-day_shipping,False,False,6.0,venmo,weekly,1.0,2468,2026-04-25 09:50:22.623131
2470.0,68.0,male,sandals,footwear,92.0,maryland,m,yellow,fall,5.0,False,cash,standard,False,False,27.0,paypal,annually,1.0,2469,2026-04-25 09:50:22.623131
2471.0,55.0,male,blouse,clothing,72.0,arizona,xl,pink,fall,2.7,False,cash,next_day_air,False,False,29.0,credit_card,fortnightly,1.0,2470,2026-04-25 09:50:22.623131
2472.0,30.0,male,sandals,footwear,83.0,oklahoma,m,gray,spring,4.3,False,cash,store_pickup,False,False,1.0,cash,annually,1.0,2471,2026-04-25 09:50:22.623131
2473.0,24.0,male,shirt,clothing,73.0,utah,m,peach,summer,4.1,False,bank_transfer,standard,False,False,31.0,credit_card,annually,1.0,2472,2026-04-25 09:50:22.623131
2474.0,57.0,male,socks,clothing,98.0,arkansas,m,red,winter,2.6,False,cash,next_day_air,False,False,28.0,cash,quarterly,1.0,2473,2026-04-25 09:50:22.623131
2475.0,23.0,male,t-shirt,clothing,76.0,north_carolina,m,olive,fall,3.2,False,cash,store_pickup,False,False,19.0,bank_transfer,quarterly,1.0,2474,2026-04-25 09:50:22.623131
2476.0,69.0,male,dress,clothing,43.0,california,s,lavender,summer,3.5,False,bank_transfer,next_day_air,False,False,36.0,venmo,monthly,1.0,2475,2026-04-25 09:50:22.623131
2477.0,60.0,male,hat,accessories,60.0,colorado,m,turquoise,summer,3.7,False,debit_card,next_day_air,False,False,28.0,cash,monthly,1.0,2476,2026-04-25 09:50:22.623131
2478.0,25.0,male,gloves,accessories,40.0,california,l,turquoise,spring,3.8,False,debit_card,2-day_shipping,False,False,29.0,paypal,weekly,1.0,2477,2026-04-25 09:50:22.623131
2479.0,18.0,male,socks,clothing,93.0,vermont,s,maroon,winter,4.8,False,cash,2-day_shipping,False,False,9.0,bank_transfer,every_3_months,1.0,2478,2026-04-25 09:50:22.623131
2480.0,37.0,male,dress,clothing,98.0,kansas,s,olive,fall,4.2,False,venmo,standard,False,False,26.0,credit_card,every_3_months,1.0,2479,2026-04-25 09:50:22.623131
2481.0,61.0,male,socks,clothing,91.0,ohio,xl,maroon,summer,2.9,False,debit_card,next_day_air,False,False,7.0,credit_card,fortnightly,1.0,2480,2026-04-25 09:50:22.623131
2482.0,41.0,male,belt,accessories,92.0,new_jersey,xl,cyan,fall,2.9,False,venmo,free_shipping,False,False,35.0,debit_card,weekly,1.0,2481,2026-04-25 09:50:22.623131
2483.0,69.0,male,handbag,accessories,87.0,arizona,s,peach,winter,4.8,False,paypal,next_day_air,False,False,46.0,credit_card,every_3_months,1.0,2482,2026-04-25 09:50:22.623131
2484.0,32.0,male,skirt,clothing,96.0,arizona,s,teal,fall,2.9,False,paypal,standard,False,False,8.0,debit_card,monthly,1.0,2483,2026-04-25 09:50:22.623131
2485.0,60.0,male,hoodie,clothing,97.0,new_hampshire,m,green,summer,4.8,False,bank_transfer,2-day_shipping,False,False,50.0,cash,every_3_months,1.0,2484,2026-04-25 09:50:22.623131
2486.0,43.0,male,blouse,clothing,55.0,louisiana,m,beige,spring,4.6,False,credit_card,2-day_shipping,False,False,37.0,bank_transfer,annually,1.0,2485,2026-04-25 09:50:22.623131
2487.0,61.0,male,jeans,clothing,58.0,texas,l,magenta,spring,4.4,False,credit_card,store_pickup,False,False,6.0,credit_card,fortnightly,1.0,2486,2026-04-25 09:50:22.623131
2488.0,57.0,male,boots,footwear,21.0,montana,l,violet,spring,3.0,False,paypal,next_day_air,False,False,16.0,paypal,bi-weekly,1.0,2487,2026-04-25 09:50:22.623131
2489.0,56.0,male,handbag,accessories,82.0,new_hampshire,xl,charcoal,summer,4.4,False,credit_card,express,False,False,30.0,paypal,monthly,1.0,2488,2026-04-25 09:50:22.623131
2490.0,66.0,male,coat,outerwear,34.0,south_dakota,m,green,winter,3.9,False,credit_card,express,False,False,50.0,venmo,quarterly,1.0,2489,2026-04-25 09:50:22.623131
2491.0,52.0,male,blouse,clothing,78.0,montana,m,gray,spring,4.0,False,paypal,free_shipping,False,False,5.0,cash,every_3_months,1.0,2490,2026-04-25 09:50:22.623131
2492.0,63.0,male,handbag,accessories,47.0,north_carolina,m,magenta,spring,2.5,False,debit_card,express,False,False,15.0,bank_transfer,monthly,1.0,2491,2026-04-25 09:50:22.623131
2493.0,50.0,male,sunglasses,accessories,96.0,south_dakota,s,silver,summer,4.1,False,venmo,next_day_air,False,False,34.0,bank_transfer,bi-weekly,1.0,2492,2026-04-25 09:50:22.623131
2494.0,21.0,male,socks,clothing,23.0,maine,s,beige,fall,4.8,False,cash,2-day_shipping,False,False,6.0,venmo,every_3_months,1.0,2493,2026-04-25 09:50:22.623131
2495.0,42.0,male,shoes,footwear,27.0,oklahoma,s,peach,winter,2.6,False,paypal,store_pickup,False,False,26.0,debit_card,annually,1.0,2494,2026-04-25 09:50:22.623131
2496.0,40.0,male,backpack,accessories,37.0,nebraska,xl,orange,spring,3.1,False,bank_transfer,free_shipping,False,False,34.0,credit_card,every_3_months,1.0,2495,2026-04-25 09:50:22.623131
2497.0,67.0,male,scarf,accessories,79.0,illinois,s,yellow,summer,3.2,False,bank_transfer,store_pickup,False,False,37.0,credit_card,weekly,1.0,2496,2026-04-25 09:50:22.623131
2498.0,35.0,male,backpack,accessories,40.0,colorado,m,violet,summer,4.2,False,bank_transfer,standard,False,False,28.0,bank_transfer,annually,1.0,2497,2026-04-25 09:50:22.623131
2499.0,18.0,male,coat,outerwear,39.0,massachusetts,s,green,fall,2.6,False,cash,next_day_air,False,False,38.0,cash,fortnightly,1.0,2498,2026-04-25 09:50:22.623131
2500.0,52.0,male,hoodie,clothing,73.0,louisiana,l,pink,summer,3.1,False,debit_card,next_day_air,False,False,2.0,cash,quarterly,1.0,2499,2026-04-25 09:50:22.623131
2501.0,59.0,male,gloves,accessories,84.0,massachusetts,m,violet,fall,2.9,False,credit_card,store_pickup,False,False,32.0,cash,bi-weekly,1.0,2500,2026-04-25 09:50:22.623131
2502.0,49.0,male,shorts,clothing,94.0,west_virginia,m,violet,fall,4.6,False,cash,free_shipping,False,False,30.0,venmo,bi-weekly,1.0,2501,2026-04-25 09:50:22.623131
2503.0,46.0,male,skirt,clothing,47.0,idaho,l,pink,spring,4.1,False,cash,standard,False,False,17.0,paypal,every_3_months,1.0,2502,2026-04-25 09:50:22.623131
2504.0,69.0,male,boots,footwear,77.0,ohio,m,violet,summer,2.5,False,paypal,store_pickup,False,False,5.0,debit_card,bi-weekly,1.0,2503,2026-04-25 09:50:22.623131
2505.0,56.0,male,shorts,clothing,94.0,rhode_island,m,turquoise,winter,4.0,False,credit_card,store_pickup,False,False,31.0,cash,bi-weekly,1.0,2504,2026-04-25 09:50:22.623131
2506.0,27.0,male,handbag,accessories,75.0,illinois,m,cyan,summer,3.5,False,paypal,express,False,False,43.0,paypal,quarterly,1.0,2505,2026-04-25 09:50:22.623131
2507.0,57.0,male,dress,clothing,82.0,new_york,xl,orange,spring,4.4,False,debit_card,free_shipping,False,False,19.0,venmo,annually,1.0,2506,2026-04-25 09:50:22.623131
2508.0,58.0,male,shoes,footwear,36.0,louisiana,m,cyan,fall,2.9,False,paypal,store_pickup,False,False,32.0,credit_card,every_3_months,1.0,2507,2026-04-25 09:50:22.623131
2509.0,23.0,male,sneakers,footwear,90.0,california,xl,indigo,spring,3.1,False,cash,2-day_shipping,False,False,5.0,debit_card,bi-weekly,1.0,2508,2026-04-25 09:50:22.623131
2510.0,19.0,male,socks,clothing,48.0,washington,m,black,spring,4.4,False,paypal,free_shipping,False,False,9.0,bank_transfer,quarterly,1.0,2509,2026-04-25 09:50:22.623131
2511.0,40.0,male,jacket,outerwear,42.0,south_dakota,l,purple,winter,4.4,False,cash,standard,False,False,48.0,credit_card,weekly,1.0,2510,2026-04-25 09:50:22.623131
2512.0,54.0,male,backpack,accessories,33.0,idaho,m,cyan,summer,2.7,False,debit_card,store_pickup,False,False,1.0,paypal,quarterly,1.0,2511,2026-04-25 09:50:22.623131
2513.0,50.0,male,socks,clothing,63.0,north_dakota,m,green,summer,4.9,False,credit_card,free_shipping,False,False,20.0,credit_card,monthly,1.0,2512,2026-04-25 09:50:22.623131
2514.0,69.0,male,handbag,accessories,53.0,washington,l,teal,winter,3.5,False,debit_card,2-day_shipping,False,False,42.0,cash,annually,1.0,2513,2026-04-25 09:50:22.623131
2515.0,42.0,male,hat,accessories,37.0,alaska,l,teal,spring,4.8,False,debit_card,free_shipping,False,False,45.0,paypal,bi-weekly,1.0,2514,2026-04-25 09:50:22.623131
2516.0,37.0,male,blouse,clothing,92.0,kansas,m,magenta,summer,4.2,False,bank_transfer,2-day_shipping,False,False,41.0,cash,monthly,1.0,2515,2026-04-25 09:50:22.623131
2517.0,46.0,male,shorts,clothing,73.0,utah,xl,brown,spring,4.6,False,bank_transfer,standard,False,False,36.0,debit_card,quarterly,1.0,2516,2026-04-25 09:50:22.623131
2518.0,64.0,male,shirt,clothing,38.0,wyoming,l,orange,spring,2.9,False,credit_card,standard,False,False,10.0,venmo,annually,1.0,2517,2026-04-25 09:50:22.623131
2519.0,20.0,male,boots,footwear,51.0,maine,xl,blue,fall,4.0,False,paypal,store_pickup,False,False,31.0,venmo,annually,1.0,2518,2026-04-25 09:50:22.623131
2520.0,40.0,male,jacket,outerwear,90.0,michigan,l,magenta,spring,4.9,False,credit_card,standard,False,False,21.0,credit_card,quarterly,1.0,2519,2026-04-25 09:50:22.623131
2521.0,64.0,male,jacket,outerwear,56.0,illinois,l,magenta,summer,3.1,False,bank_transfer,next_day_air,False,False,16.0,cash,every_3_months,1.0,2520,2026-04-25 09:50:22.623131
2522.0,29.0,male,handbag,accessories,33.0,minnesota,m,magenta,fall,4.4,False,debit_card,standard,False,False,18.0,paypal,every_3_months,1.0,2521,2026-04-25 09:50:22.623131
2523.0,20.0,male,belt,accessories,53.0,massachusetts,s,olive,winter,2.5,False,cash,2-day_shipping,False,False,20.0,debit_card,weekly,1.0,2522,2026-04-25 09:50:22.623131
2524.0,43.0,male,handbag,accessories,24.0,new_jersey,s,cyan,spring,3.4,False,cash,express,False,False,21.0,bank_transfer,annually,1.0,2523,2026-04-25 09:50:22.623131
2525.0,60.0,male,coat,outerwear,59.0,kansas,m,purple,spring,3.7,False,venmo,express,False,False,23.0,credit_card,quarterly,1.0,2524,2026-04-25 09:50:22.623131
2526.0,39.0,male,sweater,clothing,72.0,kentucky,m,purple,winter,4.2,False,paypal,standard,False,False,20.0,paypal,weekly,1.0,2525,2026-04-25 09:50:22.623131
2527.0,47.0,male,shorts,clothing,28.0,rhode_island,s,peach,spring,3.4,False,bank_transfer,express,False,False,30.0,paypal,bi-weekly,1.0,2526,2026-04-25 09:50:22.623131
2528.0,19.0,male,pants,clothing,36.0,illinois,m,gold,fall,3.6,False,cash,express,False,False,33.0,bank_transfer,every_3_months,1.0,2527,2026-04-25 09:50:22.623131
2529.0,52.0,male,jewelry,accessories,47.0,alabama,s,peach,fall,4.7,False,bank_transfer,2-day_shipping,False,False,31.0,debit_card,monthly,1.0,2528,2026-04-25 09:50:22.623131
2530.0,34.0,male,gloves,accessories,62.0,tennessee,m,magenta,spring,4.7,False,cash,next_day_air,False,False,48.0,bank_transfer,monthly,1.0,2529,2026-04-25 09:50:22.623131
2531.0,25.0,male,skirt,clothing,98.0,massachusetts,s,cyan,spring,3.6,False,debit_card,free_shipping,False,False,28.0,debit_card,weekly,1.0,2530,2026-04-25 09:50:22.623131
2532.0,43.0,male,sandals,footwear,28.0,texas,m,violet,summer,4.6,False,paypal,free_shipping,False,False,7.0,cash,every_3_months,1.0,2531,2026-04-25 09:50:22.623131
2533.0,55.0,male,socks,clothing,86.0,nebraska,s,charcoal,summer,2.6,False,paypal,next_day_air,False,False,4.0,debit_card,weekly,1.0,2532,2026-04-25 09:50:22.623131
2534.0,66.0,male,jewelry,accessories,46.0,pennsylvania,s,blue,summer,3.1,False,venmo,standard,False,False,49.0,cash,bi-weekly,1.0,2533,2026-04-25 09:50:22.623131
2535.0,41.0,male,sunglasses,accessories,42.0,virginia,xl,red,fall,3.2,False,paypal,free_shipping,False,False,22.0,cash,weekly,1.0,2534,2026-04-25 09:50:22.623131
2536.0,47.0,male,coat,outerwear,80.0,vermont,s,purple,winter,3.9,False,bank_transfer,express,False,False,39.0,bank_transfer,fortnightly,1.0,2535,2026-04-25 09:50:22.623131
2537.0,51.0,male,belt,accessories,39.0,oklahoma,l,gray,spring,4.9,False,bank_transfer,express,False,False,45.0,paypal,every_3_months,1.0,2536,2026-04-25 09:50:22.623131
2538.0,44.0,male,coat,outerwear,49.0,maine,m,purple,summer,4.1,False,debit_card,2-day_shipping,False,False,30.0,paypal,fortnightly,1.0,2537,2026-04-25 09:50:22.623131
2539.0,18.0,male,scarf,accessories,32.0,new_jersey,m,silver,summer,4.2,False,venmo,next_day_air,False,False,33.0,credit_card,bi-weekly,1.0,2538,2026-04-25 09:50:22.623131
2540.0,33.0,male,sandals,footwear,73.0,massachusetts,m,purple,fall,4.1,False,paypal,next_day_air,False,False,24.0,cash,bi-weekly,1.0,2539,2026-04-25 09:50:22.623131
2541.0,24.0,male,belt,accessories,42.0,new_jersey,m,charcoal,summer,3.9,False,paypal,free_shipping,False,False,11.0,debit_card,quarterly,1.0,2540,2026-04-25 09:50:22.623131
2542.0,33.0,male,scarf,accessories,58.0,washington,m,silver,spring,2.7,False,venmo,next_day_air,False,False,13.0,venmo,every_3_months,1.0,2541,2026-04-25 09:50:22.623131
2543.0,61.0,male,jewelry,accessories,22.0,arkansas,m,white,winter,3.7,False,paypal,express,False,False,27.0,paypal,annually,1.0,2542,2026-04-25 09:50:22.623131
2544.0,27.0,male,scarf,accessories,56.0,west_virginia,l,peach,spring,2.7,False,debit_card,next_day_air,False,False,30.0,paypal,bi-weekly,1.0,2543,2026-04-25 09:50:22.623131
2545.0,46.0,male,pants,clothing,70.0,delaware,m,red,spring,2.5,False,cash,next_day_air,False,False,39.0,venmo,quarterly,1.0,2544,2026-04-25 09:50:22.623131
2546.0,38.0,male,shoes,footwear,50.0,texas,l,olive,spring,3.9,False,bank_transfer,free_shipping,False,False,10.0,debit_card,annually,1.0,2545,2026-04-25 09:50:22.623131
2547.0,63.0,male,boots,footwear,21.0,texas,l,gray,summer,3.0,False,venmo,express,False,False,4.0,credit_card,quarterly,1.0,2546,2026-04-25 09:50:22.623131
2548.0,47.0,male,jacket,outerwear,97.0,mississippi,m,beige,summer,3.2,False,bank_transfer,2-day_shipping,False,False,16.0,cash,weekly,1.0,2547,2026-04-25 09:50:22.623131
2549.0,42.0,male,backpack,accessories,63.0,texas,l,pink,winter,3.8,False,credit_card,standard,False,False,34.0,credit_card,monthly,1.0,2548,2026-04-25 09:50:22.623131
2550.0,41.0,male,jacket,outerwear,60.0,virginia,m,red,fall,2.7,False,credit_card,standard,False,False,11.0,debit_card,every_3_months,1.0,2549,2026-04-25 09:50:22.623131
2551.0,53.0,male,boots,footwear,52.0,new_hampshire,xl,peach,fall,3.0,False,credit_card,store_pickup,False,False,30.0,debit_card,fortnightly,1.0,2550,2026-04-25 09:50:22.623131
2552.0,29.0,male,shoes,footwear,32.0,minnesota,m,maroon,winter,4.1,False,cash,next_day_air,False,False,40.0,debit_card,annually,1.0,2551,2026-04-25 09:50:22.623131
2553.0,61.0,male,belt,accessories,48.0,maryland,xl,purple,spring,3.2,False,cash,2-day_shipping,False,False,13.0,credit_card,annually,1.0,2552,2026-04-25 09:50:22.623131
2554.0,69.0,male,jewelry,accessories,25.0,vermont,m,maroon,summer,4.5,False,cash,store_pickup,False,False,28.0,venmo,every_3_months,1.0,2553,2026-04-25 09:50:22.623131
2555.0,51.0,male,jewelry,accessories,68.0,kansas,m,gray,summer,4.3,False,bank_transfer,store_pickup,False,False,49.0,debit_card,bi-weekly,1.0,2554,2026-04-25 09:50:22.623131
2556.0,24.0,male,pants,clothing,74.0,idaho,m,gray,fall,3.5,False,paypal,standard,False,False,23.0,credit_card,weekly,1.0,2555,2026-04-25 09:50:22.623131
2557.0,24.0,male,t-shirt,clothing,88.0,montana,xl,magenta,fall,3.1,False,paypal,standard,False,False,4.0,bank_transfer,quarterly,1.0,2556,2026-04-25 09:50:22.623131
2558.0,70.0,male,shorts,clothing,23.0,oklahoma,l,cyan,spring,3.9,False,venmo,standard,False,False,17.0,paypal,fortnightly,1.0,2557,2026-04-25 09:50:22.623131
2559.0,49.0,male,hoodie,clothing,32.0,california,m,silver,fall,2.7,False,cash,express,False,False,24.0,paypal,fortnightly,1.0,2558,2026-04-25 09:50:22.623131
2560.0,48.0,male,belt,accessories,71.0,mississippi,s,green,winter,4.0,False,venmo,free_shipping,False,False,21.0,debit_card,every_3_months,1.0,2559,2026-04-25 09:50:22.623131
2561.0,58.0,male,boots,footwear,62.0,california,m,violet,spring,2.7,False,debit_card,next_day_air,False,False,17.0,debit_card,bi-weekly,1.0,2560,2026-04-25 09:50:22.623131
2562.0,32.0,male,hoodie,clothing,20.0,new_york,l,magenta,spring,2.7,False,credit_card,free_shipping,False,False,22.0,debit_card,quarterly,1.0,2561,2026-04-25 09:50:22.623131
2563.0,57.0,male,shorts,clothing,62.0,arizona,xl,yellow,spring,4.7,False,debit_card,standard,False,False,27.0,cash,fortnightly,1.0,2562,2026-04-25 09:50:22.623131
2564.0,69.0,male,backpack,accessories,81.0,massachusetts,xl,gray,winter,4.5,False,paypal,standard,False,False,1.0,venmo,every_3_months,1.0,2563,2026-04-25 09:50:22.623131
2565.0,42.0,male,scarf,accessories,90.0,kentucky,l,indigo,winter,3.0,False,debit_card,2-day_shipping,False,False,27.0,bank_transfer,weekly,1.0,2564,2026-04-25 09:50:22.623131
2566.0,30.0,male,socks,clothing,43.0,vermont,s,indigo,fall,3.6,False,debit_card,store_pickup,False,False,8.0,venmo,quarterly,1.0,2565,2026-04-25 09:50:22.623131
2567.0,35.0,male,handbag,accessories,38.0,missouri,s,yellow,fall,3.3,False,credit_card,standard,False,False,43.0,paypal,quarterly,1.0,2566,2026-04-25 09:50:22.623131
2568.0,19.0,male,sunglasses,accessories,25.0,michigan,xl,gold,spring,4.3,False,venmo,store_pickup,False,False,24.0,cash,fortnightly,1.0,2567,2026-04-25 09:50:22.623131
2569.0,52.0,male,t-shirt,clothing,98.0,texas,xl,green,winter,4.3,False,cash,express,False,False,29.0,paypal,fortnightly,1.0,2568,2026-04-25 09:50:22.623131
2570.0,42.0,male,dress,clothing,75.0,new_york,m,charcoal,spring,4.8,False,debit_card,free_shipping,False,False,10.0,bank_transfer,bi-weekly,1.0,2569,2026-04-25 09:50:22.623131
2571.0,36.0,male,sneakers,footwear,27.0,new_mexico,xl,olive,spring,4.0,False,bank_transfer,store_pickup,False,False,12.0,paypal,fortnightly,1.0,2570,2026-04-25 09:50:22.623131
2572.0,45.0,male,sunglasses,accessories,27.0,mississippi,l,black,winter,3.5,False,credit_card,standard,False,False,48.0,cash,fortnightly,1.0,2571,2026-04-25 09:50:22.623131
2573.0,54.0,male,blouse,clothing,42.0,washington,m,silver,fall,3.9,False,debit_card,next_day_air,False,False,40.0,bank_transfer,quarterly,1.0,2572,2026-04-25 09:50:22.623131
2574.0,54.0,male,t-shirt,clothing,90.0,new_mexico,m,red,summer,4.4,False,bank_transfer,store_pickup,False,False,1.0,bank_transfer,annually,1.0,2573,2026-04-25 09:50:22.623131
2575.0,27.0,male,hat,accessories,63.0,florida,m,brown,summer,4.6,False,credit_card,2-day_shipping,False,False,26.0,credit_card,fortnightly,1.0,2574,2026-04-25 09:50:22.623131
2576.0,53.0,male,shorts,clothing,96.0,minnesota,m,silver,fall,4.0,False,cash,express,False,False,9.0,paypal,annually,1.0,2575,2026-04-25 09:50:22.623131
2577.0,20.0,male,hoodie,clothing,40.0,new_hampshire,m,silver,winter,4.2,False,paypal,free_shipping,False,False,19.0,debit_card,quarterly,1.0,2576,2026-04-25 09:50:22.623131
2578.0,52.0,male,socks,clothing,39.0,minnesota,l,black,fall,4.5,False,debit_card,next_day_air,False,False,37.0,bank_transfer,monthly,1.0,2577,2026-04-25 09:50:22.623131
2579.0,54.0,male,sunglasses,accessories,48.0,vermont,m,purple,fall,3.9,False,bank_transfer,free_shipping,False,False,3.0,cash,quarterly,1.0,2578,2026-04-25 09:50:22.623131
2580.0,65.0,male,blouse,clothing,20.0,minnesota,m,purple,summer,3.7,False,venmo,express,False,False,40.0,venmo,weekly,1.0,2579,2026-04-25 09:50:22.623131
2581.0,43.0,male,jeans,clothing,29.0,massachusetts,s,turquoise,summer,3.6,False,cash,store_pickup,False,False,13.0,bank_transfer,quarterly,1.0,2580,2026-04-25 09:50:22.623131
2582.0,57.0,male,dress,clothing,81.0,wyoming,m,gold,winter,4.7,False,bank_transfer,express,False,False,48.0,credit_card,monthly,1.0,2581,2026-04-25 09:50:22.623131
2583.0,19.0,male,dress,clothing,98.0,south_dakota,s,indigo,fall,3.6,False,venmo,2-day_shipping,False,False,4.0,venmo,every_3_months,1.0,2582,2026-04-25 09:50:22.623131
2584.0,69.0,male,jeans,clothing,93.0,oklahoma,m,lavender,fall,2.5,False,bank_transfer,next_day_air,False,False,9.0,cash,weekly,1.0,2583,2026-04-25 09:50:22.623131
2585.0,26.0,male,socks,clothing,30.0,florida,l,blue,summer,2.9,False,paypal,store_pickup,False,False,26.0,bank_transfer,bi-weekly,1.0,2584,2026-04-25 09:50:22.623131
2586.0,57.0,male,sunglasses,accessories,37.0,wisconsin,l,maroon,fall,4.4,False,venmo,free_shipping,False,False,19.0,debit_card,weekly,1.0,2585,2026-04-25 09:50:22.623131
2587.0,20.0,male,coat,outerwear,28.0,maine,l,yellow,winter,4.6,False,venmo,express,False,False,1.0,credit_card,every_3_months,1.0,2586,2026-04-25 09:50:22.623131
2588.0,55.0,male,scarf,accessories,29.0,connecticut,m,purple,winter,3.7,False,paypal,express,False,False,29.0,paypal,every_3_months,1.0,2587,2026-04-25 09:50:22.623131
2589.0,44.0,male,backpack,accessories,49.0,delaware,m,peach,summer,3.2,False,venmo,free_shipping,False,False,38.0,venmo,bi-weekly,1.0,2588,2026-04-25 09:50:22.623131
2590.0,52.0,male,pants,clothing,53.0,north_dakota,m,silver,winter,4.9,False,bank_transfer,2-day_shipping,False,False,31.0,paypal,annually,1.0,2589,2026-04-25 09:50:22.623131
2591.0,57.0,male,gloves,accessories,66.0,california,m,turquoise,summer,5.0,False,paypal,free_shipping,False,False,35.0,venmo,annually,1.0,2590,2026-04-25 09:50:22.623131
2592.0,40.0,male,jacket,outerwear,61.0,new_mexico,s,olive,spring,3.3,False,debit_card,express,False,False,40.0,cash,quarterly,1.0,2591,2026-04-25 09:50:22.623131
2593.0,23.0,male,shorts,clothing,23.0,iowa,xl,peach,summer,4.4,False,cash,store_pickup,False,False,13.0,venmo,quarterly,1.0,2592,2026-04-25 09:50:22.623131
2594.0,36.0,male,pants,clothing,36.0,colorado,s,indigo,fall,4.7,False,debit_card,store_pickup,False,False,9.0,bank_transfer,every_3_months,1.0,2593,2026-04-25 09:50:22.623131
2595.0,59.0,male,skirt,clothing,81.0,montana,l,indigo,fall,3.6,False,credit_card,free_shipping,False,False,25.0,cash,every_3_months,1.0,2594,2026-04-25 09:50:22.623131
2596.0,29.0,male,blouse,clothing,56.0,iowa,xl,maroon,summer,3.2,False,credit_card,free_shipping,False,False,3.0,bank_transfer,bi-weekly,1.0,2595,2026-04-25 09:50:22.623131
2597.0,63.0,male,shirt,clothing,78.0,louisiana,l,black,spring,3.0,False,venmo,next_day_air,False,False,35.0,credit_card,monthly,1.0,2596,2026-04-25 09:50:22.623131
2598.0,60.0,male,jewelry,accessories,25.0,alabama,xl,teal,summer,4.4,False,bank_transfer,store_pickup,False,False,13.0,venmo,bi-weekly,1.0,2597,2026-04-25 09:50:22.623131
2599.0,64.0,male,backpack,accessories,86.0,nevada,xl,olive,fall,3.3,False,credit_card,express,False,False,31.0,debit_card,annually,1.0,2598,2026-04-25 09:50:22.623131
2600.0,63.0,male,jewelry,accessories,99.0,vermont,m,gold,winter,3.4,False,credit_card,express,False,False,48.0,credit_card,monthly,1.0,2599,2026-04-25 09:50:22.623131
2601.0,21.0,male,belt,accessories,83.0,new_york,m,gray,fall,3.9,False,debit_card,express,False,False,6.0,bank_transfer,bi-weekly,1.0,2600,2026-04-25 09:50:22.623131
2602.0,61.0,male,dress,clothing,33.0,mississippi,l,orange,winter,2.9,False,paypal,store_pickup,False,False,43.0,cash,monthly,1.0,2601,2026-04-25 09:50:22.623131
2603.0,65.0,male,coat,outerwear,44.0,south_carolina,m,black,fall,2.9,False,venmo,free_shipping,False,False,1.0,venmo,quarterly,1.0,2602,2026-04-25 09:50:22.623131
2604.0,69.0,male,dress,clothing,58.0,washington,m,teal,spring,2.7,False,debit_card,2-day_shipping,False,False,8.0,cash,annually,1.0,2603,2026-04-25 09:50:22.623131
2605.0,47.0,male,sweater,clothing,54.0,colorado,m,beige,spring,3.4,False,credit_card,store_pickup,False,False,6.0,debit_card,weekly,1.0,2604,2026-04-25 09:50:22.623131
2606.0,41.0,male,hoodie,clothing,93.0,nevada,m,white,spring,3.7,False,debit_card,2-day_shipping,False,False,32.0,venmo,fortnightly,1.0,2605,2026-04-25 09:50:22.623131
2607.0,68.0,male,shoes,footwear,98.0,nevada,l,turquoise,spring,4.7,False,bank_transfer,standard,False,False,46.0,bank_transfer,bi-weekly,1.0,2606,2026-04-25 09:50:22.623131
2608.0,41.0,male,shoes,footwear,36.0,oklahoma,xl,teal,spring,3.1,False,bank_transfer,express,False,False,38.0,paypal,every_3_months,1.0,2607,2026-04-25 09:50:22.623131
2609.0,42.0,male,jacket,outerwear,68.0,mississippi,l,orange,fall,4.2,False,paypal,2-day_shipping,False,False,48.0,credit_card,fortnightly,1.0,2608,2026-04-25 09:50:22.623131
2610.0,66.0,male,backpack,accessories,95.0,arkansas,m,black,summer,3.0,False,credit_card,store_pickup,False,False,18.0,debit_card,bi-weekly,1.0,2609,2026-04-25 09:50:22.623131
2611.0,66.0,male,jeans,clothing,93.0,west_virginia,m,violet,spring,3.1,False,bank_transfer,express,False,False,25.0,cash,quarterly,1.0,2610,2026-04-25 09:50:22.623131
2612.0,33.0,male,jacket,outerwear,99.0,michigan,l,maroon,fall,4.2,False,cash,2-day_shipping,False,False,4.0,cash,fortnightly,1.0,2611,2026-04-25 09:50:22.623131
2613.0,55.0,male,sunglasses,accessories,22.0,louisiana,m,turquoise,winter,3.8,False,cash,next_day_air,False,False,27.0,venmo,quarterly,1.0,2612,2026-04-25 09:50:22.623131
2614.0,58.0,male,gloves,accessories,88.0,south_dakota,m,gold,fall,2.9,False,cash,express,False,False,14.0,bank_transfer,monthly,1.0,2613,2026-04-25 09:50:22.623131
2615.0,18.0,male,jacket,outerwear,65.0,north_dakota,m,turquoise,spring,4.2,False,credit_card,express,False,False,36.0,bank_transfer,fortnightly,1.0,2614,2026-04-25 09:50:22.623131
2616.0,49.0,male,t-shirt,clothing,62.0,arizona,m,maroon,fall,3.1,False,venmo,2-day_shipping,False,False,6.0,debit_card,quarterly,1.0,2615,2026-04-25 09:50:22.623131
2617.0,61.0,male,sandals,footwear,55.0,georgia,xl,purple,spring,3.6,False,bank_transfer,express,False,False,46.0,cash,annually,1.0,2616,2026-04-25 09:50:22.623131
2618.0,31.0,male,shorts,clothing,97.0,idaho,s,maroon,spring,4.8,False,bank_transfer,standard,False,False,29.0,bank_transfer,annually,1.0,2617,2026-04-25 09:50:22.623131
2619.0,70.0,male,handbag,accessories,77.0,louisiana,l,brown,fall,4.1,False,credit_card,express,False,False,12.0,venmo,monthly,1.0,2618,2026-04-25 09:50:22.623131
2620.0,68.0,male,pants,clothing,40.0,connecticut,l,indigo,winter,3.9,False,credit_card,free_shipping,False,False,47.0,credit_card,weekly,1.0,2619,2026-04-25 09:50:22.623131
2621.0,27.0,male,blouse,clothing,23.0,ohio,s,lavender,winter,3.0,False,venmo,standard,False,False,28.0,debit_card,annually,1.0,2620,2026-04-25 09:50:22.623131
2622.0,48.0,male,shoes,footwear,46.0,maine,m,beige,winter,3.0,False,paypal,express,False,False,21.0,bank_transfer,annually,1.0,2621,2026-04-25 09:50:22.623131
2623.0,63.0,male,backpack,accessories,75.0,new_hampshire,m,yellow,spring,4.9,False,venmo,2-day_shipping,False,False,15.0,credit_card,annually,1.0,2622,2026-04-25 09:50:22.623131
2624.0,49.0,male,shoes,footwear,76.0,massachusetts,m,gold,fall,4.8,False,cash,next_day_air,False,False,38.0,cash,annually,1.0,2623,2026-04-25 09:50:22.623131
2625.0,19.0,male,dress,clothing,59.0,south_dakota,m,indigo,summer,3.3,False,debit_card,standard,False,False,19.0,credit_card,annually,1.0,2624,2026-04-25 09:50:22.623131
2626.0,30.0,male,skirt,clothing,51.0,colorado,l,cyan,summer,2.7,False,bank_transfer,standard,False,False,31.0,credit_card,weekly,1.0,2625,2026-04-25 09:50:22.623131
2627.0,50.0,male,jacket,outerwear,46.0,rhode_island,xl,silver,fall,4.2,False,bank_transfer,express,False,False,30.0,credit_card,every_3_months,1.0,2626,2026-04-25 09:50:22.623131
2628.0,66.0,male,shirt,clothing,26.0,missouri,l,silver,fall,3.6,False,paypal,next_day_air,False,False,40.0,bank_transfer,quarterly,1.0,2627,2026-04-25 09:50:22.623131
2629.0,25.0,male,hoodie,clothing,51.0,wyoming,m,silver,summer,3.8,False,venmo,next_day_air,False,False,42.0,credit_card,bi-weekly,1.0,2628,2026-04-25 09:50:22.623131
2630.0,61.0,male,scarf,accessories,44.0,new_hampshire,m,peach,winter,3.8,False,venmo,free_shipping,False,False,25.0,venmo,annually,1.0,2629,2026-04-25 09:50:22.623131
2631.0,29.0,male,skirt,clothing,82.0,maine,s,pink,spring,4.2,False,bank_transfer,free_shipping,False,False,20.0,cash,quarterly,1.0,2630,2026-04-25 09:50:22.623131
2632.0,53.0,male,skirt,clothing,44.0,connecticut,s,violet,summer,2.7,False,paypal,express,False,False,3.0,cash,weekly,1.0,2631,2026-04-25 09:50:22.623131
2633.0,24.0,male,scarf,accessories,27.0,alaska,m,black,fall,5.0,False,venmo,next_day_air,False,False,14.0,cash,annually,1.0,2632,2026-04-25 09:50:22.623131
2634.0,51.0,male,sunglasses,accessories,90.0,alaska,m,purple,fall,4.7,False,paypal,next_day_air,False,False,32.0,credit_card,fortnightly,1.0,2633,2026-04-25 09:50:22.623131
2635.0,26.0,male,sandals,footwear,58.0,north_carolina,s,black,summer,3.2,False,cash,store_pickup,False,False,20.0,paypal,every_3_months,1.0,2634,2026-04-25 09:50:22.623131
2636.0,59.0,male,hoodie,clothing,80.0,colorado,xl,peach,spring,2.9,False,paypal,2-day_shipping,False,False,34.0,paypal,fortnightly,1.0,2635,2026-04-25 09:50:22.623131
2637.0,41.0,male,jacket,outerwear,40.0,utah,s,magenta,winter,4.2,False,paypal,store_pickup,False,False,6.0,venmo,annually,1.0,2636,2026-04-25 09:50:22.623131
2638.0,20.0,male,pants,clothing,23.0,alabama,m,magenta,spring,3.7,False,credit_card,store_pickup,False,False,2.0,paypal,annually,1.0,2637,2026-04-25 09:50:22.623131
2639.0,22.0,male,shirt,clothing,34.0,hawaii,s,black,spring,4.2,False,paypal,store_pickup,False,False,35.0,credit_card,annually,1.0,2638,2026-04-25 09:50:22.623131
2640.0,18.0,male,blouse,clothing,35.0,new_hampshire,xl,pink,winter,2.6,False,debit_card,free_shipping,False,False,33.0,debit_card,quarterly,1.0,2639,2026-04-25 09:50:22.623131
2641.0,30.0,male,skirt,clothing,75.0,indiana,l,olive,summer,4.0,False,debit_card,store_pickup,False,False,45.0,venmo,bi-weekly,1.0,2640,2026-04-25 09:50:22.623131
2642.0,25.0,male,sunglasses,accessories,60.0,vermont,xl,olive,winter,2.7,False,debit_card,next_day_air,False,False,20.0,bank_transfer,every_3_months,1.0,2641,2026-04-25 09:50:22.623131
2643.0,39.0,male,belt,accessories,87.0,iowa,l,peach,summer,4.0,False,debit_card,store_pickup,False,False,48.0,bank_transfer,annually,1.0,2642,2026-04-25 09:50:22.623131
2644.0,49.0,male,gloves,accessories,41.0,maryland,s,silver,spring,2.9,False,credit_card,next_day_air,False,False,37.0,cash,monthly,1.0,2643,2026-04-25 09:50:22.623131
2645.0,25.0,male,pants,clothing,83.0,new_mexico,m,turquoise,spring,3.3,False,paypal,standard,False,False,4.0,bank_transfer,every_3_months,1.0,2644,2026-04-25 09:50:22.623131
2646.0,23.0,male,scarf,accessories,81.0,louisiana,l,olive,spring,4.0,False,bank_transfer,store_pickup,False,False,24.0,bank_transfer,bi-weekly,1.0,2645,2026-04-25 09:50:22.623131
2647.0,33.0,male,t-shirt,clothing,56.0,new_mexico,s,lavender,summer,3.9,False,cash,next_day_air,False,False,4.0,debit_card,every_3_months,1.0,2646,2026-04-25 09:50:22.623131
2648.0,60.0,male,shoes,footwear,58.0,south_carolina,m,red,summer,3.3,False,debit_card,2-day_shipping,False,False,25.0,debit_card,annually,1.0,2647,2026-04-25 09:50:22.623131
2649.0,51.0,male,pants,clothing,84.0,illinois,m,gray,spring,3.9,False,venmo,next_day_air,False,False,14.0,paypal,bi-weekly,1.0,2648,2026-04-25 09:50:22.623131
2650.0,23.0,male,gloves,accessories,21.0,minnesota,m,magenta,fall,3.9,False,credit_card,store_pickup,False,False,14.0,bank_transfer,fortnightly,1.0,2649,2026-04-25 09:50:22.623131
2651.0,20.0,male,socks,clothing,35.0,oregon,l,maroon,summer,4.2,False,paypal,standard,False,False,46.0,credit_card,every_3_months,1.0,2650,2026-04-25 09:50:22.623131
2652.0,51.0,male,sneakers,footwear,43.0,tennessee,m,cyan,summer,4.6,False,venmo,store_pickup,False,False,27.0,paypal,quarterly,1.0,2651,2026-04-25 09:50:22.623131
2653.0,23.0,female,shorts,clothing,20.0,maryland,l,cyan,summer,3.3,False,debit_card,2-day_shipping,False,False,46.0,credit_card,monthly,1.0,2652,2026-04-25 09:50:22.623131
2654.0,67.0,female,blouse,clothing,36.0,wisconsin,l,lavender,fall,4.8,False,credit_card,express,False,False,24.0,venmo,every_3_months,1.0,2653,2026-04-25 09:50:22.623131
2655.0,23.0,female,coat,outerwear,70.0,idaho,s,pink,fall,4.1,False,debit_card,next_day_air,False,False,4.0,paypal,annually,1.0,2654,2026-04-25 09:50:22.623131
2656.0,26.0,female,sunglasses,accessories,83.0,wyoming,m,gray,summer,3.4,False,credit_card,standard,False,False,2.0,credit_card,fortnightly,1.0,2655,2026-04-25 09:50:22.623131
2657.0,52.0,female,shorts,clothing,76.0,indiana,l,yellow,winter,3.6,False,bank_transfer,express,False,False,29.0,bank_transfer,fortnightly,1.0,2656,2026-04-25 09:50:22.623131
2658.0,52.0,female,dress,clothing,81.0,texas,m,pink,summer,2.7,False,paypal,express,False,False,7.0,credit_card,fortnightly,1.0,2657,2026-04-25 09:50:22.623131
2659.0,52.0,female,handbag,accessories,47.0,ohio,xl,indigo,summer,3.2,False,bank_transfer,next_day_air,False,False,39.0,paypal,monthly,1.0,2658,2026-04-25 09:50:22.623131
2660.0,35.0,female,boots,footwear,35.0,kansas,l,gray,summer,4.4,False,bank_transfer,2-day_shipping,False,False,46.0,credit_card,fortnightly,1.0,2659,2026-04-25 09:50:22.623131
2661.0,24.0,female,pants,clothing,85.0,south_carolina,l,yellow,spring,4.9,False,debit_card,express,False,False,44.0,venmo,annually,1.0,2660,2026-04-25 09:50:22.623131
2662.0,43.0,female,boots,footwear,96.0,michigan,xl,olive,fall,4.8,False,debit_card,express,False,False,20.0,bank_transfer,annually,1.0,2661,2026-04-25 09:50:22.623131
2663.0,25.0,female,skirt,clothing,98.0,nebraska,m,cyan,summer,2.8,False,paypal,2-day_shipping,False,False,44.0,paypal,fortnightly,1.0,2662,2026-04-25 09:50:22.623131
2664.0,46.0,female,sneakers,footwear,52.0,wisconsin,l,silver,fall,2.9,False,credit_card,free_shipping,False,False,23.0,bank_transfer,annually,1.0,2663,2026-04-25 09:50:22.623131
2665.0,22.0,female,jewelry,accessories,84.0,illinois,l,silver,winter,3.2,False,debit_card,store_pickup,False,False,37.0,paypal,weekly,1.0,2664,2026-04-25 09:50:22.623131
2666.0,70.0,female,t-shirt,clothing,71.0,louisiana,l,red,winter,3.5,False,venmo,store_pickup,False,False,4.0,venmo,weekly,1.0,2665,2026-04-25 09:50:22.623131
2667.0,49.0,female,sandals,footwear,95.0,ohio,s,brown,winter,4.1,False,bank_transfer,store_pickup,False,False,14.0,venmo,fortnightly,1.0,2666,2026-04-25 09:50:22.623131
2668.0,48.0,female,boots,footwear,47.0,maryland,m,orange,summer,4.1,False,venmo,free_shipping,False,False,31.0,cash,fortnightly,1.0,2667,2026-04-25 09:50:22.623131
2669.0,59.0,female,coat,outerwear,75.0,texas,m,black,summer,4.8,False,venmo,next_day_air,False,False,9.0,paypal,quarterly,1.0,2668,2026-04-25 09:50:22.623131
2670.0,39.0,female,belt,accessories,28.0,illinois,l,teal,spring,2.8,False,paypal,free_shipping,False,False,31.0,credit_card,weekly,1.0,2669,2026-04-25 09:50:22.623131
2671.0,30.0,female,sunglasses,accessories,44.0,pennsylvania,m,yellow,fall,4.7,False,venmo,express,False,False,26.0,bank_transfer,bi-weekly,1.0,2670,2026-04-25 09:50:22.623131
2672.0,37.0,female,sandals,footwear,64.0,alabama,xl,gray,winter,4.8,False,cash,2-day_shipping,False,False,41.0,paypal,every_3_months,1.0,2671,2026-04-25 09:50:22.623131
2673.0,56.0,female,boots,footwear,28.0,west_virginia,m,maroon,spring,2.9,False,debit_card,standard,False,False,13.0,cash,annually,1.0,2672,2026-04-25 09:50:22.623131
2674.0,67.0,female,hoodie,clothing,21.0,nevada,m,olive,summer,2.6,False,cash,2-day_shipping,False,False,4.0,cash,monthly,1.0,2673,2026-04-25 09:50:22.623131
2675.0,40.0,female,hat,accessories,41.0,florida,s,charcoal,fall,3.3,False,debit_card,express,False,False,15.0,cash,every_3_months,1.0,2674,2026-04-25 09:50:22.623131
2676.0,24.0,female,shorts,clothing,38.0,virginia,m,peach,winter,3.4,False,cash,free_shipping,False,False,38.0,cash,bi-weekly,1.0,2675,2026-04-25 09:50:22.623131
2677.0,43.0,female,backpack,accessories,77.0,kentucky,m,maroon,spring,3.6,False,venmo,free_shipping,False,False,3.0,cash,fortnightly,1.0,2676,2026-04-25 09:50:22.623131
2678.0,45.0,female,shorts,clothing,43.0,connecticut,l,olive,spring,3.8,False,debit_card,next_day_air,False,False,6.0,paypal,every_3_months,1.0,2677,2026-04-25 09:50:22.623131
2679.0,33.0,female,belt,accessories,91.0,montana,m,magenta,spring,3.4,False,cash,2-day_shipping,False,False,34.0,credit_card,bi-weekly,1.0,2678,2026-04-25 09:50:22.623131
2680.0,53.0,female,shorts,clothing,68.0,montana,s,yellow,spring,3.8,False,debit_card,express,False,False,7.0,debit_card,quarterly,1.0,2679,2026-04-25 09:50:22.623131
2681.0,44.0,female,socks,clothing,37.0,nebraska,l,indigo,fall,3.3,False,paypal,next_day_air,False,False,21.0,venmo,annually,1.0,2680,2026-04-25 09:50:22.623131
2682.0,23.0,female,shoes,footwear,23.0,massachusetts,l,olive,summer,4.8,False,bank_transfer,standard,False,False,17.0,debit_card,monthly,1.0,2681,2026-04-25 09:50:22.623131
2683.0,59.0,female,sneakers,footwear,65.0,north_carolina,l,maroon,winter,3.9,False,venmo,2-day_shipping,False,False,5.0,venmo,every_3_months,1.0,2682,2026-04-25 09:50:22.623131
2684.0,68.0,female,backpack,accessories,30.0,montana,m,indigo,summer,4.2,False,cash,next_day_air,False,False,21.0,cash,fortnightly,1.0,2683,2026-04-25 09:50:22.623131
2685.0,46.0,female,dress,clothing,45.0,washington,m,gray,summer,4.7,False,venmo,free_shipping,False,False,42.0,credit_card,bi-weekly,1.0,2684,2026-04-25 09:50:22.623131
2686.0,56.0,female,boots,footwear,25.0,virginia,m,gray,winter,2.7,False,venmo,express,False,False,49.0,credit_card,quarterly,1.0,2685,2026-04-25 09:50:22.623131
2687.0,40.0,female,socks,clothing,72.0,georgia,m,black,winter,3.8,False,venmo,2-day_shipping,False,False,33.0,cash,fortnightly,1.0,2686,2026-04-25 09:50:22.623131
2688.0,61.0,female,dress,clothing,75.0,delaware,m,white,fall,3.6,False,cash,2-day_shipping,False,False,12.0,debit_card,bi-weekly,1.0,2687,2026-04-25 09:50:22.623131
2689.0,53.0,female,handbag,accessories,63.0,west_virginia,xl,turquoise,spring,2.9,False,cash,2-day_shipping,False,False,18.0,credit_card,every_3_months,1.0,2688,2026-04-25 09:50:22.623131
2690.0,29.0,female,blouse,clothing,35.0,wyoming,m,orange,fall,3.9,False,credit_card,standard,False,False,47.0,paypal,quarterly,1.0,2689,2026-04-25 09:50:22.623131
2691.0,44.0,female,belt,accessories,32.0,new_mexico,l,yellow,summer,4.7,False,venmo,free_shipping,False,False,18.0,bank_transfer,weekly,1.0,2690,2026-04-25 09:50:22.623131
2692.0,43.0,female,pants,clothing,25.0,nebraska,l,blue,winter,3.3,False,bank_transfer,2-day_shipping,False,False,48.0,cash,monthly,1.0,2691,2026-04-25 09:50:22.623131
2693.0,40.0,female,sneakers,footwear,90.0,washington,xl,violet,spring,4.2,False,venmo,free_shipping,False,False,18.0,debit_card,every_3_months,1.0,2692,2026-04-25 09:50:22.623131
2694.0,55.0,female,boots,footwear,70.0,hawaii,l,lavender,summer,2.6,False,debit_card,standard,False,False,46.0,cash,quarterly,1.0,2693,2026-04-25 09:50:22.623131
2695.0,66.0,female,sunglasses,accessories,27.0,louisiana,m,olive,spring,4.9,False,venmo,express,False,False,34.0,credit_card,every_3_months,1.0,2694,2026-04-25 09:50:22.623131
2696.0,50.0,female,hat,accessories,92.0,tennessee,m,orange,fall,3.6,False,debit_card,standard,False,False,10.0,paypal,bi-weekly,1.0,2695,2026-04-25 09:50:22.623131
2697.0,57.0,female,coat,outerwear,20.0,south_dakota,m,white,spring,4.7,False,credit_card,free_shipping,False,False,12.0,debit_card,monthly,1.0,2696,2026-04-25 09:50:22.623131
2698.0,42.0,female,jacket,outerwear,52.0,delaware,l,red,winter,3.2,False,credit_card,standard,False,False,36.0,bank_transfer,quarterly,1.0,2697,2026-04-25 09:50:22.623131
2699.0,55.0,female,hoodie,clothing,57.0,virginia,m,magenta,summer,3.6,False,venmo,store_pickup,False,False,34.0,venmo,quarterly,1.0,2698,2026-04-25 09:50:22.623131
2700.0,25.0,female,boots,footwear,96.0,utah,m,violet,fall,3.6,False,venmo,2-day_shipping,False,False,49.0,debit_card,annually,1.0,2699,2026-04-25 09:50:22.623131
2701.0,22.0,female,t-shirt,clothing,68.0,california,xl,olive,winter,3.2,False,bank_transfer,standard,False,False,36.0,cash,weekly,1.0,2700,2026-04-25 09:50:22.623131
2702.0,49.0,female,sweater,clothing,30.0,idaho,l,silver,summer,2.8,False,bank_transfer,store_pickup,False,False,18.0,bank_transfer,fortnightly,1.0,2701,2026-04-25 09:50:22.623131
2703.0,70.0,female,shoes,footwear,37.0,texas,l,gray,fall,4.0,False,paypal,next_day_air,False,False,39.0,debit_card,fortnightly,1.0,2702,2026-04-25 09:50:22.623131
2704.0,56.0,female,scarf,accessories,42.0,tennessee,xl,olive,winter,4.4,False,bank_transfer,free_shipping,False,False,34.0,paypal,weekly,1.0,2703,2026-04-25 09:50:22.623131
2705.0,52.0,female,dress,clothing,54.0,tennessee,l,beige,spring,3.4,False,credit_card,next_day_air,False,False,35.0,debit_card,weekly,1.0,2704,2026-04-25 09:50:22.623131
2706.0,65.0,female,jacket,outerwear,81.0,washington,s,turquoise,spring,5.0,False,debit_card,store_pickup,False,False,1.0,credit_card,bi-weekly,1.0,2705,2026-04-25 09:50:22.623131
2707.0,24.0,female,shoes,footwear,40.0,alabama,s,blue,spring,3.1,False,bank_transfer,express,False,False,48.0,debit_card,quarterly,1.0,2706,2026-04-25 09:50:22.623131
2708.0,32.0,female,backpack,accessories,88.0,nebraska,m,pink,fall,4.2,False,cash,standard,False,False,19.0,cash,weekly,1.0,2707,2026-04-25 09:50:22.623131
2709.0,57.0,female,dress,clothing,94.0,alabama,m,teal,summer,3.3,False,debit_card,store_pickup,False,False,44.0,debit_card,weekly,1.0,2708,2026-04-25 09:50:22.623131
2710.0,35.0,female,shirt,clothing,54.0,illinois,s,cyan,winter,2.9,False,debit_card,standard,False,False,9.0,credit_card,bi-weekly,1.0,2709,2026-04-25 09:50:22.623131
2711.0,69.0,female,jacket,outerwear,51.0,wisconsin,l,purple,summer,4.7,False,debit_card,standard,False,False,3.0,bank_transfer,fortnightly,1.0,2710,2026-04-25 09:50:22.623131
2712.0,30.0,female,sunglasses,accessories,22.0,nebraska,l,red,spring,4.0,False,credit_card,standard,False,False,50.0,venmo,monthly,1.0,2711,2026-04-25 09:50:22.623131
2713.0,37.0,female,jacket,outerwear,95.0,north_dakota,l,brown,fall,4.6,False,credit_card,standard,False,False,7.0,debit_card,quarterly,1.0,2712,2026-04-25 09:50:22.623131
2714.0,19.0,female,coat,outerwear,57.0,mississippi,m,magenta,fall,3.8,False,paypal,2-day_shipping,False,False,20.0,debit_card,annually,1.0,2713,2026-04-25 09:50:22.623131
2715.0,53.0,female,sweater,clothing,45.0,iowa,s,olive,winter,3.6,False,debit_card,store_pickup,False,False,16.0,credit_card,bi-weekly,1.0,2714,2026-04-25 09:50:22.623131
2716.0,25.0,female,sneakers,footwear,92.0,mississippi,xl,pink,winter,4.1,False,debit_card,express,False,False,29.0,paypal,fortnightly,1.0,2715,2026-04-25 09:50:22.623131
2717.0,47.0,female,shoes,footwear,40.0,colorado,l,black,spring,2.7,False,debit_card,store_pickup,False,False,21.0,debit_card,weekly,1.0,2716,2026-04-25 09:50:22.623131
2718.0,18.0,female,sunglasses,accessories,62.0,nebraska,xl,beige,winter,4.3,False,debit_card,free_shipping,False,False,19.0,credit_card,every_3_months,1.0,2717,2026-04-25 09:50:22.623131
2719.0,22.0,female,shorts,clothing,90.0,virginia,m,peach,winter,4.9,False,credit_card,next_day_air,False,False,10.0,venmo,bi-weekly,1.0,2718,2026-04-25 09:50:22.623131
2720.0,69.0,female,hoodie,clothing,82.0,louisiana,s,peach,fall,4.2,False,venmo,free_shipping,False,False,4.0,bank_transfer,monthly,1.0,2719,2026-04-25 09:50:22.623131
2721.0,55.0,female,scarf,accessories,52.0,maryland,m,peach,spring,2.8,False,debit_card,store_pickup,False,False,45.0,bank_transfer,quarterly,1.0,2720,2026-04-25 09:50:22.623131
2722.0,19.0,female,sandals,footwear,70.0,minnesota,s,teal,spring,4.9,False,cash,free_shipping,False,False,17.0,paypal,fortnightly,1.0,2721,2026-04-25 09:50:22.623131
2723.0,23.0,female,hat,accessories,83.0,maine,m,green,spring,2.8,False,paypal,2-day_shipping,False,False,22.0,paypal,fortnightly,1.0,2722,2026-04-25 09:50:22.623131
2724.0,54.0,female,shoes,footwear,49.0,texas,xl,brown,summer,2.9,False,bank_transfer,store_pickup,False,False,3.0,paypal,every_3_months,1.0,2723,2026-04-25 09:50:22.623131
2725.0,52.0,female,sneakers,footwear,91.0,missouri,m,brown,spring,2.5,False,bank_transfer,next_day_air,False,False,11.0,debit_card,fortnightly,1.0,2724,2026-04-25 09:50:22.623131
2726.0,64.0,female,backpack,accessories,99.0,mississippi,s,violet,summer,2.7,False,bank_transfer,free_shipping,False,False,4.0,debit_card,annually,1.0,2725,2026-04-25 09:50:22.623131
2727.0,33.0,female,belt,accessories,92.0,michigan,l,blue,winter,3.3,False,debit_card,free_shipping,False,False,11.0,paypal,bi-weekly,1.0,2726,2026-04-25 09:50:22.623131
2728.0,40.0,female,shirt,clothing,87.0,colorado,l,charcoal,winter,3.7,False,debit_card,2-day_shipping,False,False,47.0,credit_card,fortnightly,1.0,2727,2026-04-25 09:50:22.623131
2729.0,26.0,female,skirt,clothing,28.0,florida,m,pink,winter,4.0,False,credit_card,express,False,False,17.0,debit_card,weekly,1.0,2728,2026-04-25 09:50:22.623131
2730.0,31.0,female,gloves,accessories,71.0,montana,s,violet,summer,4.1,False,debit_card,free_shipping,False,False,32.0,credit_card,monthly,1.0,2729,2026-04-25 09:50:22.623131
2731.0,23.0,female,gloves,accessories,32.0,wisconsin,m,teal,winter,4.1,False,bank_transfer,store_pickup,False,False,37.0,bank_transfer,annually,1.0,2730,2026-04-25 09:50:22.623131
2732.0,52.0,female,handbag,accessories,33.0,wisconsin,m,red,summer,2.5,False,paypal,2-day_shipping,False,False,44.0,bank_transfer,quarterly,1.0,2731,2026-04-25 09:50:22.623131
2733.0,21.0,female,socks,clothing,75.0,delaware,l,orange,winter,4.2,False,credit_card,store_pickup,False,False,27.0,debit_card,every_3_months,1.0,2732,2026-04-25 09:50:22.623131
2734.0,31.0,female,backpack,accessories,83.0,north_carolina,m,magenta,summer,4.7,False,cash,express,False,False,46.0,paypal,annually,1.0,2733,2026-04-25 09:50:22.623131
2735.0,63.0,female,jeans,clothing,93.0,new_york,xl,yellow,summer,2.7,False,venmo,2-day_shipping,False,False,13.0,cash,bi-weekly,1.0,2734,2026-04-25 09:50:22.623131
2736.0,46.0,female,skirt,clothing,29.0,california,m,yellow,spring,3.0,False,bank_transfer,express,False,False,2.0,paypal,bi-weekly,1.0,2735,2026-04-25 09:50:22.623131
2737.0,44.0,female,hoodie,clothing,25.0,montana,m,pink,spring,4.8,False,paypal,store_pickup,False,False,45.0,credit_card,annually,1.0,2736,2026-04-25 09:50:22.623131
2738.0,57.0,female,jewelry,accessories,76.0,north_carolina,s,indigo,spring,4.4,False,venmo,free_shipping,False,False,35.0,cash,every_3_months,1.0,2737,2026-04-25 09:50:22.623131
2739.0,50.0,female,sneakers,footwear,81.0,ohio,m,charcoal,summer,4.3,False,bank_transfer,2-day_shipping,False,False,39.0,venmo,every_3_months,1.0,2738,2026-04-25 09:50:22.623131
2740.0,33.0,female,shirt,clothing,80.0,alaska,xl,blue,winter,2.5,False,venmo,store_pickup,False,False,39.0,credit_card,every_3_months,1.0,2739,2026-04-25 09:50:22.623131
2741.0,19.0,female,sunglasses,accessories,70.0,pennsylvania,m,lavender,summer,4.9,False,credit_card,free_shipping,False,False,34.0,bank_transfer,fortnightly,1.0,2740,2026-04-25 09:50:22.623131
2742.0,68.0,female,dress,clothing,81.0,maine,l,yellow,fall,4.9,False,paypal,2-day_shipping,False,False,41.0,venmo,monthly,1.0,2741,2026-04-25 09:50:22.623131
2743.0,27.0,female,shoes,footwear,86.0,texas,m,black,spring,3.9,False,paypal,free_shipping,False,False,47.0,debit_card,annually,1.0,2742,2026-04-25 09:50:22.623131
2744.0,61.0,female,belt,accessories,94.0,new_jersey,s,beige,fall,4.1,False,debit_card,2-day_shipping,False,False,17.0,venmo,quarterly,1.0,2743,2026-04-25 09:50:22.623131
2745.0,38.0,female,shirt,clothing,66.0,wyoming,m,silver,winter,3.3,False,cash,store_pickup,False,False,40.0,credit_card,monthly,1.0,2744,2026-04-25 09:50:22.623131
2746.0,28.0,female,boots,footwear,98.0,michigan,m,magenta,summer,4.1,False,bank_transfer,standard,False,False,44.0,paypal,bi-weekly,1.0,2745,2026-04-25 09:50:22.623131
2747.0,39.0,female,hoodie,clothing,25.0,ohio,m,orange,fall,3.7,False,bank_transfer,standard,False,False,21.0,paypal,every_3_months,1.0,2746,2026-04-25 09:50:22.623131
2748.0,18.0,female,jeans,clothing,62.0,west_virginia,m,teal,winter,3.1,False,debit_card,free_shipping,False,False,21.0,credit_card,every_3_months,1.0,2747,2026-04-25 09:50:22.623131
2749.0,24.0,female,jacket,outerwear,98.0,virginia,l,turquoise,spring,3.0,False,cash,free_shipping,False,False,16.0,venmo,annually,1.0,2748,2026-04-25 09:50:22.623131
2750.0,64.0,female,jacket,outerwear,53.0,vermont,m,cyan,spring,3.4,False,venmo,standard,False,False,15.0,bank_transfer,annually,1.0,2749,2026-04-25 09:50:22.623131
2751.0,51.0,female,sandals,footwear,66.0,alaska,l,pink,spring,2.7,False,cash,2-day_shipping,False,False,26.0,paypal,every_3_months,1.0,2750,2026-04-25 09:50:22.623131
2752.0,27.0,female,dress,clothing,52.0,minnesota,s,indigo,fall,3.1,False,venmo,free_shipping,False,False,50.0,venmo,monthly,1.0,2751,2026-04-25 09:50:22.623131
2753.0,48.0,female,sweater,clothing,64.0,colorado,s,peach,winter,4.0,False,cash,free_shipping,False,False,30.0,venmo,bi-weekly,1.0,2752,2026-04-25 09:50:22.623131
2754.0,69.0,female,gloves,accessories,59.0,rhode_island,m,beige,spring,3.6,False,bank_transfer,next_day_air,False,False,48.0,paypal,quarterly,1.0,2753,2026-04-25 09:50:22.623131
2755.0,59.0,female,sunglasses,accessories,61.0,new_jersey,l,gold,summer,3.6,False,paypal,free_shipping,False,False,21.0,venmo,bi-weekly,1.0,2754,2026-04-25 09:50:22.623131
2756.0,59.0,female,belt,accessories,97.0,nevada,m,indigo,winter,3.3,False,venmo,store_pickup,False,False,18.0,credit_card,annually,1.0,2755,2026-04-25 09:50:22.623131
2757.0,42.0,female,hat,accessories,23.0,minnesota,l,violet,winter,4.1,False,bank_transfer,free_shipping,False,False,41.0,paypal,monthly,1.0,2756,2026-04-25 09:50:22.623131
2758.0,39.0,female,hat,accessories,98.0,delaware,xl,brown,fall,4.3,False,cash,next_day_air,False,False,11.0,venmo,monthly,1.0,2757,2026-04-25 09:50:22.623131
2759.0,32.0,female,blouse,clothing,98.0,illinois,m,purple,summer,3.2,False,debit_card,standard,False,False,8.0,bank_transfer,bi-weekly,1.0,2758,2026-04-25 09:50:22.623131
2760.0,68.0,female,shoes,footwear,59.0,washington,m,turquoise,summer,3.9,False,credit_card,free_shipping,False,False,42.0,cash,every_3_months,1.0,2759,2026-04-25 09:50:22.623131
2761.0,41.0,female,skirt,clothing,82.0,alaska,s,violet,fall,5.0,False,bank_transfer,next_day_air,False,False,41.0,credit_card,bi-weekly,1.0,2760,2026-04-25 09:50:22.623131
2762.0,31.0,female,sneakers,footwear,82.0,michigan,m,purple,fall,3.4,False,venmo,next_day_air,False,False,3.0,credit_card,every_3_months,1.0,2761,2026-04-25 09:50:22.623131
2763.0,58.0,female,t-shirt,clothing,41.0,georgia,m,charcoal,fall,3.8,False,bank_transfer,store_pickup,False,False,10.0,debit_card,every_3_months,1.0,2762,2026-04-25 09:50:22.623131
2764.0,28.0,female,handbag,accessories,52.0,west_virginia,m,green,fall,2.9,False,venmo,2-day_shipping,False,False,35.0,venmo,quarterly,1.0,2763,2026-04-25 09:50:22.623131
2765.0,63.0,female,sweater,clothing,41.0,arizona,xl,white,spring,2.6,False,credit_card,next_day_air,False,False,2.0,debit_card,weekly,1.0,2764,2026-04-25 09:50:22.623131
2766.0,64.0,female,gloves,accessories,70.0,colorado,m,purple,summer,4.3,False,cash,2-day_shipping,False,False,24.0,credit_card,quarterly,1.0,2765,2026-04-25 09:50:22.623131
2767.0,66.0,female,dress,clothing,91.0,tennessee,m,cyan,winter,2.8,False,venmo,standard,False,False,47.0,credit_card,monthly,1.0,2766,2026-04-25 09:50:22.623131
2768.0,31.0,female,dress,clothing,95.0,iowa,m,green,spring,4.5,False,credit_card,free_shipping,False,False,31.0,cash,monthly,1.0,2767,2026-04-25 09:50:22.623131
2769.0,55.0,female,blouse,clothing,25.0,kansas,m,beige,spring,3.8,False,venmo,2-day_shipping,False,False,28.0,paypal,bi-weekly,1.0,2768,2026-04-25 09:50:22.623131
2770.0,32.0,female,shirt,clothing,89.0,oklahoma,l,lavender,fall,3.0,False,paypal,standard,False,False,13.0,cash,weekly,1.0,2769,2026-04-25 09:50:22.623131
2771.0,50.0,female,boots,footwear,44.0,nebraska,s,blue,fall,3.3,False,paypal,express,False,False,22.0,bank_transfer,quarterly,1.0,2770,2026-04-25 09:50:22.623131
2772.0,58.0,female,jacket,outerwear,52.0,maryland,s,beige,summer,3.1,False,cash,2-day_shipping,False,False,12.0,bank_transfer,fortnightly,1.0,2771,2026-04-25 09:50:22.623131
2773.0,18.0,female,backpack,accessories,94.0,pennsylvania,l,blue,spring,3.5,False,credit_card,store_pickup,False,False,10.0,bank_transfer,every_3_months,1.0,2772,2026-04-25 09:50:22.623131
2774.0,39.0,female,pants,clothing,98.0,arizona,s,maroon,spring,4.6,False,credit_card,express,False,False,45.0,bank_transfer,quarterly,1.0,2773,2026-04-25 09:50:22.623131
2775.0,56.0,female,boots,footwear,40.0,oklahoma,l,yellow,fall,4.1,False,bank_transfer,standard,False,False,42.0,credit_card,quarterly,1.0,2774,2026-04-25 09:50:22.623131
2776.0,37.0,female,socks,clothing,25.0,montana,l,red,fall,3.6,False,venmo,free_shipping,False,False,16.0,debit_card,weekly,1.0,2775,2026-04-25 09:50:22.623131
2777.0,46.0,female,scarf,accessories,62.0,wyoming,l,green,fall,2.9,False,debit_card,free_shipping,False,False,6.0,bank_transfer,annually,1.0,2776,2026-04-25 09:50:22.623131
2778.0,52.0,female,blouse,clothing,24.0,idaho,m,magenta,fall,4.8,False,debit_card,standard,False,False,28.0,credit_card,every_3_months,1.0,2777,2026-04-25 09:50:22.623131
2779.0,70.0,female,belt,accessories,57.0,pennsylvania,l,yellow,spring,3.2,False,cash,standard,False,False,24.0,credit_card,bi-weekly,1.0,2778,2026-04-25 09:50:22.623131
2780.0,61.0,female,sunglasses,accessories,66.0,montana,l,blue,winter,4.3,False,bank_transfer,express,False,False,14.0,credit_card,fortnightly,1.0,2779,2026-04-25 09:50:22.623131
2781.0,33.0,female,boots,footwear,70.0,ohio,m,charcoal,winter,4.1,False,bank_transfer,next_day_air,False,False,29.0,paypal,fortnightly,1.0,2780,2026-04-25 09:50:22.623131
2782.0,65.0,female,sandals,footwear,39.0,mississippi,m,blue,spring,4.6,False,venmo,standard,False,False,33.0,paypal,weekly,1.0,2781,2026-04-25 09:50:22.623131
2783.0,41.0,female,gloves,accessories,34.0,idaho,s,cyan,spring,3.8,False,paypal,free_shipping,False,False,30.0,paypal,annually,1.0,2782,2026-04-25 09:50:22.623131
2784.0,19.0,female,skirt,clothing,38.0,virginia,m,silver,spring,4.5,False,credit_card,next_day_air,False,False,26.0,credit_card,quarterly,1.0,2783,2026-04-25 09:50:22.623131
2785.0,33.0,female,skirt,clothing,70.0,idaho,m,black,winter,3.1,False,bank_transfer,express,False,False,12.0,paypal,every_3_months,1.0,2784,2026-04-25 09:50:22.623131
2786.0,53.0,female,blouse,clothing,80.0,louisiana,s,green,summer,2.9,False,credit_card,next_day_air,False,False,13.0,bank_transfer,monthly,1.0,2785,2026-04-25 09:50:22.623131
2787.0,54.0,female,handbag,accessories,51.0,colorado,m,violet,spring,3.8,False,paypal,next_day_air,False,False,41.0,debit_card,every_3_months,1.0,2786,2026-04-25 09:50:22.623131
2788.0,36.0,female,boots,footwear,79.0,west_virginia,xl,pink,spring,4.1,False,cash,next_day_air,False,False,4.0,venmo,fortnightly,1.0,2787,2026-04-25 09:50:22.623131
2789.0,56.0,female,boots,footwear,92.0,rhode_island,m,olive,summer,3.1,False,cash,free_shipping,False,False,2.0,credit_card,annually,1.0,2788,2026-04-25 09:50:22.623131
2790.0,28.0,female,sweater,clothing,85.0,north_carolina,l,orange,fall,5.0,False,cash,express,False,False,28.0,credit_card,bi-weekly,1.0,2789,2026-04-25 09:50:22.623131
2791.0,34.0,female,socks,clothing,63.0,maine,m,black,spring,4.5,False,cash,free_shipping,False,False,24.0,debit_card,annually,1.0,2790,2026-04-25 09:50:22.623131
2792.0,43.0,female,gloves,accessories,60.0,iowa,m,yellow,fall,2.8,False,credit_card,express,False,False,14.0,venmo,fortnightly,1.0,2791,2026-04-25 09:50:22.623131
2793.0,54.0,female,shorts,clothing,44.0,kentucky,l,violet,winter,3.2,False,debit_card,express,False,False,11.0,credit_card,weekly,1.0,2792,2026-04-25 09:50:22.623131
2794.0,37.0,female,boots,footwear,57.0,massachusetts,m,silver,spring,3.1,False,bank_transfer,standard,False,False,27.0,debit_card,bi-weekly,1.0,2793,2026-04-25 09:50:22.623131
2795.0,33.0,female,jacket,outerwear,24.0,new_york,m,gold,fall,3.3,False,paypal,standard,False,False,7.0,cash,fortnightly,1.0,2794,2026-04-25 09:50:22.623131
2796.0,33.0,female,scarf,accessories,35.0,nebraska,m,magenta,winter,3.4,False,bank_transfer,store_pickup,False,False,49.0,paypal,annually,1.0,2795,2026-04-25 09:50:22.623131
2797.0,55.0,female,jacket,outerwear,73.0,oklahoma,m,red,winter,3.8,False,cash,store_pickup,False,False,21.0,cash,annually,1.0,2796,2026-04-25 09:50:22.623131
2798.0,63.0,female,jewelry,accessories,42.0,oklahoma,m,green,winter,3.5,False,paypal,express,False,False,10.0,venmo,every_3_months,1.0,2797,2026-04-25 09:50:22.623131
2799.0,52.0,female,hoodie,clothing,20.0,rhode_island,xl,red,winter,4.8,False,credit_card,store_pickup,False,False,37.0,paypal,weekly,1.0,2798,2026-04-25 09:50:22.623131
2800.0,23.0,female,t-shirt,clothing,89.0,maine,l,pink,spring,3.9,False,credit_card,free_shipping,False,False,9.0,bank_transfer,every_3_months,1.0,2799,2026-04-25 09:50:22.623131
2801.0,70.0,female,shirt,clothing,76.0,arkansas,l,violet,fall,3.4,False,paypal,free_shipping,False,False,14.0,cash,bi-weekly,1.0,2800,2026-04-25 09:50:22.623131
2802.0,64.0,female,shirt,clothing,56.0,new_mexico,m,indigo,winter,2.6,False,cash,express,False,False,30.0,paypal,annually,1.0,2801,2026-04-25 09:50:22.623131
2803.0,22.0,female,coat,outerwear,100.0,hawaii,l,red,fall,3.1,False,bank_transfer,store_pickup,False,False,42.0,credit_card,fortnightly,1.0,2802,2026-04-25 09:50:22.623131
2804.0,46.0,female,t-shirt,clothing,44.0,idaho,m,violet,winter,3.3,False,credit_card,free_shipping,False,False,31.0,bank_transfer,monthly,1.0,2803,2026-04-25 09:50:22.623131
2805.0,65.0,female,hoodie,clothing,76.0,south_carolina,m,cyan,spring,2.8,False,credit_card,standard,False,False,48.0,bank_transfer,every_3_months,1.0,2804,2026-04-25 09:50:22.623131
2806.0,18.0,female,sunglasses,accessories,97.0,nevada,s,black,fall,4.3,False,cash,standard,False,False,48.0,cash,quarterly,1.0,2805,2026-04-25 09:50:22.623131
2807.0,45.0,female,blouse,clothing,39.0,south_carolina,l,purple,spring,2.7,False,paypal,standard,False,False,50.0,credit_card,annually,1.0,2806,2026-04-25 09:50:22.623131
2808.0,56.0,female,hoodie,clothing,100.0,maryland,m,charcoal,spring,4.4,False,debit_card,2-day_shipping,False,False,10.0,debit_card,fortnightly,1.0,2807,2026-04-25 09:50:22.623131
2809.0,49.0,female,skirt,clothing,62.0,tennessee,m,beige,spring,3.9,False,credit_card,free_shipping,False,False,45.0,paypal,every_3_months,1.0,2808,2026-04-25 09:50:22.623131
2810.0,66.0,female,shorts,clothing,98.0,arkansas,xl,teal,summer,3.0,False,debit_card,standard,False,False,27.0,debit_card,quarterly,1.0,2809,2026-04-25 09:50:22.623131
2811.0,27.0,female,jeans,clothing,31.0,arizona,m,purple,summer,4.0,False,credit_card,standard,False,False,10.0,debit_card,fortnightly,1.0,2810,2026-04-25 09:50:22.623131
2812.0,69.0,female,jacket,outerwear,89.0,ohio,m,blue,fall,3.7,False,paypal,store_pickup,False,False,19.0,credit_card,quarterly,1.0,2811,2026-04-25 09:50:22.623131
2813.0,66.0,female,hoodie,clothing,91.0,north_dakota,xl,magenta,fall,3.8,False,debit_card,store_pickup,False,False,1.0,credit_card,every_3_months,1.0,2812,2026-04-25 09:50:22.623131
2814.0,45.0,female,shirt,clothing,50.0,vermont,s,maroon,summer,3.3,False,debit_card,2-day_shipping,False,False,39.0,debit_card,quarterly,1.0,2813,2026-04-25 09:50:22.623131
2815.0,31.0,female,t-shirt,clothing,32.0,minnesota,l,gold,winter,3.6,False,venmo,standard,False,False,14.0,bank_transfer,monthly,1.0,2814,2026-04-25 09:50:22.623131
2816.0,33.0,female,blouse,clothing,67.0,idaho,l,black,fall,3.9,False,cash,free_shipping,False,False,40.0,venmo,every_3_months,1.0,2815,2026-04-25 09:50:22.623131
2817.0,43.0,female,skirt,clothing,28.0,maryland,m,black,spring,3.5,False,bank_transfer,free_shipping,False,False,45.0,venmo,weekly,1.0,2816,2026-04-25 09:50:22.623131
2818.0,25.0,female,backpack,accessories,65.0,south_carolina,xl,yellow,winter,3.4,False,credit_card,standard,False,False,6.0,venmo,weekly,1.0,2817,2026-04-25 09:50:22.623131
2819.0,46.0,female,shorts,clothing,73.0,california,m,turquoise,fall,4.7,False,venmo,next_day_air,False,False,12.0,debit_card,annually,1.0,2818,2026-04-25 09:50:22.623131
2820.0,67.0,female,shirt,clothing,27.0,georgia,l,lavender,spring,3.0,False,credit_card,free_shipping,False,False,19.0,cash,monthly,1.0,2819,2026-04-25 09:50:22.623131
2821.0,26.0,female,backpack,accessories,89.0,vermont,l,yellow,summer,3.9,False,venmo,free_shipping,False,False,5.0,cash,bi-weekly,1.0,2820,2026-04-25 09:50:22.623131
2822.0,35.0,female,shoes,footwear,72.0,georgia,l,olive,summer,4.5,False,credit_card,standard,False,False,37.0,venmo,monthly,1.0,2821,2026-04-25 09:50:22.623131
2823.0,61.0,female,skirt,clothing,37.0,new_jersey,s,brown,fall,4.1,False,paypal,standard,False,False,33.0,paypal,quarterly,1.0,2822,2026-04-25 09:50:22.623131
2824.0,26.0,female,dress,clothing,63.0,utah,m,olive,summer,4.5,False,venmo,standard,False,False,47.0,debit_card,bi-weekly,1.0,2823,2026-04-25 09:50:22.623131
2825.0,39.0,female,hat,accessories,90.0,utah,m,purple,fall,4.0,False,debit_card,free_shipping,False,False,49.0,debit_card,quarterly,1.0,2824,2026-04-25 09:50:22.623131
2826.0,69.0,female,handbag,accessories,62.0,north_carolina,m,yellow,winter,4.3,False,cash,2-day_shipping,False,False,28.0,bank_transfer,annually,1.0,2825,2026-04-25 09:50:22.623131
2827.0,32.0,female,handbag,accessories,43.0,florida,l,brown,fall,3.6,False,debit_card,express,False,False,23.0,venmo,annually,1.0,2826,2026-04-25 09:50:22.623131
2828.0,20.0,female,blouse,clothing,96.0,wisconsin,m,magenta,fall,3.1,False,credit_card,next_day_air,False,False,11.0,bank_transfer,bi-weekly,1.0,2827,2026-04-25 09:50:22.623131
2829.0,25.0,female,scarf,accessories,83.0,tennessee,l,lavender,fall,2.6,False,credit_card,standard,False,False,33.0,paypal,quarterly,1.0,2828,2026-04-25 09:50:22.623131
2830.0,56.0,female,jewelry,accessories,67.0,arizona,xl,teal,fall,3.4,False,paypal,next_day_air,False,False,47.0,cash,weekly,1.0,2829,2026-04-25 09:50:22.623131
2831.0,63.0,female,skirt,clothing,90.0,oregon,l,cyan,spring,2.9,False,credit_card,store_pickup,False,False,13.0,venmo,every_3_months,1.0,2830,2026-04-25 09:50:22.623131
2832.0,34.0,female,hoodie,clothing,53.0,virginia,l,pink,winter,5.0,False,cash,express,False,False,4.0,credit_card,weekly,1.0,2831,2026-04-25 09:50:22.623131
2833.0,29.0,female,scarf,accessories,37.0,maryland,m,magenta,summer,4.6,False,cash,standard,False,False,40.0,paypal,quarterly,1.0,2832,2026-04-25 09:50:22.623131
2834.0,43.0,female,jeans,clothing,56.0,arkansas,m,teal,fall,3.3,False,paypal,free_shipping,False,False,19.0,cash,monthly,1.0,2833,2026-04-25 09:50:22.623131
2835.0,39.0,female,jacket,outerwear,43.0,texas,m,indigo,fall,2.9,False,credit_card,2-day_shipping,False,False,17.0,credit_card,weekly,1.0,2834,2026-04-25 09:50:22.623131
2836.0,33.0,female,t-shirt,clothing,84.0,vermont,s,pink,winter,4.9,False,credit_card,free_shipping,False,False,7.0,venmo,annually,1.0,2835,2026-04-25 09:50:22.623131
2837.0,51.0,female,pants,clothing,50.0,wyoming,m,charcoal,winter,5.0,False,venmo,2-day_shipping,False,False,21.0,cash,bi-weekly,1.0,2836,2026-04-25 09:50:22.623131
2838.0,65.0,female,shoes,footwear,88.0,alabama,m,brown,summer,4.5,False,venmo,express,False,False,44.0,paypal,weekly,1.0,2837,2026-04-25 09:50:22.623131
2839.0,51.0,female,jacket,outerwear,50.0,maine,m,blue,fall,3.7,False,venmo,free_shipping,False,False,2.0,bank_transfer,weekly,1.0,2838,2026-04-25 09:50:22.623131
2840.0,70.0,female,scarf,accessories,80.0,south_dakota,l,teal,summer,2.8,False,cash,store_pickup,False,False,30.0,bank_transfer,monthly,1.0,2839,2026-04-25 09:50:22.623131
2841.0,40.0,female,t-shirt,clothing,47.0,west_virginia,l,pink,spring,3.5,False,bank_transfer,store_pickup,False,False,41.0,cash,annually,1.0,2840,2026-04-25 09:50:22.623131
2842.0,19.0,female,dress,clothing,33.0,ohio,xl,magenta,winter,3.0,False,credit_card,2-day_shipping,False,False,31.0,cash,weekly,1.0,2841,2026-04-25 09:50:22.623131
2843.0,28.0,female,coat,outerwear,100.0,arizona,l,green,fall,4.3,False,cash,standard,False,False,48.0,debit_card,quarterly,1.0,2842,2026-04-25 09:50:22.623131
2844.0,51.0,female,sweater,clothing,26.0,ohio,m,white,summer,3.6,False,cash,store_pickup,False,False,41.0,venmo,weekly,1.0,2843,2026-04-25 09:50:22.623131
2845.0,32.0,female,hat,accessories,79.0,new_mexico,m,indigo,summer,4.4,False,venmo,standard,False,False,42.0,venmo,annually,1.0,2844,2026-04-25 09:50:22.623131
2846.0,26.0,female,backpack,accessories,77.0,south_dakota,l,lavender,summer,4.1,False,cash,express,False,False,39.0,debit_card,every_3_months,1.0,2845,2026-04-25 09:50:22.623131
2847.0,50.0,female,socks,clothing,36.0,oklahoma,xl,black,fall,2.8,False,cash,next_day_air,False,False,15.0,paypal,bi-weekly,1.0,2846,2026-04-25 09:50:22.623131
2848.0,68.0,female,jewelry,accessories,21.0,connecticut,l,charcoal,winter,2.8,False,venmo,free_shipping,False,False,3.0,paypal,every_3_months,1.0,2847,2026-04-25 09:50:22.623131
2849.0,33.0,female,boots,footwear,72.0,wisconsin,l,gray,fall,4.9,False,debit_card,store_pickup,False,False,28.0,bank_transfer,quarterly,1.0,2848,2026-04-25 09:50:22.623131
2850.0,56.0,female,coat,outerwear,25.0,new_hampshire,m,gold,spring,4.1,False,credit_card,express,False,False,27.0,paypal,bi-weekly,1.0,2849,2026-04-25 09:50:22.623131
2851.0,57.0,female,sweater,clothing,79.0,nebraska,m,silver,spring,3.0,False,credit_card,store_pickup,False,False,36.0,debit_card,annually,1.0,2850,2026-04-25 09:50:22.623131
2852.0,58.0,female,blouse,clothing,73.0,nevada,l,teal,summer,3.0,False,bank_transfer,store_pickup,False,False,42.0,debit_card,monthly,1.0,2851,2026-04-25 09:50:22.623131
2853.0,40.0,female,belt,accessories,71.0,new_york,m,magenta,spring,3.0,False,credit_card,store_pickup,False,False,30.0,venmo,weekly,1.0,2852,2026-04-25 09:50:22.623131
2854.0,37.0,female,hat,accessories,48.0,pennsylvania,m,magenta,winter,3.2,False,cash,next_day_air,False,False,9.0,paypal,weekly,1.0,2853,2026-04-25 09:50:22.623131
2855.0,36.0,female,sandals,footwear,28.0,delaware,m,beige,fall,2.7,False,debit_card,store_pickup,False,False,25.0,venmo,monthly,1.0,2854,2026-04-25 09:50:22.623131
2856.0,29.0,female,boots,footwear,95.0,mississippi,s,maroon,winter,3.8,False,debit_card,2-day_shipping,False,False,33.0,paypal,quarterly,1.0,2855,2026-04-25 09:50:22.623131
2857.0,65.0,female,jacket,outerwear,48.0,iowa,m,indigo,winter,3.5,False,debit_card,2-day_shipping,False,False,31.0,credit_card,monthly,1.0,2856,2026-04-25 09:50:22.623131
2858.0,44.0,female,dress,clothing,93.0,utah,s,maroon,spring,3.8,False,venmo,next_day_air,False,False,35.0,debit_card,monthly,1.0,2857,2026-04-25 09:50:22.623131
2859.0,34.0,female,jeans,clothing,87.0,maryland,l,teal,summer,3.8,False,cash,2-day_shipping,False,False,46.0,bank_transfer,monthly,1.0,2858,2026-04-25 09:50:22.623131
2860.0,31.0,female,shorts,clothing,32.0,utah,l,yellow,fall,3.4,False,venmo,express,False,False,29.0,bank_transfer,annually,1.0,2859,2026-04-25 09:50:22.623131
2861.0,28.0,female,shirt,clothing,38.0,rhode_island,m,gold,spring,2.9,False,paypal,next_day_air,False,False,49.0,bank_transfer,weekly,1.0,2860,2026-04-25 09:50:22.623131
2862.0,66.0,female,coat,outerwear,54.0,maryland,m,teal,fall,3.4,False,debit_card,free_shipping,False,False,27.0,credit_card,monthly,1.0,2861,2026-04-25 09:50:22.623131
2863.0,68.0,female,coat,outerwear,75.0,hawaii,s,violet,summer,4.7,False,bank_transfer,store_pickup,False,False,5.0,bank_transfer,every_3_months,1.0,2862,2026-04-25 09:50:22.623131
2864.0,37.0,female,t-shirt,clothing,56.0,connecticut,m,yellow,fall,3.9,False,debit_card,2-day_shipping,False,False,18.0,venmo,monthly,1.0,2863,2026-04-25 09:50:22.623131
2865.0,58.0,female,sweater,clothing,43.0,illinois,s,maroon,fall,3.6,False,debit_card,store_pickup,False,False,31.0,venmo,weekly,1.0,2864,2026-04-25 09:50:22.623131
2866.0,28.0,female,skirt,clothing,97.0,california,m,silver,fall,3.7,False,cash,free_shipping,False,False,27.0,cash,fortnightly,1.0,2865,2026-04-25 09:50:22.623131
2867.0,54.0,female,blouse,clothing,75.0,connecticut,s,violet,summer,3.1,False,venmo,free_shipping,False,False,19.0,cash,annually,1.0,2866,2026-04-25 09:50:22.623131
2868.0,21.0,female,sneakers,footwear,55.0,colorado,l,white,summer,4.9,False,venmo,next_day_air,False,False,33.0,cash,fortnightly,1.0,2867,2026-04-25 09:50:22.623131
2869.0,45.0,female,backpack,accessories,49.0,colorado,m,black,winter,2.6,False,debit_card,next_day_air,False,False,42.0,paypal,every_3_months,1.0,2868,2026-04-25 09:50:22.623131
2870.0,57.0,female,socks,clothing,58.0,georgia,m,white,summer,4.2,False,cash,standard,False,False,16.0,bank_transfer,weekly,1.0,2869,2026-04-25 09:50:22.623131
2871.0,47.0,female,jewelry,accessories,34.0,north_dakota,m,blue,winter,4.8,False,debit_card,free_shipping,False,False,49.0,debit_card,every_3_months,1.0,2870,2026-04-25 09:50:22.623131
2872.0,46.0,female,shorts,clothing,43.0,idaho,s,black,summer,2.7,False,cash,2-day_shipping,False,False,40.0,venmo,bi-weekly,1.0,2871,2026-04-25 09:50:22.623131
2873.0,63.0,female,jewelry,accessories,48.0,connecticut,l,olive,fall,2.6,False,venmo,next_day_air,False,False,5.0,cash,annually,1.0,2872,2026-04-25 09:50:22.623131
2874.0,44.0,female,sweater,clothing,40.0,montana,m,teal,spring,2.6,False,paypal,free_shipping,False,False,8.0,bank_transfer,monthly,1.0,2873,2026-04-25 09:50:22.623131
2875.0,36.0,female,shirt,clothing,29.0,colorado,l,silver,summer,3.1,False,debit_card,standard,False,False,2.0,debit_card,annually,1.0,2874,2026-04-25 09:50:22.623131
2876.0,24.0,female,pants,clothing,81.0,kentucky,m,pink,fall,2.6,False,credit_card,free_shipping,False,False,14.0,debit_card,weekly,1.0,2875,2026-04-25 09:50:22.623131
2877.0,65.0,female,hoodie,clothing,84.0,new_mexico,m,charcoal,spring,3.4,False,credit_card,2-day_shipping,False,False,5.0,bank_transfer,fortnightly,1.0,2876,2026-04-25 09:50:22.623131
2878.0,32.0,female,socks,clothing,46.0,new_jersey,m,silver,summer,3.6,False,paypal,standard,False,False,34.0,venmo,monthly,1.0,2877,2026-04-25 09:50:22.623131
2879.0,63.0,female,dress,clothing,86.0,california,l,turquoise,summer,4.3,False,venmo,next_day_air,False,False,13.0,bank_transfer,annually,1.0,2878,2026-04-25 09:50:22.623131
2880.0,62.0,female,blouse,clothing,57.0,north_dakota,xl,turquoise,winter,4.9,False,credit_card,free_shipping,False,False,31.0,venmo,annually,1.0,2879,2026-04-25 09:50:22.623131
2881.0,19.0,female,skirt,clothing,61.0,florida,l,beige,winter,4.8,False,debit_card,store_pickup,False,False,43.0,paypal,quarterly,1.0,2880,2026-04-25 09:50:22.623131
2882.0,38.0,female,backpack,accessories,90.0,texas,m,cyan,winter,4.2,False,credit_card,free_shipping,False,False,6.0,bank_transfer,annually,1.0,2881,2026-04-25 09:50:22.623131
2883.0,59.0,female,blouse,clothing,51.0,oklahoma,l,gold,winter,2.6,False,credit_card,store_pickup,False,False,23.0,credit_card,bi-weekly,1.0,2882,2026-04-25 09:50:22.623131
2884.0,22.0,female,socks,clothing,48.0,rhode_island,xl,silver,spring,3.2,False,debit_card,standard,False,False,10.0,paypal,weekly,1.0,2883,2026-04-25 09:50:22.623131
2885.0,55.0,female,boots,footwear,50.0,arkansas,m,purple,summer,3.4,False,bank_transfer,2-day_shipping,False,False,47.0,credit_card,every_3_months,1.0,2884,2026-04-25 09:50:22.623131
2886.0,29.0,female,backpack,accessories,82.0,nevada,m,yellow,summer,3.5,False,bank_transfer,next_day_air,False,False,14.0,credit_card,bi-weekly,1.0,2885,2026-04-25 09:50:22.623131
2887.0,42.0,female,hat,accessories,33.0,utah,l,blue,spring,4.2,False,credit_card,free_shipping,False,False,29.0,paypal,weekly,1.0,2886,2026-04-25 09:50:22.623131
2888.0,23.0,female,sandals,footwear,28.0,kentucky,l,blue,winter,2.8,False,debit_card,express,False,False,12.0,cash,bi-weekly,1.0,2887,2026-04-25 09:50:22.623131
2889.0,70.0,female,hoodie,clothing,42.0,wisconsin,l,green,spring,5.0,False,venmo,2-day_shipping,False,False,25.0,debit_card,quarterly,1.0,2888,2026-04-25 09:50:22.623131
2890.0,64.0,female,sunglasses,accessories,43.0,minnesota,m,charcoal,fall,3.3,False,credit_card,store_pickup,False,False,21.0,venmo,annually,1.0,2889,2026-04-25 09:50:22.623131
2891.0,39.0,female,jeans,clothing,55.0,north_dakota,m,violet,winter,3.7,False,paypal,free_shipping,False,False,23.0,credit_card,monthly,1.0,2890,2026-04-25 09:50:22.623131
2892.0,47.0,female,t-shirt,clothing,73.0,ohio,xl,black,winter,2.5,False,venmo,free_shipping,False,False,10.0,paypal,monthly,1.0,2891,2026-04-25 09:50:22.623131
2893.0,22.0,female,dress,clothing,39.0,nevada,m,teal,spring,3.2,False,bank_transfer,standard,False,False,47.0,credit_card,monthly,1.0,2892,2026-04-25 09:50:22.623131
2894.0,69.0,female,belt,accessories,20.0,kentucky,s,orange,spring,3.1,False,credit_card,free_shipping,False,False,44.0,debit_card,every_3_months,1.0,2893,2026-04-25 09:50:22.623131
2895.0,35.0,female,jewelry,accessories,32.0,kentucky,s,brown,spring,3.5,False,cash,standard,False,False,41.0,venmo,annually,1.0,2894,2026-04-25 09:50:22.623131
2896.0,56.0,female,hoodie,clothing,86.0,montana,l,green,summer,4.6,False,debit_card,standard,False,False,29.0,bank_transfer,monthly,1.0,2895,2026-04-25 09:50:22.623131
2897.0,30.0,female,blouse,clothing,91.0,delaware,m,silver,summer,3.3,False,credit_card,free_shipping,False,False,2.0,venmo,every_3_months,1.0,2896,2026-04-25 09:50:22.623131
2898.0,43.0,female,jacket,outerwear,59.0,montana,l,violet,fall,2.5,False,credit_card,free_shipping,False,False,2.0,cash,fortnightly,1.0,2897,2026-04-25 09:50:22.623131
2899.0,23.0,female,sneakers,footwear,33.0,new_jersey,xl,peach,summer,4.6,False,credit_card,express,False,False,29.0,credit_card,annually,1.0,2898,2026-04-25 09:50:22.623131
2900.0,50.0,female,boots,footwear,64.0,nebraska,m,gold,spring,4.2,False,paypal,2-day_shipping,False,False,22.0,bank_transfer,fortnightly,1.0,2899,2026-04-25 09:50:22.623131
2901.0,41.0,female,blouse,clothing,67.0,maryland,xl,violet,winter,4.0,False,bank_transfer,standard,False,False,23.0,cash,bi-weekly,1.0,2900,2026-04-25 09:50:22.623131
2902.0,41.0,female,blouse,clothing,43.0,alabama,l,olive,winter,2.6,False,credit_card,free_shipping,False,False,46.0,credit_card,quarterly,1.0,2901,2026-04-25 09:50:22.623131
2903.0,27.0,female,boots,footwear,32.0,north_carolina,s,orange,spring,4.6,False,debit_card,standard,False,False,19.0,paypal,bi-weekly,1.0,2902,2026-04-25 09:50:22.623131
2904.0,38.0,female,scarf,accessories,39.0,delaware,s,teal,spring,3.5,False,venmo,2-day_shipping,False,False,24.0,credit_card,every_3_months,1.0,2903,2026-04-25 09:50:22.623131
2905.0,41.0,female,sandals,footwear,41.0,iowa,m,gray,spring,4.0,False,bank_transfer,2-day_shipping,False,False,43.0,venmo,monthly,1.0,2904,2026-04-25 09:50:22.623131
2906.0,58.0,female,sunglasses,accessories,53.0,new_york,l,black,winter,4.8,False,paypal,standard,False,False,14.0,debit_card,fortnightly,1.0,2905,2026-04-25 09:50:22.623131
2907.0,58.0,female,coat,outerwear,27.0,virginia,m,indigo,spring,3.9,False,paypal,standard,False,False,7.0,venmo,annually,1.0,2906,2026-04-25 09:50:22.623131
2908.0,19.0,female,sunglasses,accessories,82.0,maryland,xl,lavender,summer,3.7,False,cash,next_day_air,False,False,50.0,paypal,bi-weekly,1.0,2907,2026-04-25 09:50:22.623131
2909.0,43.0,female,blouse,clothing,87.0,texas,m,beige,winter,3.1,False,debit_card,store_pickup,False,False,15.0,debit_card,every_3_months,1.0,2908,2026-04-25 09:50:22.623131
2910.0,27.0,female,backpack,accessories,78.0,louisiana,m,indigo,winter,3.0,False,bank_transfer,next_day_air,False,False,40.0,credit_card,every_3_months,1.0,2909,2026-04-25 09:50:22.623131
2911.0,32.0,female,belt,accessories,32.0,mississippi,m,blue,summer,2.9,False,bank_transfer,store_pickup,False,False,41.0,credit_card,monthly,1.0,2910,2026-04-25 09:50:22.623131
2912.0,28.0,female,socks,clothing,38.0,ohio,xl,orange,fall,2.9,False,debit_card,next_day_air,False,False,34.0,venmo,quarterly,1.0,2911,2026-04-25 09:50:22.623131
2913.0,48.0,female,shoes,footwear,37.0,oregon,m,yellow,winter,4.0,False,cash,standard,False,False,27.0,cash,bi-weekly,1.0,2912,2026-04-25 09:50:22.623131
2914.0,43.0,female,coat,outerwear,83.0,wyoming,l,cyan,winter,3.5,False,debit_card,express,False,False,12.0,cash,every_3_months,1.0,2913,2026-04-25 09:50:22.623131
2915.0,45.0,female,sweater,clothing,72.0,pennsylvania,m,yellow,fall,3.8,False,paypal,express,False,False,1.0,debit_card,bi-weekly,1.0,2914,2026-04-25 09:50:22.623131
2916.0,26.0,female,shirt,clothing,30.0,oregon,m,cyan,fall,4.5,False,credit_card,express,False,False,39.0,debit_card,bi-weekly,1.0,2915,2026-04-25 09:50:22.623131
2917.0,62.0,female,shorts,clothing,66.0,oklahoma,m,green,winter,2.7,False,credit_card,express,False,False,13.0,credit_card,bi-weekly,1.0,2916,2026-04-25 09:50:22.623131
2918.0,58.0,female,shirt,clothing,45.0,colorado,xl,white,winter,2.9,False,cash,store_pickup,False,False,50.0,venmo,annually,1.0,2917,2026-04-25 09:50:22.623131
2919.0,19.0,female,sunglasses,accessories,73.0,new_york,s,black,fall,4.9,False,credit_card,free_shipping,False,False,36.0,cash,weekly,1.0,2918,2026-04-25 09:50:22.623131
2920.0,64.0,female,shoes,footwear,67.0,minnesota,l,charcoal,winter,3.8,False,bank_transfer,standard,False,False,31.0,debit_card,monthly,1.0,2919,2026-04-25 09:50:22.623131
2921.0,33.0,female,sunglasses,accessories,72.0,texas,xl,brown,spring,4.9,False,venmo,free_shipping,False,False,3.0,debit_card,bi-weekly,1.0,2920,2026-04-25 09:50:22.623131
2922.0,20.0,female,handbag,accessories,24.0,wisconsin,m,cyan,fall,4.6,False,venmo,standard,False,False,11.0,cash,fortnightly,1.0,2921,2026-04-25 09:50:22.623131
2923.0,45.0,female,sunglasses,accessories,68.0,kentucky,l,beige,winter,3.5,False,venmo,express,False,False,16.0,paypal,quarterly,1.0,2922,2026-04-25 09:50:22.623131
2924.0,28.0,female,shirt,clothing,70.0,pennsylvania,m,magenta,spring,4.2,False,bank_transfer,2-day_shipping,False,False,12.0,cash,quarterly,1.0,2923,2026-04-25 09:50:22.623131
2925.0,47.0,female,shirt,clothing,64.0,rhode_island,l,indigo,winter,3.7,False,bank_transfer,free_shipping,False,False,37.0,debit_card,every_3_months,1.0,2924,2026-04-25 09:50:22.623131
2926.0,54.0,female,sweater,clothing,91.0,illinois,m,maroon,spring,2.8,False,cash,store_pickup,False,False,43.0,credit_card,every_3_months,1.0,2925,2026-04-25 09:50:22.623131
2927.0,64.0,female,handbag,accessories,82.0,maryland,m,gray,winter,4.8,False,debit_card,2-day_shipping,False,False,9.0,cash,weekly,1.0,2926,2026-04-25 09:50:22.623131
2928.0,45.0,female,shirt,clothing,24.0,missouri,m,black,summer,2.7,False,debit_card,express,False,False,15.0,venmo,bi-weekly,1.0,2927,2026-04-25 09:50:22.623131
2929.0,40.0,female,jewelry,accessories,80.0,alabama,l,yellow,spring,3.6,False,venmo,store_pickup,False,False,17.0,credit_card,weekly,1.0,2928,2026-04-25 09:50:22.623131
2930.0,31.0,female,socks,clothing,53.0,maine,xl,white,winter,4.5,False,debit_card,next_day_air,False,False,42.0,venmo,fortnightly,1.0,2929,2026-04-25 09:50:22.623131
2931.0,38.0,female,t-shirt,clothing,50.0,mississippi,m,orange,spring,4.0,False,credit_card,free_shipping,False,False,14.0,venmo,monthly,1.0,2930,2026-04-25 09:50:22.623131
2932.0,36.0,female,jewelry,accessories,31.0,alabama,m,magenta,fall,4.5,False,cash,2-day_shipping,False,False,49.0,credit_card,bi-weekly,1.0,2931,2026-04-25 09:50:22.623131
2933.0,65.0,female,backpack,accessories,88.0,alaska,l,black,spring,3.9,False,credit_card,express,False,False,3.0,paypal,quarterly,1.0,2932,2026-04-25 09:50:22.623131
2934.0,27.0,female,hat,accessories,52.0,illinois,m,brown,summer,3.8,False,credit_card,standard,False,False,28.0,venmo,monthly,1.0,2933,2026-04-25 09:50:22.623131
2935.0,38.0,female,gloves,accessories,22.0,idaho,m,orange,fall,4.7,False,bank_transfer,next_day_air,False,False,41.0,bank_transfer,quarterly,1.0,2934,2026-04-25 09:50:22.623131
2936.0,58.0,female,sneakers,footwear,27.0,north_carolina,xl,gray,spring,4.6,False,debit_card,standard,False,False,11.0,venmo,weekly,1.0,2935,2026-04-25 09:50:22.623131
2937.0,31.0,female,skirt,clothing,34.0,washington,m,white,spring,3.6,False,debit_card,express,False,False,46.0,paypal,weekly,1.0,2936,2026-04-25 09:50:22.623131
2938.0,28.0,female,handbag,accessories,39.0,west_virginia,m,white,spring,4.3,False,debit_card,2-day_shipping,False,False,15.0,credit_card,weekly,1.0,2937,2026-04-25 09:50:22.623131
2939.0,28.0,female,sunglasses,accessories,53.0,maine,m,violet,fall,3.0,False,cash,standard,False,False,15.0,cash,monthly,1.0,2938,2026-04-25 09:50:22.623131
2940.0,32.0,female,sweater,clothing,46.0,kentucky,m,beige,winter,4.3,False,paypal,express,False,False,34.0,venmo,weekly,1.0,2939,2026-04-25 09:50:22.623131
2941.0,61.0,female,handbag,accessories,85.0,massachusetts,l,beige,summer,4.8,False,venmo,next_day_air,False,False,13.0,cash,monthly,1.0,2940,2026-04-25 09:50:22.623131
2942.0,38.0,female,skirt,clothing,86.0,pennsylvania,l,purple,spring,3.7,False,bank_transfer,free_shipping,False,False,27.0,paypal,monthly,1.0,2941,2026-04-25 09:50:22.623131
2943.0,54.0,female,socks,clothing,63.0,hawaii,m,brown,summer,2.6,False,cash,free_shipping,False,False,37.0,bank_transfer,weekly,1.0,2942,2026-04-25 09:50:22.623131
2944.0,29.0,female,shirt,clothing,44.0,virginia,m,orange,spring,3.4,False,debit_card,standard,False,False,37.0,credit_card,monthly,1.0,2943,2026-04-25 09:50:22.623131
2945.0,50.0,female,sneakers,footwear,95.0,new_york,xl,cyan,summer,3.9,False,cash,free_shipping,False,False,4.0,venmo,every_3_months,1.0,2944,2026-04-25 09:50:22.623131
2946.0,32.0,female,belt,accessories,49.0,delaware,m,charcoal,summer,4.8,False,venmo,free_shipping,False,False,1.0,credit_card,every_3_months,1.0,2945,2026-04-25 09:50:22.623131
2947.0,38.0,female,pants,clothing,77.0,hawaii,l,purple,spring,2.8,False,credit_card,free_shipping,False,False,29.0,bank_transfer,quarterly,1.0,2946,2026-04-25 09:50:22.623131
2948.0,52.0,female,jewelry,accessories,63.0,nebraska,l,peach,spring,4.4,False,venmo,standard,False,False,50.0,venmo,annually,1.0,2947,2026-04-25 09:50:22.623131
2949.0,61.0,female,pants,clothing,83.0,vermont,m,violet,winter,3.1,False,credit_card,standard,False,False,38.0,debit_card,bi-weekly,1.0,2948,2026-04-25 09:50:22.623131
2950.0,25.0,female,jewelry,accessories,93.0,iowa,m,peach,spring,3.8,False,credit_card,store_pickup,False,False,15.0,paypal,annually,1.0,2949,2026-04-25 09:50:22.623131
2951.0,22.0,female,jeans,clothing,91.0,iowa,s,maroon,winter,4.1,False,bank_transfer,2-day_shipping,False,False,44.0,debit_card,every_3_months,1.0,2950,2026-04-25 09:50:22.623131
2952.0,47.0,female,scarf,accessories,99.0,arkansas,l,maroon,fall,4.6,False,credit_card,free_shipping,False,False,14.0,cash,weekly,1.0,2951,2026-04-25 09:50:22.623131
2953.0,50.0,female,belt,accessories,24.0,alabama,m,peach,spring,4.9,False,paypal,next_day_air,False,False,5.0,debit_card,monthly,1.0,2952,2026-04-25 09:50:22.623131
2954.0,45.0,female,dress,clothing,82.0,maryland,m,silver,summer,4.8,False,paypal,next_day_air,False,False,11.0,credit_card,annually,1.0,2953,2026-04-25 09:50:22.623131
2955.0,33.0,female,t-shirt,clothing,28.0,south_dakota,m,indigo,winter,3.9,False,paypal,express,False,False,15.0,credit_card,annually,1.0,2954,2026-04-25 09:50:22.623131
2956.0,42.0,female,boots,footwear,67.0,vermont,m,silver,winter,2.6,False,venmo,free_shipping,False,False,46.0,credit_card,annually,1.0,2955,2026-04-25 09:50:22.623131
2957.0,52.0,female,dress,clothing,88.0,montana,m,olive,fall,3.7,False,paypal,standard,False,False,30.0,venmo,monthly,1.0,2956,2026-04-25 09:50:22.623131
2958.0,69.0,female,jewelry,accessories,70.0,south_dakota,s,gray,fall,4.7,False,cash,standard,False,False,2.0,cash,annually,1.0,2957,2026-04-25 09:50:22.623131
2959.0,55.0,female,skirt,clothing,100.0,ohio,m,black,summer,4.5,False,venmo,standard,False,False,28.0,paypal,monthly,1.0,2958,2026-04-25 09:50:22.623131
2960.0,38.0,female,handbag,accessories,28.0,texas,l,maroon,summer,4.7,False,paypal,free_shipping,False,False,9.0,paypal,quarterly,1.0,2959,2026-04-25 09:50:22.623131
2961.0,57.0,female,coat,outerwear,48.0,indiana,s,olive,spring,3.6,False,venmo,standard,False,False,47.0,credit_card,weekly,1.0,2960,2026-04-25 09:50:22.623131
2962.0,33.0,female,hoodie,clothing,43.0,new_hampshire,s,gold,fall,2.8,False,credit_card,free_shipping,False,False,21.0,debit_card,bi-weekly,1.0,2961,2026-04-25 09:50:22.623131
2963.0,57.0,female,pants,clothing,40.0,california,l,pink,fall,4.0,False,paypal,express,False,False,42.0,credit_card,every_3_months,1.0,2962,2026-04-25 09:50:22.623131
2964.0,52.0,female,boots,footwear,97.0,maine,m,brown,spring,3.6,False,debit_card,free_shipping,False,False,28.0,credit_card,weekly,1.0,2963,2026-04-25 09:50:22.623131
2965.0,44.0,female,coat,outerwear,25.0,ohio,s,white,fall,3.8,False,credit_card,2-day_shipping,False,False,13.0,venmo,fortnightly,1.0,2964,2026-04-25 09:50:22.623131
2966.0,48.0,female,scarf,accessories,45.0,delaware,m,blue,summer,4.4,False,bank_transfer,standard,False,False,25.0,paypal,fortnightly,1.0,2965,2026-04-25 09:50:22.623131
2967.0,52.0,female,boots,footwear,49.0,oklahoma,l,orange,fall,2.8,False,cash,store_pickup,False,False,38.0,debit_card,every_3_months,1.0,2966,2026-04-25 09:50:22.623131
2968.0,34.0,female,sneakers,footwear,36.0,indiana,l,silver,summer,3.4,False,cash,free_shipping,False,False,40.0,venmo,annually,1.0,2967,2026-04-25 09:50:22.623131
2969.0,26.0,female,sweater,clothing,48.0,south_carolina,s,gray,fall,4.9,False,cash,express,False,False,25.0,cash,every_3_months,1.0,2968,2026-04-25 09:50:22.623131
2970.0,36.0,female,belt,accessories,62.0,vermont,s,blue,fall,4.3,False,bank_transfer,next_day_air,False,False,20.0,cash,every_3_months,1.0,2969,2026-04-25 09:50:22.623131
2971.0,24.0,female,jewelry,accessories,74.0,kansas,m,white,winter,3.4,False,bank_transfer,free_shipping,False,False,44.0,credit_card,bi-weekly,1.0,2970,2026-04-25 09:50:22.623131
2972.0,30.0,female,handbag,accessories,100.0,utah,l,yellow,fall,3.9,False,credit_card,next_day_air,False,False,9.0,paypal,every_3_months,1.0,2971,2026-04-25 09:50:22.623131
2973.0,31.0,female,jacket,outerwear,39.0,new_york,s,indigo,fall,4.2,False,venmo,free_shipping,False,False,11.0,venmo,every_3_months,1.0,2972,2026-04-25 09:50:22.623131
2974.0,25.0,female,boots,footwear,65.0,indiana,m,blue,summer,2.7,False,paypal,store_pickup,False,False,3.0,bank_transfer,fortnightly,1.0,2973,2026-04-25 09:50:22.623131
2975.0,57.0,female,sneakers,footwear,99.0,tennessee,xl,peach,summer,4.1,False,cash,store_pickup,False,False,34.0,credit_card,weekly,1.0,2974,2026-04-25 09:50:22.623131
2976.0,61.0,female,scarf,accessories,68.0,georgia,xl,lavender,winter,4.5,False,paypal,2-day_shipping,False,False,48.0,cash,every_3_months,1.0,2975,2026-04-25 09:50:22.623131
2977.0,30.0,female,coat,outerwear,97.0,nebraska,m,silver,summer,2.8,False,debit_card,express,False,False,28.0,cash,fortnightly,1.0,2976,2026-04-25 09:50:22.623131
2978.0,38.0,female,shorts,clothing,47.0,washington,l,gold,winter,3.4,False,paypal,standard,False,False,20.0,venmo,annually,1.0,2977,2026-04-25 09:50:22.623131
2979.0,53.0,female,shorts,clothing,56.0,idaho,s,cyan,spring,3.9,False,credit_card,free_shipping,False,False,49.0,bank_transfer,fortnightly,1.0,2978,2026-04-25 09:50:22.623131
2980.0,31.0,female,jeans,clothing,91.0,louisiana,l,olive,fall,2.6,False,paypal,next_day_air,False,False,14.0,paypal,weekly,1.0,2979,2026-04-25 09:50:22.623131
2981.0,70.0,female,gloves,accessories,93.0,new_jersey,l,teal,fall,4.4,False,cash,2-day_shipping,False,False,9.0,bank_transfer,monthly,1.0,2980,2026-04-25 09:50:22.623131
2982.0,21.0,female,pants,clothing,36.0,delaware,l,pink,winter,4.9,False,paypal,standard,False,False,37.0,venmo,annually,1.0,2981,2026-04-25 09:50:22.623131
2983.0,33.0,female,dress,clothing,45.0,wisconsin,m,orange,summer,3.6,False,venmo,store_pickup,False,False,4.0,credit_card,weekly,1.0,2982,2026-04-25 09:50:22.623131
2984.0,60.0,female,pants,clothing,44.0,west_virginia,m,charcoal,winter,2.8,False,venmo,2-day_shipping,False,False,1.0,credit_card,quarterly,1.0,2983,2026-04-25 09:50:22.623131
2985.0,45.0,female,gloves,accessories,32.0,texas,l,red,spring,4.3,False,paypal,2-day_shipping,False,False,36.0,debit_card,bi-weekly,1.0,2984,2026-04-25 09:50:22.623131
2986.0,46.0,female,belt,accessories,36.0,hawaii,s,teal,summer,3.0,False,venmo,express,False,False,21.0,cash,bi-weekly,1.0,2985,2026-04-25 09:50:22.623131
2987.0,62.0,female,belt,accessories,85.0,arizona,s,silver,summer,3.3,False,credit_card,2-day_shipping,False,False,16.0,credit_card,monthly,1.0,2986,2026-04-25 09:50:22.623131
2988.0,63.0,female,skirt,clothing,36.0,louisiana,l,black,winter,2.5,False,debit_card,store_pickup,False,False,42.0,cash,monthly,1.0,2987,2026-04-25 09:50:22.623131
2989.0,69.0,female,socks,clothing,55.0,nevada,s,pink,spring,5.0,False,debit_card,2-day_shipping,False,False,31.0,debit_card,monthly,1.0,2988,2026-04-25 09:50:22.623131
2990.0,46.0,female,belt,accessories,20.0,rhode_island,xl,teal,summer,4.3,False,cash,2-day_shipping,False,False,6.0,credit_card,weekly,1.0,2989,2026-04-25 09:50:22.623131
2991.0,69.0,female,shirt,clothing,91.0,illinois,m,teal,fall,4.2,False,venmo,free_shipping,False,False,24.0,venmo,monthly,1.0,2990,2026-04-25 09:50:22.623131
2992.0,66.0,female,dress,clothing,71.0,utah,l,green,summer,3.9,False,paypal,standard,False,False,7.0,paypal,bi-weekly,1.0,2991,2026-04-25 09:50:22.623131
2993.0,41.0,female,socks,clothing,64.0,north_dakota,m,charcoal,spring,3.9,False,bank_transfer,store_pickup,False,False,25.0,venmo,weekly,1.0,2992,2026-04-25 09:50:22.623131
2994.0,32.0,female,jacket,outerwear,21.0,kansas,l,indigo,spring,4.2,False,bank_transfer,free_shipping,False,False,18.0,cash,bi-weekly,1.0,2993,2026-04-25 09:50:22.623131
2995.0,69.0,female,sweater,clothing,100.0,nevada,s,white,winter,3.5,False,cash,store_pickup,False,False,14.0,bank_transfer,quarterly,1.0,2994,2026-04-25 09:50:22.623131
2996.0,29.0,female,jeans,clothing,96.0,virginia,m,orange,summer,2.5,False,venmo,standard,False,False,42.0,debit_card,bi-weekly,1.0,2995,2026-04-25 09:50:22.623131
2997.0,70.0,female,jewelry,accessories,91.0,utah,m,white,spring,2.9,False,credit_card,express,False,False,6.0,venmo,every_3_months,1.0,2996,2026-04-25 09:50:22.623131
2998.0,41.0,female,sweater,clothing,40.0,idaho,s,yellow,spring,2.7,False,venmo,next_day_air,False,False,14.0,venmo,every_3_months,1.0,2997,2026-04-25 09:50:22.623131
2999.0,31.0,female,hoodie,clothing,53.0,alaska,m,red,summer,4.7,False,venmo,express,False,False,30.0,debit_card,quarterly,1.0,2998,2026-04-25 09:50:22.623131
3000.0,31.0,female,sunglasses,accessories,48.0,new_hampshire,s,charcoal,winter,3.8,False,bank_transfer,standard,False,False,10.0,cash,monthly,1.0,2999,2026-04-25 09:50:22.623131
3001.0,57.0,female,sandals,footwear,70.0,ohio,m,lavender,winter,3.7,False,cash,express,False,False,7.0,paypal,weekly,1.0,3000,2026-04-25 09:50:22.623131
3002.0,29.0,female,coat,outerwear,29.0,montana,l,charcoal,summer,4.7,False,credit_card,express,False,False,28.0,credit_card,quarterly,1.0,3001,2026-04-25 09:50:22.623131
3003.0,70.0,female,belt,accessories,29.0,louisiana,m,maroon,fall,3.6,False,cash,next_day_air,False,False,19.0,bank_transfer,quarterly,1.0,3002,2026-04-25 09:50:22.623131
3004.0,51.0,female,blouse,clothing,53.0,oregon,m,brown,fall,2.8,False,venmo,express,False,False,13.0,credit_card,every_3_months,1.0,3003,2026-04-25 09:50:22.623131
3005.0,45.0,female,skirt,clothing,79.0,arizona,m,lavender,winter,3.7,False,venmo,store_pickup,False,False,23.0,venmo,fortnightly,1.0,3004,2026-04-25 09:50:22.623131
3006.0,18.0,female,shorts,clothing,65.0,alaska,xl,brown,spring,3.5,False,bank_transfer,express,False,False,5.0,venmo,weekly,1.0,3005,2026-04-25 09:50:22.623131
3007.0,37.0,female,dress,clothing,99.0,utah,m,olive,summer,3.7,False,venmo,store_pickup,False,False,17.0,venmo,bi-weekly,1.0,3006,2026-04-25 09:50:22.623131
3008.0,23.0,female,sunglasses,accessories,60.0,new_york,l,lavender,winter,3.0,False,debit_card,next_day_air,False,False,31.0,venmo,weekly,1.0,3007,2026-04-25 09:50:22.623131
3009.0,39.0,female,shoes,footwear,86.0,new_mexico,m,gold,winter,4.9,False,cash,free_shipping,False,False,19.0,paypal,weekly,1.0,3008,2026-04-25 09:50:22.623131
3010.0,62.0,female,belt,accessories,73.0,louisiana,m,silver,winter,4.6,False,venmo,free_shipping,False,False,8.0,venmo,fortnightly,1.0,3009,2026-04-25 09:50:22.623131
3011.0,70.0,female,belt,accessories,45.0,ohio,m,violet,winter,3.3,False,bank_transfer,free_shipping,False,False,15.0,credit_card,annually,1.0,3010,2026-04-25 09:50:22.623131
3012.0,20.0,female,belt,accessories,70.0,nevada,s,brown,summer,3.0,False,bank_transfer,next_day_air,False,False,18.0,credit_card,every_3_months,1.0,3011,2026-04-25 09:50:22.623131
3013.0,42.0,female,belt,accessories,65.0,idaho,m,teal,fall,3.5,False,credit_card,standard,False,False,16.0,paypal,annually,1.0,3012,2026-04-25 09:50:22.623131
3014.0,41.0,female,skirt,clothing,55.0,arizona,l,peach,summer,4.2,False,debit_card,store_pickup,False,False,13.0,cash,monthly,1.0,3013,2026-04-25 09:50:22.623131
3015.0,24.0,female,t-shirt,clothing,65.0,utah,m,maroon,spring,4.5,False,credit_card,express,False,False,38.0,paypal,every_3_months,1.0,3014,2026-04-25 09:50:22.623131
3016.0,37.0,female,scarf,accessories,21.0,wyoming,xl,lavender,spring,2.8,False,venmo,express,False,False,27.0,bank_transfer,bi-weekly,1.0,3015,2026-04-25 09:50:22.623131
3017.0,30.0,female,blouse,clothing,26.0,indiana,l,lavender,summer,4.9,False,credit_card,store_pickup,False,False,31.0,bank_transfer,quarterly,1.0,3016,2026-04-25 09:50:22.623131
3018.0,58.0,female,sunglasses,accessories,71.0,wisconsin,s,purple,summer,3.3,False,bank_transfer,next_day_air,False,False,24.0,cash,bi-weekly,1.0,3017,2026-04-25 09:50:22.623131
3019.0,43.0,female,boots,footwear,41.0,texas,m,green,summer,3.0,False,debit_card,free_shipping,False,False,21.0,debit_card,bi-weekly,1.0,3018,2026-04-25 09:50:22.623131
3020.0,19.0,female,jacket,outerwear,44.0,utah,m,yellow,winter,3.9,False,venmo,2-day_shipping,False,False,15.0,paypal,annually,1.0,3019,2026-04-25 09:50:22.623131
3021.0,23.0,female,jeans,clothing,81.0,arkansas,s,charcoal,fall,2.8,False,bank_transfer,store_pickup,False,False,48.0,venmo,every_3_months,1.0,3020,2026-04-25 09:50:22.623131
3022.0,65.0,female,sunglasses,accessories,77.0,pennsylvania,s,blue,summer,4.5,False,debit_card,2-day_shipping,False,False,47.0,cash,quarterly,1.0,3021,2026-04-25 09:50:22.623131
3023.0,58.0,female,sandals,footwear,26.0,georgia,m,lavender,fall,4.0,False,debit_card,free_shipping,False,False,23.0,paypal,weekly,1.0,3022,2026-04-25 09:50:22.623131
3024.0,50.0,female,backpack,accessories,31.0,indiana,m,brown,summer,2.9,False,paypal,express,False,False,4.0,paypal,quarterly,1.0,3023,2026-04-25 09:50:22.623131
3025.0,67.0,female,blouse,clothing,82.0,idaho,s,white,spring,4.0,False,credit_card,free_shipping,False,False,47.0,credit_card,every_3_months,1.0,3024,2026-04-25 09:50:22.623131
3026.0,40.0,female,shoes,footwear,60.0,montana,xl,green,summer,3.4,False,debit_card,store_pickup,False,False,7.0,paypal,monthly,1.0,3025,2026-04-25 09:50:22.623131
3027.0,55.0,female,shirt,clothing,70.0,tennessee,l,magenta,fall,2.5,False,venmo,free_shipping,False,False,6.0,credit_card,annually,1.0,3026,2026-04-25 09:50:22.623131
3028.0,52.0,female,hoodie,clothing,26.0,west_virginia,xl,peach,winter,2.8,False,bank_transfer,2-day_shipping,False,False,47.0,credit_card,quarterly,1.0,3027,2026-04-25 09:50:22.623131
3029.0,62.0,female,dress,clothing,100.0,california,l,charcoal,summer,3.0,False,paypal,free_shipping,False,False,7.0,paypal,every_3_months,1.0,3028,2026-04-25 09:50:22.623131
3030.0,64.0,female,dress,clothing,82.0,georgia,m,gold,summer,3.1,False,bank_transfer,free_shipping,False,False,1.0,debit_card,quarterly,1.0,3029,2026-04-25 09:50:22.623131
3031.0,43.0,female,sneakers,footwear,24.0,maryland,xl,purple,spring,2.6,False,paypal,2-day_shipping,False,False,23.0,credit_card,weekly,1.0,3030,2026-04-25 09:50:22.623131
3032.0,61.0,female,blouse,clothing,74.0,idaho,l,teal,summer,4.9,False,paypal,2-day_shipping,False,False,30.0,credit_card,monthly,1.0,3031,2026-04-25 09:50:22.623131
3033.0,26.0,female,backpack,accessories,58.0,california,xl,green,summer,3.5,False,debit_card,next_day_air,False,False,24.0,credit_card,quarterly,1.0,3032,2026-04-25 09:50:22.623131
3034.0,22.0,female,sweater,clothing,56.0,alabama,l,orange,spring,2.6,False,paypal,store_pickup,False,False,9.0,paypal,weekly,1.0,3033,2026-04-25 09:50:22.623131
3035.0,51.0,female,boots,footwear,37.0,utah,l,peach,spring,3.5,False,paypal,2-day_shipping,False,False,25.0,credit_card,quarterly,1.0,3034,2026-04-25 09:50:22.623131
3036.0,69.0,female,handbag,accessories,64.0,kentucky,m,gold,spring,4.5,False,bank_transfer,free_shipping,False,False,18.0,cash,bi-weekly,1.0,3035,2026-04-25 09:50:22.623131
3037.0,50.0,female,hoodie,clothing,58.0,vermont,s,violet,spring,4.3,False,paypal,next_day_air,False,False,7.0,venmo,fortnightly,1.0,3036,2026-04-25 09:50:22.623131
3038.0,51.0,female,belt,accessories,44.0,iowa,l,charcoal,summer,4.8,False,debit_card,next_day_air,False,False,2.0,cash,annually,1.0,3037,2026-04-25 09:50:22.623131
3039.0,56.0,female,jewelry,accessories,39.0,georgia,m,brown,summer,4.2,False,bank_transfer,free_shipping,False,False,36.0,debit_card,annually,1.0,3038,2026-04-25 09:50:22.623131
3040.0,59.0,female,blouse,clothing,48.0,alabama,l,blue,spring,3.2,False,bank_transfer,next_day_air,False,False,31.0,paypal,bi-weekly,1.0,3039,2026-04-25 09:50:22.623131
3041.0,18.0,female,handbag,accessories,32.0,nebraska,m,gold,fall,4.1,False,paypal,express,False,False,10.0,cash,fortnightly,1.0,3040,2026-04-25 09:50:22.623131
3042.0,48.0,female,handbag,accessories,79.0,rhode_island,m,orange,winter,4.0,False,credit_card,express,False,False,27.0,paypal,monthly,1.0,3041,2026-04-25 09:50:22.623131
3043.0,53.0,female,coat,outerwear,27.0,south_dakota,l,turquoise,winter,2.9,False,credit_card,next_day_air,False,False,14.0,paypal,every_3_months,1.0,3042,2026-04-25 09:50:22.623131
3044.0,45.0,female,belt,accessories,98.0,illinois,s,peach,fall,2.6,False,debit_card,store_pickup,False,False,17.0,credit_card,monthly,1.0,3043,2026-04-25 09:50:22.623131
3045.0,21.0,female,boots,footwear,67.0,north_carolina,m,magenta,winter,2.7,False,paypal,free_shipping,False,False,10.0,bank_transfer,quarterly,1.0,3044,2026-04-25 09:50:22.623131
3046.0,42.0,female,socks,clothing,37.0,florida,l,black,winter,4.6,False,debit_card,2-day_shipping,False,False,4.0,paypal,bi-weekly,1.0,3045,2026-04-25 09:50:22.623131
3047.0,60.0,female,shoes,footwear,49.0,pennsylvania,m,white,spring,3.2,False,bank_transfer,store_pickup,False,False,25.0,cash,every_3_months,1.0,3046,2026-04-25 09:50:22.623131
3048.0,21.0,female,sneakers,footwear,74.0,vermont,m,violet,fall,4.1,False,cash,2-day_shipping,False,False,3.0,paypal,bi-weekly,1.0,3047,2026-04-25 09:50:22.623131
3049.0,69.0,female,jewelry,accessories,93.0,colorado,m,olive,summer,3.9,False,paypal,standard,False,False,47.0,venmo,fortnightly,1.0,3048,2026-04-25 09:50:22.623131
3050.0,40.0,female,handbag,accessories,60.0,utah,l,red,summer,3.0,False,debit_card,next_day_air,False,False,41.0,bank_transfer,bi-weekly,1.0,3049,2026-04-25 09:50:22.623131
3051.0,31.0,female,coat,outerwear,76.0,kentucky,s,green,spring,3.6,False,cash,standard,False,False,28.0,venmo,every_3_months,1.0,3050,2026-04-25 09:50:22.623131
3052.0,44.0,female,sunglasses,accessories,64.0,wyoming,l,gold,summer,4.6,False,venmo,express,False,False,49.0,debit_card,every_3_months,1.0,3051,2026-04-25 09:50:22.623131
3053.0,48.0,female,shoes,footwear,38.0,maine,xl,olive,spring,4.5,False,credit_card,store_pickup,False,False,7.0,bank_transfer,fortnightly,1.0,3052,2026-04-25 09:50:22.623131
3054.0,32.0,female,shoes,footwear,91.0,maine,l,brown,winter,3.2,False,credit_card,next_day_air,False,False,22.0,bank_transfer,monthly,1.0,3053,2026-04-25 09:50:22.623131
3055.0,42.0,female,boots,footwear,70.0,new_hampshire,s,magenta,summer,4.9,False,cash,2-day_shipping,False,False,34.0,venmo,monthly,1.0,3054,2026-04-25 09:50:22.623131
3056.0,27.0,female,sandals,footwear,22.0,kansas,m,violet,fall,5.0,False,bank_transfer,standard,False,False,5.0,debit_card,bi-weekly,1.0,3055,2026-04-25 09:50:22.623131
3057.0,69.0,female,gloves,accessories,59.0,new_jersey,m,beige,spring,3.8,False,credit_card,standard,False,False,15.0,cash,bi-weekly,1.0,3056,2026-04-25 09:50:22.623131
3058.0,67.0,female,backpack,accessories,22.0,north_carolina,m,blue,spring,3.4,False,paypal,next_day_air,False,False,26.0,bank_transfer,weekly,1.0,3057,2026-04-25 09:50:22.623131
3059.0,41.0,female,handbag,accessories,74.0,west_virginia,s,orange,winter,3.8,False,venmo,store_pickup,False,False,3.0,bank_transfer,fortnightly,1.0,3058,2026-04-25 09:50:22.623131
3060.0,46.0,female,sweater,clothing,71.0,kentucky,l,maroon,spring,3.2,False,paypal,express,False,False,42.0,credit_card,quarterly,1.0,3059,2026-04-25 09:50:22.623131
3061.0,47.0,female,coat,outerwear,80.0,california,s,charcoal,summer,4.7,False,credit_card,store_pickup,False,False,1.0,venmo,monthly,1.0,3060,2026-04-25 09:50:22.623131
3062.0,33.0,female,t-shirt,clothing,59.0,south_dakota,l,olive,fall,4.5,False,debit_card,express,False,False,20.0,paypal,every_3_months,1.0,3061,2026-04-25 09:50:22.623131
3063.0,51.0,female,backpack,accessories,96.0,california,l,green,fall,3.3,False,bank_transfer,standard,False,False,39.0,paypal,monthly,1.0,3062,2026-04-25 09:50:22.623131
3064.0,26.0,female,sunglasses,accessories,43.0,connecticut,l,brown,winter,3.9,False,debit_card,store_pickup,False,False,24.0,credit_card,fortnightly,1.0,3063,2026-04-25 09:50:22.623131
3065.0,22.0,female,belt,accessories,76.0,idaho,s,cyan,winter,3.6,False,debit_card,express,False,False,49.0,bank_transfer,quarterly,1.0,3064,2026-04-25 09:50:22.623131
3066.0,49.0,female,jacket,outerwear,59.0,north_dakota,m,beige,fall,2.8,False,debit_card,store_pickup,False,False,7.0,venmo,bi-weekly,1.0,3065,2026-04-25 09:50:22.623131
3067.0,58.0,female,skirt,clothing,48.0,michigan,l,teal,summer,4.3,False,cash,free_shipping,False,False,13.0,venmo,every_3_months,1.0,3066,2026-04-25 09:50:22.623131
3068.0,70.0,female,belt,accessories,22.0,missouri,s,gray,spring,3.5,False,bank_transfer,free_shipping,False,False,2.0,cash,weekly,1.0,3067,2026-04-25 09:50:22.623131
3069.0,32.0,female,boots,footwear,40.0,california,m,indigo,winter,4.2,False,bank_transfer,express,False,False,4.0,debit_card,weekly,1.0,3068,2026-04-25 09:50:22.623131
3070.0,62.0,female,jeans,clothing,73.0,delaware,l,magenta,spring,4.6,False,venmo,express,False,False,17.0,debit_card,quarterly,1.0,3069,2026-04-25 09:50:22.623131
3071.0,52.0,female,shoes,footwear,26.0,alabama,xl,red,fall,2.6,False,debit_card,free_shipping,False,False,43.0,paypal,bi-weekly,1.0,3070,2026-04-25 09:50:22.623131
3072.0,23.0,female,sweater,clothing,41.0,new_hampshire,l,turquoise,spring,3.4,False,debit_card,next_day_air,False,False,6.0,paypal,monthly,1.0,3071,2026-04-25 09:50:22.623131
3073.0,26.0,female,jewelry,accessories,98.0,new_york,l,peach,spring,3.1,False,venmo,standard,False,False,46.0,paypal,quarterly,1.0,3072,2026-04-25 09:50:22.623131
3074.0,58.0,female,shirt,clothing,63.0,oregon,l,white,winter,3.6,False,paypal,free_shipping,False,False,7.0,debit_card,bi-weekly,1.0,3073,2026-04-25 09:50:22.623131
3075.0,26.0,female,boots,footwear,55.0,massachusetts,l,maroon,winter,4.2,False,bank_transfer,next_day_air,False,False,34.0,debit_card,fortnightly,1.0,3074,2026-04-25 09:50:22.623131
3076.0,54.0,female,shorts,clothing,90.0,utah,xl,beige,winter,3.6,False,credit_card,standard,False,False,21.0,paypal,every_3_months,1.0,3075,2026-04-25 09:50:22.623131
3077.0,66.0,female,handbag,accessories,46.0,new_hampshire,m,blue,summer,3.6,False,credit_card,express,False,False,13.0,venmo,bi-weekly,1.0,3076,2026-04-25 09:50:22.623131
3078.0,60.0,female,sweater,clothing,88.0,illinois,s,red,spring,3.0,False,venmo,store_pickup,False,False,33.0,debit_card,bi-weekly,1.0,3077,2026-04-25 09:50:22.623131
3079.0,32.0,female,belt,accessories,95.0,alaska,m,blue,spring,2.5,False,bank_transfer,2-day_shipping,False,False,24.0,bank_transfer,bi-weekly,1.0,3078,2026-04-25 09:50:22.623131
3080.0,48.0,female,belt,accessories,31.0,wyoming,m,maroon,fall,4.0,False,credit_card,store_pickup,False,False,4.0,bank_transfer,annually,1.0,3079,2026-04-25 09:50:22.623131
3081.0,69.0,female,hoodie,clothing,42.0,colorado,l,yellow,spring,4.1,False,paypal,next_day_air,False,False,5.0,cash,bi-weekly,1.0,3080,2026-04-25 09:50:22.623131
3082.0,64.0,female,sneakers,footwear,44.0,vermont,l,pink,winter,4.9,False,debit_card,next_day_air,False,False,11.0,credit_card,weekly,1.0,3081,2026-04-25 09:50:22.623131
3083.0,56.0,female,t-shirt,clothing,99.0,utah,m,maroon,spring,4.0,False,venmo,next_day_air,False,False,20.0,bank_transfer,annually,1.0,3082,2026-04-25 09:50:22.623131
3084.0,22.0,female,pants,clothing,20.0,illinois,s,purple,summer,3.5,False,venmo,store_pickup,False,False,28.0,paypal,quarterly,1.0,3083,2026-04-25 09:50:22.623131
3085.0,46.0,female,scarf,accessories,37.0,idaho,s,indigo,spring,3.2,False,bank_transfer,store_pickup,False,False,43.0,paypal,monthly,1.0,3084,2026-04-25 09:50:22.623131
3086.0,24.0,female,sweater,clothing,50.0,nevada,l,gray,winter,2.8,False,credit_card,store_pickup,False,False,10.0,venmo,every_3_months,1.0,3085,2026-04-25 09:50:22.623131
3087.0,47.0,female,handbag,accessories,73.0,utah,m,lavender,summer,3.5,False,debit_card,next_day_air,False,False,26.0,venmo,every_3_months,1.0,3086,2026-04-25 09:50:22.623131
3088.0,62.0,female,shirt,clothing,84.0,north_carolina,m,charcoal,spring,3.1,False,cash,free_shipping,False,False,29.0,bank_transfer,monthly,1.0,3087,2026-04-25 09:50:22.623131
3089.0,34.0,female,dress,clothing,64.0,arkansas,m,teal,spring,3.3,False,paypal,store_pickup,False,False,35.0,bank_transfer,quarterly,1.0,3088,2026-04-25 09:50:22.623131
3090.0,50.0,female,sandals,footwear,21.0,north_carolina,l,blue,fall,4.6,False,debit_card,free_shipping,False,False,23.0,cash,bi-weekly,1.0,3089,2026-04-25 09:50:22.623131
3091.0,29.0,female,shirt,clothing,36.0,texas,m,peach,summer,4.9,False,paypal,store_pickup,False,False,15.0,bank_transfer,quarterly,1.0,3090,2026-04-25 09:50:22.623131
3092.0,68.0,female,dress,clothing,81.0,nevada,l,orange,winter,3.4,False,bank_transfer,2-day_shipping,False,False,46.0,credit_card,annually,1.0,3091,2026-04-25 09:50:22.623131
3093.0,52.0,female,sunglasses,accessories,54.0,utah,l,silver,fall,3.5,False,cash,next_day_air,False,False,14.0,bank_transfer,bi-weekly,1.0,3092,2026-04-25 09:50:22.623131
3094.0,29.0,female,socks,clothing,63.0,pennsylvania,l,red,summer,4.8,False,bank_transfer,store_pickup,False,False,17.0,cash,every_3_months,1.0,3093,2026-04-25 09:50:22.623131
3095.0,22.0,female,sandals,footwear,59.0,georgia,m,gray,summer,2.7,False,bank_transfer,store_pickup,False,False,9.0,cash,weekly,1.0,3094,2026-04-25 09:50:22.623131
3096.0,62.0,female,hat,accessories,53.0,minnesota,s,beige,fall,3.4,False,cash,standard,False,False,13.0,venmo,fortnightly,1.0,3095,2026-04-25 09:50:22.623131
3097.0,69.0,female,shirt,clothing,63.0,kansas,l,white,winter,3.5,False,paypal,next_day_air,False,False,20.0,bank_transfer,monthly,1.0,3096,2026-04-25 09:50:22.623131
3098.0,48.0,female,shoes,footwear,33.0,delaware,m,silver,fall,3.7,False,debit_card,free_shipping,False,False,39.0,bank_transfer,quarterly,1.0,3097,2026-04-25 09:50:22.623131
3099.0,66.0,female,pants,clothing,64.0,new_mexico,l,cyan,summer,3.3,False,bank_transfer,next_day_air,False,False,50.0,bank_transfer,quarterly,1.0,3098,2026-04-25 09:50:22.623131
3100.0,42.0,female,shirt,clothing,98.0,michigan,s,maroon,fall,2.9,False,venmo,free_shipping,False,False,21.0,bank_transfer,bi-weekly,1.0,3099,2026-04-25 09:50:22.623131
3101.0,50.0,female,hat,accessories,85.0,vermont,l,purple,winter,3.9,False,venmo,express,False,False,3.0,bank_transfer,weekly,1.0,3100,2026-04-25 09:50:22.623131
3102.0,32.0,female,jewelry,accessories,82.0,idaho,s,brown,summer,2.7,False,paypal,express,False,False,9.0,paypal,fortnightly,1.0,3101,2026-04-25 09:50:22.623131
3103.0,51.0,female,jacket,outerwear,85.0,south_dakota,m,green,summer,4.3,False,bank_transfer,standard,False,False,29.0,cash,bi-weekly,1.0,3102,2026-04-25 09:50:22.623131
3104.0,27.0,female,shirt,clothing,37.0,illinois,s,peach,winter,3.0,False,paypal,2-day_shipping,False,False,42.0,bank_transfer,weekly,1.0,3103,2026-04-25 09:50:22.623131
3105.0,43.0,female,pants,clothing,56.0,georgia,s,turquoise,summer,5.0,False,paypal,2-day_shipping,False,False,41.0,debit_card,fortnightly,1.0,3104,2026-04-25 09:50:22.623131
3106.0,48.0,female,skirt,clothing,33.0,oregon,m,olive,fall,2.7,False,debit_card,express,False,False,17.0,debit_card,monthly,1.0,3105,2026-04-25 09:50:22.623131
3107.0,62.0,female,sandals,footwear,57.0,alabama,m,yellow,winter,4.7,False,venmo,next_day_air,False,False,20.0,paypal,annually,1.0,3106,2026-04-25 09:50:22.623131
3108.0,65.0,female,blouse,clothing,31.0,hawaii,l,gray,winter,4.6,False,debit_card,standard,False,False,18.0,credit_card,bi-weekly,1.0,3107,2026-04-25 09:50:22.623131
3109.0,50.0,female,socks,clothing,69.0,oregon,m,purple,fall,3.2,False,bank_transfer,2-day_shipping,False,False,7.0,paypal,monthly,1.0,3108,2026-04-25 09:50:22.623131
3110.0,60.0,female,jacket,outerwear,92.0,illinois,m,gray,winter,4.3,False,credit_card,free_shipping,False,False,47.0,bank_transfer,fortnightly,1.0,3109,2026-04-25 09:50:22.623131
3111.0,19.0,female,handbag,accessories,46.0,texas,l,lavender,fall,4.6,False,bank_transfer,next_day_air,False,False,2.0,bank_transfer,bi-weekly,1.0,3110,2026-04-25 09:50:22.623131
3112.0,21.0,female,belt,accessories,81.0,kansas,xl,indigo,spring,4.9,False,paypal,free_shipping,False,False,25.0,debit_card,quarterly,1.0,3111,2026-04-25 09:50:22.623131
3113.0,19.0,female,blouse,clothing,97.0,texas,s,green,fall,3.8,False,cash,express,False,False,26.0,venmo,annually,1.0,3112,2026-04-25 09:50:22.623131
3114.0,46.0,female,shirt,clothing,93.0,nebraska,l,green,summer,2.6,False,paypal,express,False,False,2.0,debit_card,weekly,1.0,3113,2026-04-25 09:50:22.623131
3115.0,21.0,female,handbag,accessories,56.0,arkansas,m,olive,spring,4.7,False,venmo,store_pickup,False,False,45.0,venmo,bi-weekly,1.0,3114,2026-04-25 09:50:22.623131
3116.0,26.0,female,scarf,accessories,53.0,south_dakota,m,charcoal,fall,4.1,False,paypal,free_shipping,False,False,9.0,bank_transfer,bi-weekly,1.0,3115,2026-04-25 09:50:22.623131
3117.0,50.0,female,coat,outerwear,66.0,montana,l,gray,spring,3.7,False,debit_card,store_pickup,False,False,1.0,venmo,weekly,1.0,3116,2026-04-25 09:50:22.623131
3118.0,43.0,female,hoodie,clothing,50.0,florida,m,olive,fall,3.0,False,credit_card,free_shipping,False,False,4.0,paypal,bi-weekly,1.0,3117,2026-04-25 09:50:22.623131
3119.0,61.0,female,shorts,clothing,97.0,virginia,l,blue,summer,4.7,False,venmo,standard,False,False,31.0,debit_card,quarterly,1.0,3118,2026-04-25 09:50:22.623131
3120.0,63.0,female,sandals,footwear,79.0,louisiana,xl,silver,winter,4.7,False,cash,2-day_shipping,False,False,21.0,credit_card,every_3_months,1.0,3119,2026-04-25 09:50:22.623131
3121.0,46.0,female,shirt,clothing,76.0,louisiana,m,magenta,fall,4.0,False,venmo,store_pickup,False,False,32.0,debit_card,fortnightly,1.0,3120,2026-04-25 09:50:22.623131
3122.0,63.0,female,hoodie,clothing,38.0,louisiana,l,black,fall,2.6,False,credit_card,standard,False,False,16.0,venmo,weekly,1.0,3121,2026-04-25 09:50:22.623131
3123.0,23.0,female,socks,clothing,45.0,georgia,m,pink,fall,3.0,False,debit_card,express,False,False,34.0,credit_card,fortnightly,1.0,3122,2026-04-25 09:50:22.623131
3124.0,57.0,female,handbag,accessories,77.0,iowa,xl,red,fall,3.3,False,paypal,next_day_air,False,False,40.0,venmo,bi-weekly,1.0,3123,2026-04-25 09:50:22.623131
3125.0,57.0,female,jewelry,accessories,51.0,california,m,peach,summer,3.4,False,venmo,standard,False,False,4.0,cash,every_3_months,1.0,3124,2026-04-25 09:50:22.623131
3126.0,33.0,female,coat,outerwear,26.0,oregon,l,lavender,spring,4.0,False,venmo,standard,False,False,3.0,cash,quarterly,1.0,3125,2026-04-25 09:50:22.623131
3127.0,57.0,female,sunglasses,accessories,76.0,maine,l,lavender,winter,2.6,False,paypal,store_pickup,False,False,28.0,bank_transfer,bi-weekly,1.0,3126,2026-04-25 09:50:22.623131
3128.0,55.0,female,gloves,accessories,94.0,louisiana,m,beige,winter,3.4,False,credit_card,free_shipping,False,False,43.0,credit_card,every_3_months,1.0,3127,2026-04-25 09:50:22.623131
3129.0,65.0,female,jacket,outerwear,32.0,arkansas,s,indigo,fall,4.4,False,paypal,standard,False,False,20.0,cash,annually,1.0,3128,2026-04-25 09:50:22.623131
3130.0,60.0,female,sandals,footwear,20.0,maryland,s,cyan,summer,4.7,False,paypal,express,False,False,40.0,venmo,every_3_months,1.0,3129,2026-04-25 09:50:22.623131
3131.0,52.0,female,pants,clothing,20.0,vermont,m,yellow,summer,4.5,False,paypal,store_pickup,False,False,34.0,venmo,every_3_months,1.0,3130,2026-04-25 09:50:22.623131
3132.0,34.0,female,jacket,outerwear,59.0,north_dakota,m,peach,fall,2.9,False,cash,store_pickup,False,False,11.0,bank_transfer,every_3_months,1.0,3131,2026-04-25 09:50:22.623131
3133.0,33.0,female,sweater,clothing,97.0,michigan,m,yellow,summer,4.2,False,cash,express,False,False,26.0,cash,quarterly,1.0,3132,2026-04-25 09:50:22.623131
3134.0,58.0,female,t-shirt,clothing,68.0,arkansas,m,orange,spring,4.1,False,credit_card,next_day_air,False,False,29.0,cash,bi-weekly,1.0,3133,2026-04-25 09:50:22.623131
3135.0,35.0,female,boots,footwear,66.0,kentucky,l,gray,spring,4.4,False,venmo,store_pickup,False,False,47.0,bank_transfer,weekly,1.0,3134,2026-04-25 09:50:22.623131
3136.0,68.0,female,shoes,footwear,85.0,indiana,l,yellow,spring,4.7,False,bank_transfer,free_shipping,False,False,48.0,venmo,fortnightly,1.0,3135,2026-04-25 09:50:22.623131
3137.0,58.0,female,skirt,clothing,32.0,minnesota,m,gray,fall,3.1,False,bank_transfer,next_day_air,False,False,29.0,cash,bi-weekly,1.0,3136,2026-04-25 09:50:22.623131
3138.0,34.0,female,coat,outerwear,44.0,louisiana,m,turquoise,spring,2.7,False,cash,2-day_shipping,False,False,14.0,bank_transfer,monthly,1.0,3137,2026-04-25 09:50:22.623131
3139.0,47.0,female,blouse,clothing,95.0,kentucky,l,gray,fall,4.6,False,venmo,next_day_air,False,False,40.0,cash,every_3_months,1.0,3138,2026-04-25 09:50:22.623131
3140.0,35.0,female,sunglasses,accessories,85.0,georgia,m,olive,winter,4.4,False,venmo,next_day_air,False,False,4.0,venmo,weekly,1.0,3139,2026-04-25 09:50:22.623131
3141.0,34.0,female,gloves,accessories,44.0,alaska,xl,peach,summer,4.6,False,debit_card,free_shipping,False,False,37.0,bank_transfer,weekly,1.0,3140,2026-04-25 09:50:22.623131
3142.0,36.0,female,sunglasses,accessories,30.0,mississippi,s,peach,winter,4.9,False,venmo,express,False,False,47.0,credit_card,bi-weekly,1.0,3141,2026-04-25 09:50:22.623131
3143.0,23.0,female,sneakers,footwear,21.0,kansas,l,magenta,winter,4.0,False,paypal,2-day_shipping,False,False,1.0,venmo,quarterly,1.0,3142,2026-04-25 09:50:22.623131
3144.0,68.0,female,hoodie,clothing,22.0,arizona,m,purple,summer,2.9,False,debit_card,store_pickup,False,False,26.0,cash,quarterly,1.0,3143,2026-04-25 09:50:22.623131
3145.0,23.0,female,boots,footwear,70.0,maine,l,beige,spring,2.6,False,bank_transfer,free_shipping,False,False,12.0,debit_card,quarterly,1.0,3144,2026-04-25 09:50:22.623131
3146.0,57.0,female,handbag,accessories,29.0,texas,xl,purple,spring,4.6,False,debit_card,standard,False,False,16.0,paypal,fortnightly,1.0,3145,2026-04-25 09:50:22.623131
3147.0,21.0,female,shirt,clothing,83.0,virginia,s,yellow,winter,4.9,False,bank_transfer,free_shipping,False,False,19.0,paypal,annually,1.0,3146,2026-04-25 09:50:22.623131
3148.0,45.0,female,sweater,clothing,99.0,north_dakota,m,pink,winter,4.3,False,cash,express,False,False,21.0,credit_card,weekly,1.0,3147,2026-04-25 09:50:22.623131
3149.0,37.0,female,shorts,clothing,35.0,west_virginia,l,purple,fall,4.3,False,credit_card,free_shipping,False,False,15.0,venmo,weekly,1.0,3148,2026-04-25 09:50:22.623131
3150.0,18.0,female,belt,accessories,40.0,north_carolina,m,lavender,winter,4.6,False,debit_card,free_shipping,False,False,9.0,venmo,annually,1.0,3149,2026-04-25 09:50:22.623131
3151.0,55.0,female,blouse,clothing,25.0,georgia,m,peach,spring,2.6,False,venmo,express,False,False,7.0,bank_transfer,bi-weekly,1.0,3150,2026-04-25 09:50:22.623131
3152.0,52.0,female,t-shirt,clothing,64.0,new_mexico,l,orange,fall,3.1,False,cash,2-day_shipping,False,False,47.0,bank_transfer,quarterly,1.0,3151,2026-04-25 09:50:22.623131
3153.0,49.0,female,belt,accessories,90.0,north_carolina,m,red,fall,3.1,False,venmo,store_pickup,False,False,17.0,paypal,monthly,1.0,3152,2026-04-25 09:50:22.623131
3154.0,56.0,female,socks,clothing,88.0,alabama,l,red,fall,3.1,False,bank_transfer,next_day_air,False,False,46.0,venmo,fortnightly,1.0,3153,2026-04-25 09:50:22.623131
3155.0,27.0,female,belt,accessories,55.0,connecticut,m,gold,winter,4.4,False,venmo,standard,False,False,32.0,cash,quarterly,1.0,3154,2026-04-25 09:50:22.623131
3156.0,22.0,female,handbag,accessories,90.0,montana,m,brown,fall,4.3,False,paypal,free_shipping,False,False,34.0,cash,annually,1.0,3155,2026-04-25 09:50:22.623131
3157.0,18.0,female,shirt,clothing,50.0,montana,m,black,winter,3.1,False,cash,2-day_shipping,False,False,18.0,cash,monthly,1.0,3156,2026-04-25 09:50:22.623131
3158.0,21.0,female,belt,accessories,34.0,maine,l,red,fall,3.1,False,bank_transfer,store_pickup,False,False,5.0,debit_card,fortnightly,1.0,3157,2026-04-25 09:50:22.623131
3159.0,30.0,female,jewelry,accessories,77.0,mississippi,m,gray,winter,4.9,False,paypal,2-day_shipping,False,False,44.0,credit_card,monthly,1.0,3158,2026-04-25 09:50:22.623131
3160.0,62.0,female,hat,accessories,89.0,louisiana,l,pink,winter,2.9,False,paypal,store_pickup,False,False,4.0,bank_transfer,quarterly,1.0,3159,2026-04-25 09:50:22.623131
3161.0,28.0,female,backpack,accessories,87.0,nebraska,xl,turquoise,fall,3.8,False,debit_card,next_day_air,False,False,37.0,cash,fortnightly,1.0,3160,2026-04-25 09:50:22.623131
3162.0,66.0,female,dress,clothing,77.0,massachusetts,s,charcoal,winter,4.2,False,cash,2-day_shipping,False,False,43.0,cash,monthly,1.0,3161,2026-04-25 09:50:22.623131
3163.0,66.0,female,shoes,footwear,85.0,wisconsin,l,blue,winter,3.9,False,credit_card,standard,False,False,28.0,bank_transfer,quarterly,1.0,3162,2026-04-25 09:50:22.623131
3164.0,49.0,female,pants,clothing,66.0,nebraska,xl,turquoise,summer,2.8,False,bank_transfer,express,False,False,36.0,cash,monthly,1.0,3163,2026-04-25 09:50:22.623131
3165.0,40.0,female,dress,clothing,32.0,arizona,l,silver,winter,2.6,False,cash,standard,False,False,16.0,credit_card,annually,1.0,3164,2026-04-25 09:50:22.623131
3166.0,49.0,female,jacket,outerwear,92.0,hawaii,m,lavender,spring,3.0,False,paypal,store_pickup,False,False,38.0,bank_transfer,every_3_months,1.0,3165,2026-04-25 09:50:22.623131
3167.0,19.0,female,shirt,clothing,80.0,georgia,m,gold,winter,2.7,False,debit_card,next_day_air,False,False,37.0,bank_transfer,fortnightly,1.0,3166,2026-04-25 09:50:22.623131
3168.0,24.0,female,dress,clothing,78.0,oregon,m,blue,fall,2.8,False,venmo,2-day_shipping,False,False,9.0,cash,bi-weekly,1.0,3167,2026-04-25 09:50:22.623131
3169.0,31.0,female,jeans,clothing,24.0,montana,m,orange,spring,2.9,False,bank_transfer,2-day_shipping,False,False,14.0,paypal,fortnightly,1.0,3168,2026-04-25 09:50:22.623131
3170.0,35.0,female,t-shirt,clothing,59.0,georgia,m,white,fall,3.8,False,venmo,free_shipping,False,False,3.0,venmo,weekly,1.0,3169,2026-04-25 09:50:22.623131
3171.0,65.0,female,sunglasses,accessories,41.0,rhode_island,xl,charcoal,spring,4.4,False,debit_card,express,False,False,10.0,credit_card,fortnightly,1.0,3170,2026-04-25 09:50:22.623131
3172.0,68.0,female,jewelry,accessories,26.0,tennessee,m,maroon,spring,3.1,False,credit_card,express,False,False,26.0,bank_transfer,bi-weekly,1.0,3171,2026-04-25 09:50:22.623131
3173.0,57.0,female,socks,clothing,52.0,missouri,m,olive,fall,3.7,False,venmo,standard,False,False,30.0,debit_card,bi-weekly,1.0,3172,2026-04-25 09:50:22.623131
3174.0,69.0,female,skirt,clothing,46.0,washington,l,teal,summer,4.9,False,cash,next_day_air,False,False,32.0,paypal,fortnightly,1.0,3173,2026-04-25 09:50:22.623131
3175.0,45.0,female,pants,clothing,52.0,oklahoma,l,orange,winter,3.8,False,paypal,store_pickup,False,False,35.0,paypal,monthly,1.0,3174,2026-04-25 09:50:22.623131
3176.0,35.0,female,socks,clothing,42.0,connecticut,m,maroon,fall,3.4,False,debit_card,store_pickup,False,False,26.0,debit_card,every_3_months,1.0,3175,2026-04-25 09:50:22.623131
3177.0,36.0,female,sandals,footwear,37.0,arkansas,xl,turquoise,spring,4.6,False,cash,2-day_shipping,False,False,39.0,credit_card,monthly,1.0,3176,2026-04-25 09:50:22.623131
3178.0,55.0,female,belt,accessories,52.0,missouri,l,beige,fall,3.2,False,credit_card,standard,False,False,31.0,credit_card,monthly,1.0,3177,2026-04-25 09:50:22.623131
3179.0,66.0,female,sandals,footwear,34.0,washington,l,beige,spring,2.7,False,cash,free_shipping,False,False,28.0,credit_card,annually,1.0,3178,2026-04-25 09:50:22.623131
3180.0,57.0,female,shorts,clothing,88.0,idaho,m,olive,spring,4.3,False,debit_card,free_shipping,False,False,12.0,debit_card,bi-weekly,1.0,3179,2026-04-25 09:50:22.623131
3181.0,18.0,female,handbag,accessories,88.0,montana,l,turquoise,fall,3.8,False,cash,standard,False,False,46.0,paypal,weekly,1.0,3180,2026-04-25 09:50:22.623131
3182.0,31.0,female,jacket,outerwear,51.0,montana,m,charcoal,summer,4.4,False,cash,free_shipping,False,False,27.0,paypal,every_3_months,1.0,3181,2026-04-25 09:50:22.623131
3183.0,50.0,female,sunglasses,accessories,97.0,georgia,l,green,fall,3.6,False,paypal,free_shipping,False,False,4.0,credit_card,annually,1.0,3182,2026-04-25 09:50:22.623131
3184.0,50.0,female,sneakers,footwear,56.0,mississippi,m,green,winter,3.5,False,debit_card,standard,False,False,14.0,cash,every_3_months,1.0,3183,2026-04-25 09:50:22.623131
3185.0,61.0,female,sweater,clothing,53.0,hawaii,l,green,spring,4.2,False,credit_card,2-day_shipping,False,False,30.0,venmo,quarterly,1.0,3184,2026-04-25 09:50:22.623131
3186.0,52.0,female,skirt,clothing,71.0,ohio,l,gold,fall,4.7,False,credit_card,express,False,False,6.0,paypal,annually,1.0,3185,2026-04-25 09:50:22.623131
3187.0,38.0,female,jewelry,accessories,93.0,virginia,s,cyan,winter,4.8,False,paypal,store_pickup,False,False,43.0,venmo,annually,1.0,3186,2026-04-25 09:50:22.623131
3188.0,67.0,female,blouse,clothing,72.0,texas,l,indigo,winter,3.2,False,credit_card,free_shipping,False,False,28.0,debit_card,weekly,1.0,3187,2026-04-25 09:50:22.623131
3189.0,42.0,female,blouse,clothing,59.0,vermont,m,lavender,winter,3.5,False,venmo,standard,False,False,39.0,bank_transfer,monthly,1.0,3188,2026-04-25 09:50:22.623131
3190.0,25.0,female,boots,footwear,87.0,kansas,m,beige,summer,4.2,False,paypal,store_pickup,False,False,30.0,paypal,bi-weekly,1.0,3189,2026-04-25 09:50:22.623131
3191.0,41.0,female,jeans,clothing,78.0,california,s,purple,fall,3.4,False,bank_transfer,free_shipping,False,False,5.0,credit_card,fortnightly,1.0,3190,2026-04-25 09:50:22.623131
3192.0,62.0,female,hoodie,clothing,68.0,mississippi,xl,maroon,winter,4.7,False,bank_transfer,store_pickup,False,False,42.0,credit_card,every_3_months,1.0,3191,2026-04-25 09:50:22.623131
3193.0,19.0,female,sweater,clothing,76.0,iowa,s,maroon,fall,3.0,False,credit_card,free_shipping,False,False,20.0,cash,fortnightly,1.0,3192,2026-04-25 09:50:22.623131
3194.0,63.0,female,gloves,accessories,99.0,virginia,l,teal,winter,4.0,False,paypal,express,False,False,35.0,credit_card,fortnightly,1.0,3193,2026-04-25 09:50:22.623131
3195.0,43.0,female,sneakers,footwear,52.0,maryland,l,gold,summer,4.6,False,debit_card,standard,False,False,10.0,credit_card,bi-weekly,1.0,3194,2026-04-25 09:50:22.623131
3196.0,68.0,female,sunglasses,accessories,58.0,missouri,s,red,spring,4.9,False,debit_card,next_day_air,False,False,36.0,credit_card,quarterly,1.0,3195,2026-04-25 09:50:22.623131
3197.0,24.0,female,belt,accessories,59.0,wisconsin,l,maroon,winter,2.8,False,debit_card,express,False,False,21.0,debit_card,fortnightly,1.0,3196,2026-04-25 09:50:22.623131
3198.0,27.0,female,sweater,clothing,71.0,maine,m,teal,spring,3.2,False,bank_transfer,free_shipping,False,False,29.0,credit_card,every_3_months,1.0,3197,2026-04-25 09:50:22.623131
3199.0,61.0,female,gloves,accessories,94.0,pennsylvania,l,peach,winter,2.8,False,cash,free_shipping,False,False,39.0,debit_card,weekly,1.0,3198,2026-04-25 09:50:22.623131
3200.0,59.0,female,handbag,accessories,40.0,maine,xl,pink,winter,4.2,False,paypal,express,False,False,16.0,paypal,monthly,1.0,3199,2026-04-25 09:50:22.623131
3201.0,67.0,female,socks,clothing,24.0,missouri,l,black,spring,4.8,False,paypal,free_shipping,False,False,32.0,credit_card,monthly,1.0,3200,2026-04-25 09:50:22.623131
3202.0,46.0,female,pants,clothing,38.0,vermont,s,indigo,fall,2.8,False,credit_card,2-day_shipping,False,False,34.0,cash,monthly,1.0,3201,2026-04-25 09:50:22.623131
3203.0,65.0,female,scarf,accessories,37.0,wisconsin,l,green,fall,4.5,False,bank_transfer,standard,False,False,38.0,venmo,annually,1.0,3202,2026-04-25 09:50:22.623131
3204.0,63.0,female,coat,outerwear,29.0,new_jersey,l,teal,spring,4.1,False,cash,express,False,False,14.0,venmo,annually,1.0,3203,2026-04-25 09:50:22.623131
3205.0,57.0,female,jacket,outerwear,92.0,new_mexico,xl,lavender,fall,4.3,False,credit_card,free_shipping,False,False,23.0,debit_card,bi-weekly,1.0,3204,2026-04-25 09:50:22.623131
3206.0,40.0,female,hoodie,clothing,24.0,colorado,xl,magenta,fall,4.4,False,debit_card,2-day_shipping,False,False,50.0,bank_transfer,every_3_months,1.0,3205,2026-04-25 09:50:22.623131
3207.0,36.0,female,boots,footwear,52.0,california,m,brown,winter,3.0,False,debit_card,free_shipping,False,False,49.0,paypal,monthly,1.0,3206,2026-04-25 09:50:22.623131
3208.0,67.0,female,socks,clothing,29.0,arizona,xl,beige,summer,2.7,False,debit_card,next_day_air,False,False,14.0,paypal,annually,1.0,3207,2026-04-25 09:50:22.623131
3209.0,61.0,female,jewelry,accessories,30.0,indiana,l,indigo,winter,3.3,False,paypal,2-day_shipping,False,False,42.0,paypal,weekly,1.0,3208,2026-04-25 09:50:22.623131
3210.0,64.0,female,shoes,footwear,31.0,arkansas,l,peach,fall,4.3,False,bank_transfer,standard,False,False,39.0,debit_card,annually,1.0,3209,2026-04-25 09:50:22.623131
3211.0,30.0,female,socks,clothing,67.0,nevada,m,magenta,summer,2.9,False,debit_card,express,False,False,43.0,venmo,bi-weekly,1.0,3210,2026-04-25 09:50:22.623131
3212.0,53.0,female,pants,clothing,65.0,rhode_island,l,turquoise,winter,4.9,False,credit_card,standard,False,False,12.0,cash,monthly,1.0,3211,2026-04-25 09:50:22.623131
3213.0,27.0,female,sneakers,footwear,22.0,wyoming,m,indigo,winter,3.6,False,bank_transfer,2-day_shipping,False,False,21.0,debit_card,weekly,1.0,3212,2026-04-25 09:50:22.623131
3214.0,27.0,female,sunglasses,accessories,56.0,texas,m,brown,winter,3.3,False,venmo,standard,False,False,33.0,credit_card,monthly,1.0,3213,2026-04-25 09:50:22.623131
3215.0,53.0,female,skirt,clothing,78.0,washington,m,yellow,spring,3.1,False,bank_transfer,free_shipping,False,False,6.0,debit_card,annually,1.0,3214,2026-04-25 09:50:22.623131
3216.0,34.0,female,coat,outerwear,90.0,rhode_island,m,magenta,summer,2.7,False,bank_transfer,free_shipping,False,False,10.0,paypal,every_3_months,1.0,3215,2026-04-25 09:50:22.623131
3217.0,39.0,female,hoodie,clothing,85.0,illinois,s,olive,winter,3.4,False,debit_card,next_day_air,False,False,18.0,cash,weekly,1.0,3216,2026-04-25 09:50:22.623131
3218.0,44.0,female,sunglasses,accessories,58.0,oregon,m,silver,fall,3.4,False,paypal,express,False,False,46.0,venmo,weekly,1.0,3217,2026-04-25 09:50:22.623131
3219.0,37.0,female,skirt,clothing,34.0,florida,m,teal,fall,3.9,False,venmo,express,False,False,49.0,paypal,monthly,1.0,3218,2026-04-25 09:50:22.623131
3220.0,57.0,female,coat,outerwear,40.0,kansas,l,white,summer,3.5,False,bank_transfer,2-day_shipping,False,False,39.0,credit_card,weekly,1.0,3219,2026-04-25 09:50:22.623131
3221.0,38.0,female,handbag,accessories,29.0,north_dakota,m,blue,fall,4.1,False,paypal,free_shipping,False,False,16.0,cash,monthly,1.0,3220,2026-04-25 09:50:22.623131
3222.0,21.0,female,t-shirt,clothing,76.0,new_hampshire,m,yellow,winter,3.2,False,credit_card,standard,False,False,28.0,cash,annually,1.0,3221,2026-04-25 09:50:22.623131
3223.0,45.0,female,sunglasses,accessories,84.0,texas,s,maroon,fall,4.6,False,debit_card,store_pickup,False,False,22.0,paypal,quarterly,1.0,3222,2026-04-25 09:50:22.623131
3224.0,68.0,female,shirt,clothing,65.0,montana,s,gray,spring,3.9,False,paypal,standard,False,False,36.0,venmo,bi-weekly,1.0,3223,2026-04-25 09:50:22.623131
3225.0,37.0,female,hoodie,clothing,80.0,delaware,l,indigo,winter,2.7,False,cash,free_shipping,False,False,18.0,paypal,monthly,1.0,3224,2026-04-25 09:50:22.623131
3226.0,53.0,female,blouse,clothing,98.0,new_hampshire,m,pink,fall,3.0,False,credit_card,store_pickup,False,False,31.0,credit_card,weekly,1.0,3225,2026-04-25 09:50:22.623131
3227.0,57.0,female,sneakers,footwear,71.0,minnesota,xl,beige,spring,3.3,False,debit_card,next_day_air,False,False,38.0,bank_transfer,fortnightly,1.0,3226,2026-04-25 09:50:22.623131
3228.0,28.0,female,scarf,accessories,69.0,alaska,xl,white,fall,2.7,False,credit_card,free_shipping,False,False,42.0,debit_card,quarterly,1.0,3227,2026-04-25 09:50:22.623131
3229.0,37.0,female,jewelry,accessories,95.0,connecticut,m,yellow,spring,4.6,False,credit_card,2-day_shipping,False,False,27.0,paypal,annually,1.0,3228,2026-04-25 09:50:22.623131
3230.0,54.0,female,pants,clothing,67.0,connecticut,m,teal,fall,2.7,False,debit_card,express,False,False,24.0,cash,monthly,1.0,3229,2026-04-25 09:50:22.623131
3231.0,49.0,female,sneakers,footwear,49.0,kansas,m,olive,summer,2.5,False,venmo,next_day_air,False,False,38.0,debit_card,annually,1.0,3230,2026-04-25 09:50:22.623131
3232.0,62.0,female,shoes,footwear,97.0,nevada,m,maroon,winter,4.4,False,paypal,free_shipping,False,False,9.0,credit_card,annually,1.0,3231,2026-04-25 09:50:22.623131
3233.0,45.0,female,t-shirt,clothing,34.0,massachusetts,m,white,spring,4.0,False,paypal,next_day_air,False,False,19.0,bank_transfer,monthly,1.0,3232,2026-04-25 09:50:22.623131
3234.0,45.0,female,belt,accessories,74.0,indiana,m,lavender,fall,3.8,False,credit_card,express,False,False,11.0,debit_card,bi-weekly,1.0,3233,2026-04-25 09:50:22.623131
3235.0,49.0,female,jewelry,accessories,96.0,washington,m,black,winter,2.5,False,bank_transfer,2-day_shipping,False,False,16.0,debit_card,quarterly,1.0,3234,2026-04-25 09:50:22.623131
3236.0,27.0,female,belt,accessories,68.0,kansas,m,green,summer,4.0,False,venmo,free_shipping,False,False,18.0,venmo,monthly,1.0,3235,2026-04-25 09:50:22.623131
3237.0,63.0,female,belt,accessories,84.0,south_carolina,l,olive,fall,4.1,False,venmo,next_day_air,False,False,8.0,cash,monthly,1.0,3236,2026-04-25 09:50:22.623131
3238.0,61.0,female,t-shirt,clothing,57.0,vermont,m,gray,summer,2.8,False,bank_transfer,express,False,False,4.0,cash,weekly,1.0,3237,2026-04-25 09:50:22.623131
3239.0,25.0,female,sneakers,footwear,84.0,wyoming,xl,teal,fall,3.4,False,paypal,2-day_shipping,False,False,37.0,cash,quarterly,1.0,3238,2026-04-25 09:50:22.623131
3240.0,33.0,female,sunglasses,accessories,32.0,colorado,m,charcoal,fall,2.7,False,credit_card,2-day_shipping,False,False,30.0,cash,monthly,1.0,3239,2026-04-25 09:50:22.623131
3241.0,56.0,female,sandals,footwear,37.0,west_virginia,m,violet,fall,3.8,False,credit_card,2-day_shipping,False,False,37.0,bank_transfer,monthly,1.0,3240,2026-04-25 09:50:22.623131
3242.0,50.0,female,handbag,accessories,58.0,connecticut,m,lavender,summer,4.4,False,credit_card,store_pickup,False,False,30.0,paypal,quarterly,1.0,3241,2026-04-25 09:50:22.623131
3243.0,45.0,female,socks,clothing,74.0,oregon,s,beige,fall,2.8,False,cash,express,False,False,17.0,venmo,weekly,1.0,3242,2026-04-25 09:50:22.623131
3244.0,45.0,female,hoodie,clothing,99.0,idaho,l,black,summer,5.0,False,venmo,store_pickup,False,False,11.0,bank_transfer,every_3_months,1.0,3243,2026-04-25 09:50:22.623131
3245.0,65.0,female,sweater,clothing,81.0,arkansas,m,black,fall,4.7,False,bank_transfer,express,False,False,42.0,credit_card,annually,1.0,3244,2026-04-25 09:50:22.623131
3246.0,63.0,female,pants,clothing,76.0,kansas,m,purple,fall,3.2,False,paypal,next_day_air,False,False,20.0,cash,weekly,1.0,3245,2026-04-25 09:50:22.623131
3247.0,70.0,female,sneakers,footwear,98.0,michigan,m,magenta,summer,2.9,False,venmo,store_pickup,False,False,37.0,cash,monthly,1.0,3246,2026-04-25 09:50:22.623131
3248.0,53.0,female,gloves,accessories,91.0,arkansas,m,teal,summer,3.7,False,venmo,express,False,False,12.0,paypal,fortnightly,1.0,3247,2026-04-25 09:50:22.623131
3249.0,22.0,female,t-shirt,clothing,79.0,pennsylvania,s,teal,summer,4.2,False,venmo,free_shipping,False,False,41.0,bank_transfer,quarterly,1.0,3248,2026-04-25 09:50:22.623131
3250.0,26.0,female,backpack,accessories,83.0,virginia,m,pink,summer,3.4,False,credit_card,express,False,False,32.0,credit_card,quarterly,1.0,3249,2026-04-25 09:50:22.623131
3251.0,23.0,female,coat,outerwear,90.0,minnesota,m,teal,spring,2.9,False,cash,2-day_shipping,False,False,15.0,venmo,weekly,1.0,3250,2026-04-25 09:50:22.623131
3252.0,25.0,female,coat,outerwear,20.0,nevada,m,gold,winter,3.7,False,debit_card,standard,False,False,39.0,venmo,quarterly,1.0,3251,2026-04-25 09:50:22.623131
3253.0,69.0,female,sandals,footwear,21.0,montana,l,brown,spring,2.7,False,bank_transfer,store_pickup,False,False,48.0,credit_card,fortnightly,1.0,3252,2026-04-25 09:50:22.623131
3254.0,36.0,female,backpack,accessories,60.0,nebraska,m,brown,fall,3.2,False,debit_card,2-day_shipping,False,False,8.0,venmo,fortnightly,1.0,3253,2026-04-25 09:50:22.623131
3255.0,21.0,female,sweater,clothing,31.0,indiana,s,magenta,winter,4.9,False,venmo,store_pickup,False,False,11.0,bank_transfer,every_3_months,1.0,3254,2026-04-25 09:50:22.623131
3256.0,57.0,female,shorts,clothing,40.0,new_jersey,m,black,fall,2.8,False,cash,next_day_air,False,False,36.0,bank_transfer,monthly,1.0,3255,2026-04-25 09:50:22.623131
3257.0,60.0,female,sunglasses,accessories,26.0,wisconsin,l,teal,winter,4.7,False,cash,free_shipping,False,False,50.0,venmo,every_3_months,1.0,3256,2026-04-25 09:50:22.623131
3258.0,44.0,female,shirt,clothing,98.0,minnesota,m,brown,fall,3.3,False,paypal,express,False,False,39.0,venmo,every_3_months,1.0,3257,2026-04-25 09:50:22.623131
3259.0,31.0,female,shoes,footwear,51.0,new_jersey,m,magenta,spring,4.3,False,debit_card,express,False,False,11.0,credit_card,bi-weekly,1.0,3258,2026-04-25 09:50:22.623131
3260.0,57.0,female,hat,accessories,95.0,oklahoma,xl,indigo,fall,3.7,False,paypal,2-day_shipping,False,False,5.0,debit_card,every_3_months,1.0,3259,2026-04-25 09:50:22.623131
3261.0,39.0,female,scarf,accessories,36.0,wisconsin,m,violet,summer,4.5,False,bank_transfer,2-day_shipping,False,False,7.0,credit_card,annually,1.0,3260,2026-04-25 09:50:22.623131
3262.0,48.0,female,belt,accessories,52.0,rhode_island,l,cyan,winter,3.4,False,bank_transfer,store_pickup,False,False,50.0,debit_card,weekly,1.0,3261,2026-04-25 09:50:22.623131
3263.0,42.0,female,t-shirt,clothing,35.0,indiana,m,violet,spring,2.7,False,cash,standard,False,False,21.0,cash,every_3_months,1.0,3262,2026-04-25 09:50:22.623131
3264.0,56.0,female,shorts,clothing,68.0,vermont,s,black,fall,4.4,False,paypal,express,False,False,31.0,debit_card,fortnightly,1.0,3263,2026-04-25 09:50:22.623131
3265.0,28.0,female,pants,clothing,50.0,maine,s,charcoal,winter,4.0,False,paypal,express,False,False,39.0,cash,bi-weekly,1.0,3264,2026-04-25 09:50:22.623131
3266.0,40.0,female,sunglasses,accessories,100.0,alabama,m,white,winter,3.2,False,credit_card,express,False,False,28.0,credit_card,fortnightly,1.0,3265,2026-04-25 09:50:22.623131
3267.0,49.0,female,coat,outerwear,74.0,alabama,s,gray,winter,4.2,False,bank_transfer,next_day_air,False,False,33.0,bank_transfer,weekly,1.0,3266,2026-04-25 09:50:22.623131
3268.0,37.0,female,hoodie,clothing,45.0,idaho,l,pink,winter,3.0,False,debit_card,store_pickup,False,False,42.0,credit_card,quarterly,1.0,3267,2026-04-25 09:50:22.623131
3269.0,22.0,female,dress,clothing,97.0,arkansas,m,cyan,fall,2.8,False,cash,free_shipping,False,False,5.0,bank_transfer,every_3_months,1.0,3268,2026-04-25 09:50:22.623131
3270.0,27.0,female,blouse,clothing,60.0,ohio,m,blue,winter,4.9,False,venmo,express,False,False,25.0,cash,monthly,1.0,3269,2026-04-25 09:50:22.623131
3271.0,59.0,female,socks,clothing,25.0,illinois,m,indigo,winter,4.7,False,cash,express,False,False,48.0,paypal,annually,1.0,3270,2026-04-25 09:50:22.623131
3272.0,35.0,female,socks,clothing,55.0,nevada,xl,magenta,spring,4.4,False,debit_card,standard,False,False,30.0,credit_card,weekly,1.0,3271,2026-04-25 09:50:22.623131
3273.0,58.0,female,shoes,footwear,99.0,texas,m,lavender,winter,3.1,False,bank_transfer,next_day_air,False,False,34.0,paypal,quarterly,1.0,3272,2026-04-25 09:50:22.623131
3274.0,58.0,female,belt,accessories,45.0,nevada,s,orange,summer,2.6,False,credit_card,free_shipping,False,False,34.0,paypal,every_3_months,1.0,3273,2026-04-25 09:50:22.623131
3275.0,46.0,female,sweater,clothing,20.0,oklahoma,m,cyan,spring,3.9,False,credit_card,store_pickup,False,False,14.0,cash,fortnightly,1.0,3274,2026-04-25 09:50:22.623131
3276.0,43.0,female,pants,clothing,88.0,alabama,xl,green,summer,2.6,False,venmo,2-day_shipping,False,False,2.0,debit_card,weekly,1.0,3275,2026-04-25 09:50:22.623131
3277.0,39.0,female,scarf,accessories,99.0,south_dakota,m,white,summer,4.0,False,credit_card,store_pickup,False,False,41.0,paypal,every_3_months,1.0,3276,2026-04-25 09:50:22.623131
3278.0,59.0,female,skirt,clothing,86.0,texas,m,blue,spring,4.9,False,cash,store_pickup,False,False,3.0,credit_card,monthly,1.0,3277,2026-04-25 09:50:22.623131
3279.0,59.0,female,dress,clothing,70.0,montana,m,black,summer,3.3,False,debit_card,2-day_shipping,False,False,18.0,bank_transfer,weekly,1.0,3278,2026-04-25 09:50:22.623131
3280.0,59.0,female,hat,accessories,50.0,wyoming,s,red,fall,3.0,False,credit_card,express,False,False,1.0,debit_card,fortnightly,1.0,3279,2026-04-25 09:50:22.623131
3281.0,45.0,female,handbag,accessories,57.0,new_york,l,red,winter,2.7,False,credit_card,next_day_air,False,False,5.0,paypal,monthly,1.0,3280,2026-04-25 09:50:22.623131
3282.0,27.0,female,pants,clothing,69.0,oregon,l,gold,winter,3.1,False,debit_card,free_shipping,False,False,41.0,bank_transfer,annually,1.0,3281,2026-04-25 09:50:22.623131
3283.0,24.0,female,t-shirt,clothing,94.0,california,m,red,fall,4.8,False,bank_transfer,next_day_air,False,False,5.0,credit_card,monthly,1.0,3282,2026-04-25 09:50:22.623131
3284.0,47.0,female,jacket,outerwear,24.0,north_carolina,l,purple,spring,2.9,False,credit_card,express,False,False,10.0,debit_card,every_3_months,1.0,3283,2026-04-25 09:50:22.623131
3285.0,70.0,female,scarf,accessories,79.0,kentucky,l,white,spring,4.5,False,debit_card,2-day_shipping,False,False,20.0,venmo,annually,1.0,3284,2026-04-25 09:50:22.623131
3286.0,58.0,female,hat,accessories,31.0,hawaii,xl,magenta,fall,4.6,False,paypal,free_shipping,False,False,11.0,cash,weekly,1.0,3285,2026-04-25 09:50:22.623131
3287.0,45.0,female,jacket,outerwear,67.0,illinois,l,pink,winter,5.0,False,venmo,express,False,False,4.0,venmo,fortnightly,1.0,3286,2026-04-25 09:50:22.623131
3288.0,24.0,female,skirt,clothing,63.0,west_virginia,l,black,spring,4.3,False,paypal,2-day_shipping,False,False,38.0,credit_card,weekly,1.0,3287,2026-04-25 09:50:22.623131
3289.0,67.0,female,handbag,accessories,61.0,south_carolina,xl,white,spring,4.9,False,debit_card,next_day_air,False,False,19.0,credit_card,bi-weekly,1.0,3288,2026-04-25 09:50:22.623131
3290.0,31.0,female,backpack,accessories,50.0,montana,m,maroon,summer,4.0,False,venmo,2-day_shipping,False,False,16.0,venmo,every_3_months,1.0,3289,2026-04-25 09:50:22.623131
3291.0,52.0,female,coat,outerwear,82.0,north_dakota,l,black,spring,3.1,False,bank_transfer,free_shipping,False,False,2.0,paypal,monthly,1.0,3290,2026-04-25 09:50:22.623131
3292.0,29.0,female,belt,accessories,51.0,new_mexico,l,olive,fall,2.6,False,bank_transfer,2-day_shipping,False,False,11.0,cash,monthly,1.0,3291,2026-04-25 09:50:22.623131
3293.0,62.0,female,handbag,accessories,23.0,missouri,l,gray,spring,4.9,False,debit_card,standard,False,False,18.0,bank_transfer,fortnightly,1.0,3292,2026-04-25 09:50:22.623131
3294.0,19.0,female,coat,outerwear,91.0,west_virginia,m,gold,spring,3.5,False,bank_transfer,2-day_shipping,False,False,47.0,credit_card,fortnightly,1.0,3293,2026-04-25 09:50:22.623131
3295.0,62.0,female,sweater,clothing,60.0,south_carolina,s,magenta,spring,4.5,False,paypal,store_pickup,False,False,15.0,bank_transfer,bi-weekly,1.0,3294,2026-04-25 09:50:22.623131
3296.0,70.0,female,blouse,clothing,34.0,west_virginia,s,lavender,summer,2.8,False,paypal,next_day_air,False,False,15.0,cash,weekly,1.0,3295,2026-04-25 09:50:22.623131
3297.0,20.0,female,blouse,clothing,23.0,alaska,m,green,spring,4.2,False,paypal,next_day_air,False,False,47.0,venmo,quarterly,1.0,3296,2026-04-25 09:50:22.623131
3298.0,67.0,female,belt,accessories,82.0,west_virginia,m,violet,fall,4.1,False,credit_card,free_shipping,False,False,47.0,paypal,monthly,1.0,3297,2026-04-25 09:50:22.623131
3299.0,65.0,female,jacket,outerwear,73.0,new_mexico,m,brown,fall,3.5,False,paypal,express,False,False,6.0,bank_transfer,every_3_months,1.0,3298,2026-04-25 09:50:22.623131
3300.0,45.0,female,shorts,clothing,32.0,south_dakota,l,teal,spring,4.0,False,bank_transfer,2-day_shipping,False,False,18.0,venmo,monthly,1.0,3299,2026-04-25 09:50:22.623131
3301.0,26.0,female,hat,accessories,80.0,oklahoma,m,charcoal,spring,4.0,False,debit_card,express,False,False,40.0,bank_transfer,bi-weekly,1.0,3300,2026-04-25 09:50:22.623131
3302.0,36.0,female,pants,clothing,58.0,oklahoma,xl,charcoal,summer,2.5,False,paypal,free_shipping,False,False,31.0,credit_card,fortnightly,1.0,3301,2026-04-25 09:50:22.623131
3303.0,36.0,female,blouse,clothing,82.0,alabama,xl,beige,winter,4.2,False,venmo,standard,False,False,31.0,venmo,bi-weekly,1.0,3302,2026-04-25 09:50:22.623131
3304.0,20.0,female,belt,accessories,60.0,mississippi,s,turquoise,summer,3.4,False,paypal,next_day_air,False,False,4.0,credit_card,fortnightly,1.0,3303,2026-04-25 09:50:22.623131
3305.0,30.0,female,handbag,accessories,79.0,mississippi,xl,orange,fall,4.8,False,debit_card,next_day_air,False,False,36.0,bank_transfer,every_3_months,1.0,3304,2026-04-25 09:50:22.623131
3306.0,34.0,female,hoodie,clothing,41.0,nebraska,l,cyan,summer,4.9,False,bank_transfer,standard,False,False,31.0,paypal,bi-weekly,1.0,3305,2026-04-25 09:50:22.623131
3307.0,63.0,female,jacket,outerwear,39.0,colorado,l,orange,summer,3.6,False,cash,store_pickup,False,False,6.0,venmo,fortnightly,1.0,3306,2026-04-25 09:50:22.623131
3308.0,18.0,female,scarf,accessories,36.0,pennsylvania,s,green,winter,4.0,False,credit_card,store_pickup,False,False,1.0,cash,monthly,1.0,3307,2026-04-25 09:50:22.623131
3309.0,55.0,female,jeans,clothing,70.0,utah,m,pink,fall,2.6,False,venmo,express,False,False,29.0,cash,monthly,1.0,3308,2026-04-25 09:50:22.623131
3310.0,48.0,female,handbag,accessories,47.0,massachusetts,m,blue,summer,3.1,False,credit_card,store_pickup,False,False,19.0,paypal,monthly,1.0,3309,2026-04-25 09:50:22.623131
3311.0,45.0,female,jacket,outerwear,27.0,iowa,m,pink,winter,3.6,False,debit_card,free_shipping,False,False,12.0,paypal,fortnightly,1.0,3310,2026-04-25 09:50:22.623131
3312.0,29.0,female,hat,accessories,52.0,florida,l,blue,summer,4.0,False,paypal,express,False,False,18.0,bank_transfer,annually,1.0,3311,2026-04-25 09:50:22.623131
3313.0,55.0,female,sneakers,footwear,75.0,louisiana,l,black,summer,3.9,False,venmo,next_day_air,False,False,45.0,cash,quarterly,1.0,3312,2026-04-25 09:50:22.623131
3314.0,55.0,female,hat,accessories,30.0,kansas,xl,black,fall,3.9,False,cash,express,False,False,45.0,credit_card,monthly,1.0,3313,2026-04-25 09:50:22.623131
3315.0,55.0,female,socks,clothing,94.0,kansas,m,violet,spring,3.3,False,paypal,standard,False,False,8.0,credit_card,quarterly,1.0,3314,2026-04-25 09:50:22.623131
3316.0,48.0,female,scarf,accessories,68.0,kentucky,s,gold,summer,2.9,False,credit_card,standard,False,False,4.0,paypal,every_3_months,1.0,3315,2026-04-25 09:50:22.623131
3317.0,42.0,female,socks,clothing,45.0,new_mexico,m,olive,summer,3.1,False,cash,free_shipping,False,False,5.0,debit_card,fortnightly,1.0,3316,2026-04-25 09:50:22.623131
3318.0,21.0,female,hat,accessories,67.0,north_carolina,xl,pink,summer,4.7,False,debit_card,standard,False,False,30.0,cash,quarterly,1.0,3317,2026-04-25 09:50:22.623131
3319.0,45.0,female,jacket,outerwear,46.0,north_dakota,m,olive,summer,3.9,False,venmo,free_shipping,False,False,15.0,paypal,monthly,1.0,3318,2026-04-25 09:50:22.623131
3320.0,23.0,female,shorts,clothing,31.0,north_dakota,m,indigo,summer,4.3,False,cash,next_day_air,False,False,17.0,credit_card,every_3_months,1.0,3319,2026-04-25 09:50:22.623131
3321.0,66.0,female,blouse,clothing,44.0,illinois,xl,silver,fall,4.2,False,cash,2-day_shipping,False,False,45.0,cash,every_3_months,1.0,3320,2026-04-25 09:50:22.623131
3322.0,32.0,female,coat,outerwear,100.0,maine,s,charcoal,winter,4.3,False,bank_transfer,next_day_air,False,False,3.0,venmo,annually,1.0,3321,2026-04-25 09:50:22.623131
3323.0,52.0,female,sweater,clothing,92.0,indiana,xl,orange,winter,4.6,False,credit_card,next_day_air,False,False,43.0,paypal,weekly,1.0,3322,2026-04-25 09:50:22.623131
3324.0,54.0,female,handbag,accessories,78.0,north_dakota,m,yellow,winter,3.8,False,venmo,free_shipping,False,False,4.0,credit_card,monthly,1.0,3323,2026-04-25 09:50:22.623131
3325.0,37.0,female,t-shirt,clothing,32.0,missouri,s,red,fall,3.3,False,venmo,standard,False,False,41.0,venmo,weekly,1.0,3324,2026-04-25 09:50:22.623131
3326.0,29.0,female,sandals,footwear,97.0,alaska,m,maroon,fall,3.7,False,debit_card,2-day_shipping,False,False,16.0,venmo,monthly,1.0,3325,2026-04-25 09:50:22.623131
3327.0,47.0,female,gloves,accessories,95.0,north_dakota,m,magenta,summer,4.3,False,cash,standard,False,False,10.0,debit_card,annually,1.0,3326,2026-04-25 09:50:22.623131
3328.0,47.0,female,shorts,clothing,64.0,connecticut,m,black,spring,4.1,False,bank_transfer,express,False,False,2.0,debit_card,quarterly,1.0,3327,2026-04-25 09:50:22.623131
3329.0,42.0,female,sandals,footwear,35.0,wisconsin,m,violet,spring,3.2,False,venmo,free_shipping,False,False,11.0,cash,bi-weekly,1.0,3328,2026-04-25 09:50:22.623131
3330.0,34.0,female,backpack,accessories,54.0,new_jersey,m,gray,winter,3.8,False,debit_card,express,False,False,1.0,debit_card,bi-weekly,1.0,3329,2026-04-25 09:50:22.623131
3331.0,38.0,female,sneakers,footwear,96.0,missouri,m,black,spring,3.2,False,paypal,2-day_shipping,False,False,41.0,bank_transfer,quarterly,1.0,3330,2026-04-25 09:50:22.623131
3332.0,55.0,female,sunglasses,accessories,58.0,california,m,pink,summer,3.5,False,debit_card,free_shipping,False,False,39.0,paypal,quarterly,1.0,3331,2026-04-25 09:50:22.623131
3333.0,27.0,female,t-shirt,clothing,23.0,washington,m,silver,summer,3.1,False,paypal,2-day_shipping,False,False,1.0,paypal,bi-weekly,1.0,3332,2026-04-25 09:50:22.623131
3334.0,55.0,female,jeans,clothing,35.0,minnesota,m,violet,spring,4.2,False,debit_card,express,False,False,3.0,paypal,monthly,1.0,3333,2026-04-25 09:50:22.623131
3335.0,66.0,female,shirt,clothing,23.0,california,m,beige,summer,3.4,False,bank_transfer,free_shipping,False,False,21.0,credit_card,annually,1.0,3334,2026-04-25 09:50:22.623131
3336.0,44.0,female,hat,accessories,94.0,texas,xl,cyan,winter,3.5,False,credit_card,express,False,False,48.0,bank_transfer,quarterly,1.0,3335,2026-04-25 09:50:22.623131
3337.0,39.0,female,blouse,clothing,45.0,montana,m,brown,fall,4.0,False,venmo,free_shipping,False,False,24.0,debit_card,annually,1.0,3336,2026-04-25 09:50:22.623131
3338.0,23.0,female,jacket,outerwear,23.0,arizona,l,blue,winter,4.4,False,bank_transfer,2-day_shipping,False,False,45.0,bank_transfer,bi-weekly,1.0,3337,2026-04-25 09:50:22.623131
3339.0,29.0,female,skirt,clothing,94.0,minnesota,l,white,winter,2.9,False,venmo,2-day_shipping,False,False,46.0,credit_card,monthly,1.0,3338,2026-04-25 09:50:22.623131
3340.0,20.0,female,gloves,accessories,99.0,nebraska,m,cyan,fall,3.6,False,debit_card,store_pickup,False,False,35.0,cash,fortnightly,1.0,3339,2026-04-25 09:50:22.623131
3341.0,42.0,female,t-shirt,clothing,36.0,virginia,xl,maroon,fall,4.4,False,credit_card,free_shipping,False,False,47.0,credit_card,fortnightly,1.0,3340,2026-04-25 09:50:22.623131
3342.0,55.0,female,jacket,outerwear,50.0,connecticut,xl,olive,summer,4.5,False,venmo,standard,False,False,35.0,credit_card,monthly,1.0,3341,2026-04-25 09:50:22.623131
3343.0,66.0,female,jacket,outerwear,81.0,new_jersey,m,violet,spring,3.8,False,credit_card,free_shipping,False,False,45.0,credit_card,weekly,1.0,3342,2026-04-25 09:50:22.623131
3344.0,24.0,female,shorts,clothing,31.0,kentucky,xl,green,winter,3.6,False,bank_transfer,2-day_shipping,False,False,6.0,cash,bi-weekly,1.0,3343,2026-04-25 09:50:22.623131
3345.0,62.0,female,hat,accessories,48.0,washington,xl,magenta,fall,4.3,False,debit_card,free_shipping,False,False,20.0,cash,annually,1.0,3344,2026-04-25 09:50:22.623131
3346.0,28.0,female,handbag,accessories,91.0,florida,m,turquoise,summer,4.0,False,cash,2-day_shipping,False,False,3.0,venmo,bi-weekly,1.0,3345,2026-04-25 09:50:22.623131
3347.0,30.0,female,jeans,clothing,99.0,oklahoma,m,black,summer,3.4,False,paypal,express,False,False,30.0,venmo,quarterly,1.0,3346,2026-04-25 09:50:22.623131
3348.0,22.0,female,shoes,footwear,70.0,iowa,xl,cyan,summer,4.4,False,credit_card,standard,False,False,28.0,paypal,bi-weekly,1.0,3347,2026-04-25 09:50:22.623131
3349.0,28.0,female,t-shirt,clothing,74.0,new_hampshire,l,gray,winter,2.8,False,paypal,standard,False,False,15.0,cash,every_3_months,1.0,3348,2026-04-25 09:50:22.623131
3350.0,35.0,female,jewelry,accessories,79.0,georgia,m,red,fall,2.8,False,cash,store_pickup,False,False,29.0,paypal,quarterly,1.0,3349,2026-04-25 09:50:22.623131
3351.0,45.0,female,handbag,accessories,33.0,mississippi,s,olive,fall,4.9,False,paypal,2-day_shipping,False,False,15.0,cash,bi-weekly,1.0,3350,2026-04-25 09:50:22.623131
3352.0,43.0,female,shirt,clothing,49.0,new_hampshire,l,cyan,spring,4.2,False,cash,2-day_shipping,False,False,18.0,bank_transfer,fortnightly,1.0,3351,2026-04-25 09:50:22.623131
3353.0,55.0,female,belt,accessories,96.0,washington,m,teal,summer,2.9,False,credit_card,next_day_air,False,False,7.0,bank_transfer,bi-weekly,1.0,3352,2026-04-25 09:50:22.623131
3354.0,31.0,female,dress,clothing,66.0,ohio,l,teal,fall,4.6,False,debit_card,free_shipping,False,False,19.0,credit_card,every_3_months,1.0,3353,2026-04-25 09:50:22.623131
3355.0,42.0,female,skirt,clothing,45.0,maryland,m,orange,fall,2.8,False,cash,next_day_air,False,False,15.0,paypal,weekly,1.0,3354,2026-04-25 09:50:22.623131
3356.0,40.0,female,blouse,clothing,28.0,delaware,m,peach,spring,2.6,False,debit_card,store_pickup,False,False,3.0,bank_transfer,bi-weekly,1.0,3355,2026-04-25 09:50:22.623131
3357.0,39.0,female,jeans,clothing,48.0,tennessee,m,silver,summer,3.5,False,credit_card,store_pickup,False,False,13.0,paypal,bi-weekly,1.0,3356,2026-04-25 09:50:22.623131
3358.0,41.0,female,hoodie,clothing,67.0,arkansas,m,pink,winter,3.5,False,venmo,free_shipping,False,False,37.0,credit_card,monthly,1.0,3357,2026-04-25 09:50:22.623131
3359.0,56.0,female,t-shirt,clothing,59.0,tennessee,m,magenta,fall,3.4,False,debit_card,2-day_shipping,False,False,26.0,cash,annually,1.0,3358,2026-04-25 09:50:22.623131
3360.0,43.0,female,sunglasses,accessories,74.0,new_hampshire,l,red,fall,3.9,False,credit_card,next_day_air,False,False,29.0,debit_card,monthly,1.0,3359,2026-04-25 09:50:22.623131
3361.0,22.0,female,jacket,outerwear,81.0,minnesota,m,maroon,spring,3.3,False,venmo,2-day_shipping,False,False,47.0,cash,every_3_months,1.0,3360,2026-04-25 09:50:22.623131
3362.0,47.0,female,shoes,footwear,26.0,florida,m,silver,spring,4.1,False,credit_card,free_shipping,False,False,47.0,credit_card,bi-weekly,1.0,3361,2026-04-25 09:50:22.623131
3363.0,50.0,female,handbag,accessories,61.0,tennessee,m,gray,summer,3.0,False,credit_card,next_day_air,False,False,48.0,venmo,fortnightly,1.0,3362,2026-04-25 09:50:22.623131
3364.0,58.0,female,sweater,clothing,23.0,california,m,turquoise,winter,3.0,False,paypal,next_day_air,False,False,46.0,bank_transfer,bi-weekly,1.0,3363,2026-04-25 09:50:22.623131
3365.0,50.0,female,scarf,accessories,33.0,oregon,m,peach,fall,3.2,False,cash,standard,False,False,7.0,credit_card,monthly,1.0,3364,2026-04-25 09:50:22.623131
3366.0,43.0,female,skirt,clothing,58.0,tennessee,l,teal,fall,3.9,False,bank_transfer,express,False,False,45.0,credit_card,every_3_months,1.0,3365,2026-04-25 09:50:22.623131
3367.0,38.0,female,gloves,accessories,65.0,north_carolina,m,red,spring,3.6,False,venmo,2-day_shipping,False,False,47.0,debit_card,quarterly,1.0,3366,2026-04-25 09:50:22.623131
3368.0,44.0,female,t-shirt,clothing,48.0,tennessee,m,blue,summer,3.1,False,credit_card,store_pickup,False,False,6.0,venmo,fortnightly,1.0,3367,2026-04-25 09:50:22.623131
3369.0,30.0,female,sandals,footwear,25.0,nebraska,m,blue,spring,4.8,False,cash,express,False,False,29.0,bank_transfer,every_3_months,1.0,3368,2026-04-25 09:50:22.623131
3370.0,47.0,female,sweater,clothing,51.0,maine,m,indigo,winter,3.8,False,debit_card,2-day_shipping,False,False,42.0,cash,monthly,1.0,3369,2026-04-25 09:50:22.623131
3371.0,30.0,female,belt,accessories,31.0,illinois,m,charcoal,summer,2.8,False,venmo,store_pickup,False,False,46.0,cash,fortnightly,1.0,3370,2026-04-25 09:50:22.623131
3372.0,49.0,female,hoodie,clothing,99.0,colorado,s,turquoise,winter,4.0,False,paypal,next_day_air,False,False,28.0,paypal,annually,1.0,3371,2026-04-25 09:50:22.623131
3373.0,56.0,female,socks,clothing,25.0,pennsylvania,m,maroon,winter,4.6,False,credit_card,free_shipping,False,False,14.0,credit_card,every_3_months,1.0,3372,2026-04-25 09:50:22.623131
3374.0,70.0,female,sandals,footwear,52.0,minnesota,m,purple,spring,3.5,False,debit_card,store_pickup,False,False,12.0,debit_card,every_3_months,1.0,3373,2026-04-25 09:50:22.623131
3375.0,22.0,female,blouse,clothing,47.0,nevada,s,lavender,spring,3.7,False,debit_card,2-day_shipping,False,False,41.0,debit_card,annually,1.0,3374,2026-04-25 09:50:22.623131
3376.0,51.0,female,boots,footwear,98.0,connecticut,xl,yellow,fall,4.9,False,debit_card,express,False,False,8.0,credit_card,annually,1.0,3375,2026-04-25 09:50:22.623131
3377.0,22.0,female,hat,accessories,46.0,ohio,m,green,winter,4.1,False,credit_card,store_pickup,False,False,24.0,cash,quarterly,1.0,3376,2026-04-25 09:50:22.623131
3378.0,37.0,female,shirt,clothing,32.0,kentucky,m,yellow,winter,4.6,False,bank_transfer,next_day_air,False,False,18.0,paypal,fortnightly,1.0,3377,2026-04-25 09:50:22.623131
3379.0,49.0,female,shorts,clothing,75.0,minnesota,l,gold,fall,4.5,False,paypal,next_day_air,False,False,6.0,cash,quarterly,1.0,3378,2026-04-25 09:50:22.623131
3380.0,61.0,female,handbag,accessories,51.0,tennessee,l,turquoise,summer,5.0,False,debit_card,store_pickup,False,False,40.0,cash,weekly,1.0,3379,2026-04-25 09:50:22.623131
3381.0,41.0,female,dress,clothing,52.0,north_dakota,l,blue,summer,3.8,False,paypal,standard,False,False,6.0,paypal,every_3_months,1.0,3380,2026-04-25 09:50:22.623131
3382.0,57.0,female,hat,accessories,66.0,minnesota,l,turquoise,winter,4.7,False,bank_transfer,standard,False,False,27.0,credit_card,quarterly,1.0,3381,2026-04-25 09:50:22.623131
3383.0,34.0,female,sweater,clothing,35.0,nebraska,m,maroon,spring,2.8,False,bank_transfer,express,False,False,2.0,bank_transfer,weekly,1.0,3382,2026-04-25 09:50:22.623131
3384.0,27.0,female,coat,outerwear,43.0,delaware,m,pink,fall,2.6,False,credit_card,next_day_air,False,False,39.0,venmo,bi-weekly,1.0,3383,2026-04-25 09:50:22.623131
3385.0,39.0,female,hoodie,clothing,24.0,minnesota,l,maroon,summer,3.8,False,credit_card,free_shipping,False,False,9.0,venmo,quarterly,1.0,3384,2026-04-25 09:50:22.623131
3386.0,62.0,female,jewelry,accessories,83.0,rhode_island,m,olive,winter,2.8,False,paypal,standard,False,False,16.0,credit_card,every_3_months,1.0,3385,2026-04-25 09:50:22.623131
3387.0,34.0,female,t-shirt,clothing,62.0,michigan,m,lavender,fall,2.6,False,debit_card,2-day_shipping,False,False,36.0,cash,quarterly,1.0,3386,2026-04-25 09:50:22.623131
3388.0,53.0,female,pants,clothing,78.0,new_jersey,s,pink,spring,3.4,False,venmo,2-day_shipping,False,False,2.0,credit_card,bi-weekly,1.0,3387,2026-04-25 09:50:22.623131
3389.0,35.0,female,sweater,clothing,61.0,south_dakota,m,cyan,spring,4.5,False,venmo,store_pickup,False,False,21.0,credit_card,weekly,1.0,3388,2026-04-25 09:50:22.623131
3390.0,38.0,female,pants,clothing,57.0,north_carolina,l,maroon,fall,3.8,False,credit_card,free_shipping,False,False,39.0,venmo,annually,1.0,3389,2026-04-25 09:50:22.623131
3391.0,32.0,female,socks,clothing,70.0,oregon,s,red,summer,3.0,False,credit_card,next_day_air,False,False,38.0,paypal,annually,1.0,3390,2026-04-25 09:50:22.623131
3392.0,47.0,female,hoodie,clothing,57.0,montana,m,silver,fall,3.7,False,cash,2-day_shipping,False,False,6.0,debit_card,every_3_months,1.0,3391,2026-04-25 09:50:22.623131
3393.0,53.0,female,scarf,accessories,74.0,new_jersey,xl,blue,winter,4.4,False,credit_card,free_shipping,False,False,6.0,venmo,bi-weekly,1.0,3392,2026-04-25 09:50:22.623131
3394.0,60.0,female,dress,clothing,90.0,arizona,m,gold,fall,3.1,False,paypal,next_day_air,False,False,50.0,debit_card,monthly,1.0,3393,2026-04-25 09:50:22.623131
3395.0,31.0,female,sandals,footwear,98.0,vermont,s,yellow,spring,4.2,False,cash,store_pickup,False,False,9.0,paypal,annually,1.0,3394,2026-04-25 09:50:22.623131
3396.0,44.0,female,dress,clothing,43.0,colorado,m,silver,winter,3.1,False,debit_card,free_shipping,False,False,15.0,debit_card,every_3_months,1.0,3395,2026-04-25 09:50:22.623131
3397.0,29.0,female,pants,clothing,37.0,tennessee,xl,black,winter,5.0,False,paypal,next_day_air,False,False,5.0,paypal,quarterly,1.0,3396,2026-04-25 09:50:22.623131
3398.0,19.0,female,blouse,clothing,38.0,new_jersey,l,yellow,summer,2.7,False,bank_transfer,standard,False,False,13.0,bank_transfer,bi-weekly,1.0,3397,2026-04-25 09:50:22.623131
3399.0,54.0,female,jeans,clothing,60.0,montana,l,pink,winter,3.8,False,cash,standard,False,False,44.0,cash,fortnightly,1.0,3398,2026-04-25 09:50:22.623131
3400.0,40.0,female,pants,clothing,55.0,montana,xl,yellow,winter,3.3,False,debit_card,standard,False,False,36.0,debit_card,annually,1.0,3399,2026-04-25 09:50:22.623131
3401.0,39.0,female,sunglasses,accessories,51.0,nevada,m,lavender,fall,4.8,False,debit_card,free_shipping,False,False,18.0,venmo,fortnightly,1.0,3400,2026-04-25 09:50:22.623131
3402.0,44.0,female,backpack,accessories,71.0,nevada,l,peach,winter,3.4,False,venmo,standard,False,False,39.0,credit_card,weekly,1.0,3401,2026-04-25 09:50:22.623131
3403.0,22.0,female,hoodie,clothing,61.0,louisiana,m,black,spring,4.4,False,venmo,2-day_shipping,False,False,11.0,paypal,every_3_months,1.0,3402,2026-04-25 09:50:22.623131
3404.0,30.0,female,boots,footwear,65.0,illinois,m,olive,summer,3.9,False,credit_card,standard,False,False,1.0,cash,bi-weekly,1.0,3403,2026-04-25 09:50:22.623131
3405.0,69.0,female,gloves,accessories,34.0,south_carolina,l,olive,fall,3.9,False,cash,2-day_shipping,False,False,34.0,credit_card,annually,1.0,3404,2026-04-25 09:50:22.623131
3406.0,28.0,female,blouse,clothing,87.0,washington,m,white,summer,4.2,False,venmo,store_pickup,False,False,47.0,bank_transfer,bi-weekly,1.0,3405,2026-04-25 09:50:22.623131
3407.0,57.0,female,sweater,clothing,79.0,nebraska,m,red,spring,4.0,False,venmo,store_pickup,False,False,24.0,venmo,quarterly,1.0,3406,2026-04-25 09:50:22.623131
3408.0,46.0,female,dress,clothing,46.0,alabama,s,purple,spring,2.6,False,bank_transfer,store_pickup,False,False,20.0,cash,quarterly,1.0,3407,2026-04-25 09:50:22.623131
3409.0,48.0,female,socks,clothing,72.0,montana,l,purple,summer,4.4,False,paypal,standard,False,False,11.0,bank_transfer,annually,1.0,3408,2026-04-25 09:50:22.623131
3410.0,24.0,female,shirt,clothing,93.0,minnesota,m,teal,summer,3.2,False,paypal,next_day_air,False,False,3.0,credit_card,every_3_months,1.0,3409,2026-04-25 09:50:22.623131
3411.0,50.0,female,sandals,footwear,76.0,ohio,l,teal,summer,4.3,False,paypal,free_shipping,False,False,38.0,bank_transfer,bi-weekly,1.0,3410,2026-04-25 09:50:22.623131
3412.0,29.0,female,shoes,footwear,56.0,new_york,l,gray,winter,4.9,False,venmo,2-day_shipping,False,False,45.0,cash,weekly,1.0,3411,2026-04-25 09:50:22.623131
3413.0,61.0,female,sandals,footwear,83.0,indiana,m,magenta,fall,3.8,False,credit_card,store_pickup,False,False,31.0,venmo,quarterly,1.0,3412,2026-04-25 09:50:22.623131
3414.0,34.0,female,gloves,accessories,90.0,delaware,xl,black,winter,2.5,False,cash,express,False,False,16.0,paypal,bi-weekly,1.0,3413,2026-04-25 09:50:22.623131
3415.0,27.0,female,boots,footwear,94.0,connecticut,m,maroon,spring,4.9,False,venmo,next_day_air,False,False,3.0,bank_transfer,quarterly,1.0,3414,2026-04-25 09:50:22.623131
3416.0,38.0,female,blouse,clothing,68.0,new_york,m,gold,fall,3.0,False,credit_card,2-day_shipping,False,False,15.0,bank_transfer,annually,1.0,3415,2026-04-25 09:50:22.623131
3417.0,25.0,female,sandals,footwear,53.0,alabama,m,purple,spring,3.2,False,paypal,store_pickup,False,False,11.0,bank_transfer,every_3_months,1.0,3416,2026-04-25 09:50:22.623131
3418.0,54.0,female,coat,outerwear,35.0,massachusetts,m,blue,summer,2.9,False,paypal,2-day_shipping,False,False,22.0,debit_card,fortnightly,1.0,3417,2026-04-25 09:50:22.623131
3419.0,53.0,female,jacket,outerwear,30.0,south_carolina,m,beige,summer,2.8,False,cash,free_shipping,False,False,35.0,debit_card,annually,1.0,3418,2026-04-25 09:50:22.623131
3420.0,23.0,female,jewelry,accessories,26.0,west_virginia,l,indigo,winter,3.1,False,venmo,store_pickup,False,False,5.0,venmo,bi-weekly,1.0,3419,2026-04-25 09:50:22.623131
3421.0,19.0,female,hat,accessories,60.0,kentucky,m,purple,winter,3.4,False,debit_card,express,False,False,35.0,paypal,bi-weekly,1.0,3420,2026-04-25 09:50:22.623131
3422.0,57.0,female,shoes,footwear,30.0,new_jersey,m,maroon,summer,2.9,False,paypal,free_shipping,False,False,27.0,paypal,weekly,1.0,3421,2026-04-25 09:50:22.623131
3423.0,19.0,female,coat,outerwear,91.0,new_york,l,beige,winter,3.2,False,credit_card,next_day_air,False,False,9.0,venmo,monthly,1.0,3422,2026-04-25 09:50:22.623131
3424.0,33.0,female,boots,footwear,71.0,massachusetts,m,brown,spring,3.8,False,venmo,next_day_air,False,False,21.0,paypal,bi-weekly,1.0,3423,2026-04-25 09:50:22.623131
3425.0,33.0,female,scarf,accessories,64.0,florida,l,green,summer,3.6,False,venmo,2-day_shipping,False,False,23.0,credit_card,monthly,1.0,3424,2026-04-25 09:50:22.623131
3426.0,38.0,female,hat,accessories,54.0,michigan,m,blue,summer,4.3,False,bank_transfer,next_day_air,False,False,3.0,debit_card,bi-weekly,1.0,3425,2026-04-25 09:50:22.623131
3427.0,47.0,female,socks,clothing,35.0,oregon,xl,magenta,fall,4.8,False,paypal,2-day_shipping,False,False,31.0,credit_card,annually,1.0,3426,2026-04-25 09:50:22.623131
3428.0,39.0,female,t-shirt,clothing,38.0,michigan,xl,turquoise,winter,2.5,False,bank_transfer,store_pickup,False,False,44.0,cash,annually,1.0,3427,2026-04-25 09:50:22.623131
3429.0,32.0,female,jewelry,accessories,69.0,washington,m,gray,fall,2.5,False,debit_card,next_day_air,False,False,20.0,venmo,monthly,1.0,3428,2026-04-25 09:50:22.623131
3430.0,27.0,female,skirt,clothing,96.0,alaska,s,purple,winter,4.6,False,debit_card,express,False,False,34.0,debit_card,weekly,1.0,3429,2026-04-25 09:50:22.623131
3431.0,67.0,female,socks,clothing,73.0,montana,m,lavender,winter,4.2,False,credit_card,next_day_air,False,False,17.0,bank_transfer,every_3_months,1.0,3430,2026-04-25 09:50:22.623131
3432.0,46.0,female,belt,accessories,49.0,new_mexico,s,green,summer,4.2,False,cash,express,False,False,20.0,venmo,annually,1.0,3431,2026-04-25 09:50:22.623131
3433.0,36.0,female,boots,footwear,44.0,connecticut,m,gray,summer,4.8,False,credit_card,2-day_shipping,False,False,46.0,paypal,every_3_months,1.0,3432,2026-04-25 09:50:22.623131
3434.0,62.0,female,socks,clothing,93.0,alaska,m,yellow,spring,4.5,False,cash,free_shipping,False,False,28.0,paypal,annually,1.0,3433,2026-04-25 09:50:22.623131
3435.0,31.0,female,pants,clothing,72.0,ohio,s,orange,summer,3.3,False,paypal,2-day_shipping,False,False,6.0,venmo,fortnightly,1.0,3434,2026-04-25 09:50:22.623131
3436.0,68.0,female,socks,clothing,91.0,montana,m,beige,summer,2.7,False,debit_card,2-day_shipping,False,False,50.0,debit_card,bi-weekly,1.0,3435,2026-04-25 09:50:22.623131
3437.0,57.0,female,belt,accessories,83.0,nebraska,l,peach,winter,2.8,False,venmo,2-day_shipping,False,False,41.0,bank_transfer,monthly,1.0,3436,2026-04-25 09:50:22.623131
3438.0,22.0,female,jacket,outerwear,62.0,oklahoma,s,green,winter,3.5,False,venmo,2-day_shipping,False,False,50.0,paypal,annually,1.0,3437,2026-04-25 09:50:22.623131
3439.0,26.0,female,shirt,clothing,71.0,kentucky,m,violet,fall,3.0,False,debit_card,store_pickup,False,False,33.0,credit_card,monthly,1.0,3438,2026-04-25 09:50:22.623131
3440.0,43.0,female,gloves,accessories,93.0,idaho,m,gray,summer,4.5,False,cash,express,False,False,25.0,venmo,quarterly,1.0,3439,2026-04-25 09:50:22.623131
3441.0,45.0,female,handbag,accessories,63.0,maryland,l,magenta,fall,4.3,False,credit_card,2-day_shipping,False,False,2.0,paypal,weekly,1.0,3440,2026-04-25 09:50:22.623131
3442.0,64.0,female,sweater,clothing,96.0,tennessee,xl,charcoal,fall,4.1,False,debit_card,standard,False,False,15.0,credit_card,annually,1.0,3441,2026-04-25 09:50:22.623131
3443.0,28.0,female,skirt,clothing,78.0,michigan,m,violet,spring,4.3,False,venmo,next_day_air,False,False,12.0,paypal,weekly,1.0,3442,2026-04-25 09:50:22.623131
3444.0,47.0,female,dress,clothing,24.0,tennessee,l,silver,summer,5.0,False,paypal,free_shipping,False,False,28.0,cash,bi-weekly,1.0,3443,2026-04-25 09:50:22.623131
3445.0,53.0,female,pants,clothing,63.0,rhode_island,s,green,summer,3.8,False,cash,2-day_shipping,False,False,12.0,bank_transfer,bi-weekly,1.0,3444,2026-04-25 09:50:22.623131
3446.0,42.0,female,hat,accessories,58.0,florida,m,magenta,fall,4.9,False,venmo,standard,False,False,3.0,debit_card,annually,1.0,3445,2026-04-25 09:50:22.623131
3447.0,51.0,female,boots,footwear,55.0,louisiana,s,purple,spring,5.0,False,debit_card,2-day_shipping,False,False,20.0,cash,weekly,1.0,3446,2026-04-25 09:50:22.623131
3448.0,62.0,female,sandals,footwear,58.0,arkansas,m,blue,fall,4.3,False,debit_card,express,False,False,3.0,bank_transfer,bi-weekly,1.0,3447,2026-04-25 09:50:22.623131
3449.0,18.0,female,coat,outerwear,28.0,kentucky,s,yellow,winter,4.1,False,paypal,express,False,False,32.0,bank_transfer,fortnightly,1.0,3448,2026-04-25 09:50:22.623131
3450.0,48.0,female,blouse,clothing,37.0,kansas,m,brown,spring,4.5,False,paypal,standard,False,False,35.0,cash,monthly,1.0,3449,2026-04-25 09:50:22.623131
3451.0,20.0,female,shorts,clothing,78.0,vermont,m,pink,spring,3.6,False,paypal,store_pickup,False,False,31.0,paypal,monthly,1.0,3450,2026-04-25 09:50:22.623131
3452.0,32.0,female,blouse,clothing,73.0,nevada,xl,silver,fall,3.0,False,bank_transfer,free_shipping,False,False,13.0,credit_card,annually,1.0,3451,2026-04-25 09:50:22.623131
3453.0,26.0,female,jacket,outerwear,20.0,oklahoma,m,indigo,spring,3.7,False,credit_card,next_day_air,False,False,3.0,venmo,fortnightly,1.0,3452,2026-04-25 09:50:22.623131
3454.0,31.0,female,shirt,clothing,60.0,alabama,l,pink,winter,4.3,False,venmo,standard,False,False,48.0,venmo,bi-weekly,1.0,3453,2026-04-25 09:50:22.623131
3455.0,55.0,female,handbag,accessories,71.0,louisiana,s,lavender,fall,4.6,False,cash,store_pickup,False,False,15.0,paypal,bi-weekly,1.0,3454,2026-04-25 09:50:22.623131
3456.0,49.0,female,t-shirt,clothing,89.0,ohio,m,orange,fall,4.7,False,bank_transfer,standard,False,False,13.0,venmo,annually,1.0,3455,2026-04-25 09:50:22.623131
3457.0,42.0,female,hoodie,clothing,53.0,texas,m,red,fall,4.6,False,bank_transfer,express,False,False,21.0,venmo,monthly,1.0,3456,2026-04-25 09:50:22.623131
3458.0,64.0,female,jewelry,accessories,87.0,maryland,m,gray,summer,3.0,False,bank_transfer,express,False,False,29.0,cash,fortnightly,1.0,3457,2026-04-25 09:50:22.623131
3459.0,68.0,female,jewelry,accessories,37.0,west_virginia,l,violet,spring,3.4,False,paypal,standard,False,False,24.0,venmo,quarterly,1.0,3458,2026-04-25 09:50:22.623131
3460.0,68.0,female,hoodie,clothing,37.0,ohio,l,green,fall,3.8,False,venmo,express,False,False,21.0,paypal,annually,1.0,3459,2026-04-25 09:50:22.623131
3461.0,41.0,female,scarf,accessories,78.0,indiana,m,gold,spring,3.1,False,credit_card,express,False,False,5.0,bank_transfer,bi-weekly,1.0,3460,2026-04-25 09:50:22.623131
3462.0,51.0,female,shoes,footwear,23.0,wyoming,s,maroon,spring,4.4,False,venmo,standard,False,False,47.0,cash,quarterly,1.0,3461,2026-04-25 09:50:22.623131
3463.0,44.0,female,jeans,clothing,73.0,michigan,l,olive,spring,4.5,False,bank_transfer,standard,False,False,34.0,credit_card,every_3_months,1.0,3462,2026-04-25 09:50:22.623131
3464.0,27.0,female,jewelry,accessories,27.0,maine,m,yellow,fall,2.8,False,debit_card,2-day_shipping,False,False,45.0,paypal,fortnightly,1.0,3463,2026-04-25 09:50:22.623131
3465.0,36.0,female,coat,outerwear,59.0,utah,s,peach,winter,2.7,False,debit_card,next_day_air,False,False,12.0,paypal,annually,1.0,3464,2026-04-25 09:50:22.623131
3466.0,19.0,female,backpack,accessories,53.0,iowa,m,gold,spring,3.4,False,bank_transfer,standard,False,False,31.0,debit_card,weekly,1.0,3465,2026-04-25 09:50:22.623131
3467.0,49.0,female,socks,clothing,42.0,maryland,s,purple,summer,4.6,False,debit_card,standard,False,False,43.0,bank_transfer,annually,1.0,3466,2026-04-25 09:50:22.623131
3468.0,18.0,female,scarf,accessories,45.0,texas,m,charcoal,fall,5.0,False,bank_transfer,next_day_air,False,False,5.0,credit_card,annually,1.0,3467,2026-04-25 09:50:22.623131
3469.0,36.0,female,sunglasses,accessories,89.0,ohio,s,indigo,winter,3.5,False,credit_card,standard,False,False,36.0,debit_card,quarterly,1.0,3468,2026-04-25 09:50:22.623131
3470.0,36.0,female,socks,clothing,85.0,north_dakota,l,magenta,fall,3.3,False,bank_transfer,store_pickup,False,False,12.0,cash,annually,1.0,3469,2026-04-25 09:50:22.623131
3471.0,19.0,female,coat,outerwear,69.0,west_virginia,s,olive,summer,4.5,False,cash,free_shipping,False,False,31.0,cash,bi-weekly,1.0,3470,2026-04-25 09:50:22.623131
3472.0,43.0,female,sandals,footwear,66.0,north_carolina,s,blue,spring,3.1,False,cash,store_pickup,False,False,31.0,cash,bi-weekly,1.0,3471,2026-04-25 09:50:22.623131
3473.0,31.0,female,blouse,clothing,42.0,georgia,s,white,summer,4.0,False,bank_transfer,free_shipping,False,False,15.0,debit_card,weekly,1.0,3472,2026-04-25 09:50:22.623131
3474.0,63.0,female,dress,clothing,40.0,kansas,m,cyan,spring,2.5,False,credit_card,express,False,False,11.0,cash,weekly,1.0,3473,2026-04-25 09:50:22.623131
3475.0,41.0,female,pants,clothing,82.0,maine,m,cyan,winter,4.4,False,paypal,store_pickup,False,False,18.0,venmo,monthly,1.0,3474,2026-04-25 09:50:22.623131
3476.0,48.0,female,sneakers,footwear,88.0,south_carolina,m,orange,spring,4.4,False,debit_card,express,False,False,9.0,cash,quarterly,1.0,3475,2026-04-25 09:50:22.623131
3477.0,68.0,female,boots,footwear,99.0,south_carolina,xl,orange,summer,3.2,False,credit_card,free_shipping,False,False,11.0,cash,weekly,1.0,3476,2026-04-25 09:50:22.623131
3478.0,53.0,female,handbag,accessories,85.0,kentucky,s,teal,spring,3.8,False,paypal,store_pickup,False,False,38.0,debit_card,bi-weekly,1.0,3477,2026-04-25 09:50:22.623131
3479.0,36.0,female,handbag,accessories,57.0,arizona,m,magenta,fall,4.6,False,paypal,store_pickup,False,False,42.0,paypal,quarterly,1.0,3478,2026-04-25 09:50:22.623131
3480.0,46.0,female,sweater,clothing,56.0,new_york,s,orange,summer,4.9,False,paypal,standard,False,False,41.0,cash,monthly,1.0,3479,2026-04-25 09:50:22.623131
3481.0,21.0,female,sandals,footwear,79.0,new_hampshire,l,peach,winter,3.5,False,cash,free_shipping,False,False,45.0,paypal,monthly,1.0,3480,2026-04-25 09:50:22.623131
3482.0,52.0,female,socks,clothing,67.0,ohio,s,maroon,summer,3.4,False,credit_card,store_pickup,False,False,41.0,debit_card,bi-weekly,1.0,3481,2026-04-25 09:50:22.623131
3483.0,66.0,female,gloves,accessories,61.0,hawaii,m,gold,winter,3.9,False,venmo,next_day_air,False,False,35.0,debit_card,weekly,1.0,3482,2026-04-25 09:50:22.623131
3484.0,19.0,female,hoodie,clothing,37.0,texas,l,white,winter,3.9,False,venmo,express,False,False,21.0,credit_card,every_3_months,1.0,3483,2026-04-25 09:50:22.623131
3485.0,44.0,female,dress,clothing,75.0,illinois,l,gray,fall,4.2,False,debit_card,free_shipping,False,False,13.0,credit_card,bi-weekly,1.0,3484,2026-04-25 09:50:22.623131
3486.0,50.0,female,shirt,clothing,21.0,massachusetts,xl,brown,winter,3.4,False,debit_card,standard,False,False,23.0,debit_card,fortnightly,1.0,3485,2026-04-25 09:50:22.623131
3487.0,51.0,female,shorts,clothing,89.0,north_carolina,l,charcoal,winter,4.9,False,debit_card,standard,False,False,6.0,paypal,weekly,1.0,3486,2026-04-25 09:50:22.623131
3488.0,25.0,female,sandals,footwear,24.0,west_virginia,l,beige,fall,2.9,False,debit_card,store_pickup,False,False,39.0,bank_transfer,annually,1.0,3487,2026-04-25 09:50:22.623131
3489.0,62.0,female,sweater,clothing,27.0,delaware,xl,teal,spring,4.9,False,cash,store_pickup,False,False,7.0,cash,quarterly,1.0,3488,2026-04-25 09:50:22.623131
3490.0,48.0,female,dress,clothing,26.0,idaho,l,black,summer,4.6,False,bank_transfer,2-day_shipping,False,False,32.0,paypal,every_3_months,1.0,3489,2026-04-25 09:50:22.623131
3491.0,62.0,female,boots,footwear,82.0,oregon,m,violet,spring,3.6,False,venmo,store_pickup,False,False,43.0,credit_card,quarterly,1.0,3490,2026-04-25 09:50:22.623131
3492.0,22.0,female,pants,clothing,28.0,maine,m,orange,winter,4.3,False,bank_transfer,express,False,False,15.0,cash,monthly,1.0,3491,2026-04-25 09:50:22.623131
3493.0,48.0,female,gloves,accessories,65.0,south_dakota,m,turquoise,fall,4.6,False,paypal,standard,False,False,48.0,bank_transfer,annually,1.0,3492,2026-04-25 09:50:22.623131
3494.0,48.0,female,pants,clothing,82.0,new_mexico,xl,black,winter,4.7,False,cash,store_pickup,False,False,35.0,credit_card,weekly,1.0,3493,2026-04-25 09:50:22.623131
3495.0,62.0,female,scarf,accessories,38.0,washington,m,silver,winter,3.5,False,credit_card,free_shipping,False,False,41.0,paypal,quarterly,1.0,3494,2026-04-25 09:50:22.623131
3496.0,24.0,female,shorts,clothing,33.0,georgia,xl,gray,spring,2.8,False,debit_card,free_shipping,False,False,14.0,cash,weekly,1.0,3495,2026-04-25 09:50:22.623131
3497.0,39.0,female,shoes,footwear,38.0,idaho,m,pink,summer,4.0,False,cash,free_shipping,False,False,22.0,paypal,monthly,1.0,3496,2026-04-25 09:50:22.623131
3498.0,35.0,female,handbag,accessories,48.0,colorado,m,red,spring,4.3,False,paypal,store_pickup,False,False,16.0,venmo,every_3_months,1.0,3497,2026-04-25 09:50:22.623131
3499.0,47.0,female,sandals,footwear,35.0,kentucky,m,lavender,summer,3.8,False,paypal,standard,False,False,2.0,bank_transfer,bi-weekly,1.0,3498,2026-04-25 09:50:22.623131
3500.0,22.0,female,socks,clothing,29.0,new_jersey,l,indigo,fall,3.0,False,bank_transfer,next_day_air,False,False,13.0,paypal,every_3_months,1.0,3499,2026-04-25 09:50:22.623131
3501.0,38.0,female,shirt,clothing,48.0,oregon,s,silver,fall,4.6,False,credit_card,next_day_air,False,False,38.0,debit_card,fortnightly,1.0,3500,2026-04-25 09:50:22.623131
3502.0,53.0,female,shoes,footwear,87.0,nebraska,m,silver,fall,4.8,False,bank_transfer,standard,False,False,43.0,bank_transfer,weekly,1.0,3501,2026-04-25 09:50:22.623131
3503.0,31.0,female,backpack,accessories,62.0,massachusetts,m,green,fall,4.7,False,bank_transfer,next_day_air,False,False,26.0,bank_transfer,quarterly,1.0,3502,2026-04-25 09:50:22.623131
3504.0,31.0,female,shirt,clothing,96.0,nebraska,m,pink,spring,3.9,False,cash,free_shipping,False,False,39.0,cash,weekly,1.0,3503,2026-04-25 09:50:22.623131
3505.0,65.0,female,handbag,accessories,41.0,hawaii,s,violet,fall,4.0,False,bank_transfer,next_day_air,False,False,50.0,venmo,monthly,1.0,3504,2026-04-25 09:50:22.623131
3506.0,48.0,female,jewelry,accessories,42.0,indiana,l,red,winter,3.7,False,cash,2-day_shipping,False,False,40.0,bank_transfer,every_3_months,1.0,3505,2026-04-25 09:50:22.623131
3507.0,18.0,female,shirt,clothing,57.0,illinois,l,olive,winter,3.7,False,venmo,2-day_shipping,False,False,12.0,cash,fortnightly,1.0,3506,2026-04-25 09:50:22.623131
3508.0,46.0,female,handbag,accessories,65.0,colorado,s,purple,spring,4.2,False,bank_transfer,store_pickup,False,False,33.0,credit_card,every_3_months,1.0,3507,2026-04-25 09:50:22.623131
3509.0,52.0,female,pants,clothing,54.0,pennsylvania,m,gray,fall,4.7,False,venmo,standard,False,False,49.0,bank_transfer,weekly,1.0,3508,2026-04-25 09:50:22.623131
3510.0,50.0,female,t-shirt,clothing,22.0,ohio,l,brown,winter,4.3,False,cash,next_day_air,False,False,43.0,venmo,bi-weekly,1.0,3509,2026-04-25 09:50:22.623131
3511.0,49.0,female,sneakers,footwear,96.0,pennsylvania,s,orange,fall,4.9,False,credit_card,2-day_shipping,False,False,14.0,venmo,monthly,1.0,3510,2026-04-25 09:50:22.623131
3512.0,69.0,female,jewelry,accessories,81.0,mississippi,m,blue,summer,3.9,False,venmo,2-day_shipping,False,False,21.0,credit_card,every_3_months,1.0,3511,2026-04-25 09:50:22.623131
3513.0,36.0,female,shirt,clothing,46.0,kentucky,m,white,fall,3.4,False,bank_transfer,free_shipping,False,False,31.0,debit_card,quarterly,1.0,3512,2026-04-25 09:50:22.623131
3514.0,30.0,female,blouse,clothing,74.0,alaska,xl,charcoal,spring,4.2,False,bank_transfer,store_pickup,False,False,29.0,credit_card,fortnightly,1.0,3513,2026-04-25 09:50:22.623131
3515.0,25.0,female,sneakers,footwear,50.0,georgia,xl,gray,winter,4.7,False,venmo,express,False,False,32.0,cash,monthly,1.0,3514,2026-04-25 09:50:22.623131
3516.0,19.0,female,dress,clothing,80.0,south_dakota,xl,charcoal,winter,4.0,False,paypal,next_day_air,False,False,16.0,debit_card,bi-weekly,1.0,3515,2026-04-25 09:50:22.623131
3517.0,34.0,female,boots,footwear,56.0,south_carolina,s,white,summer,4.0,False,venmo,free_shipping,False,False,38.0,paypal,bi-weekly,1.0,3516,2026-04-25 09:50:22.623131
3518.0,29.0,female,skirt,clothing,69.0,tennessee,m,orange,winter,3.1,False,debit_card,next_day_air,False,False,34.0,debit_card,every_3_months,1.0,3517,2026-04-25 09:50:22.623131
3519.0,50.0,female,shirt,clothing,97.0,colorado,m,black,spring,4.2,False,bank_transfer,standard,False,False,30.0,paypal,quarterly,1.0,3518,2026-04-25 09:50:22.623131
3520.0,31.0,female,shorts,clothing,66.0,wisconsin,m,white,winter,3.7,False,credit_card,next_day_air,False,False,14.0,bank_transfer,fortnightly,1.0,3519,2026-04-25 09:50:22.623131
3521.0,41.0,female,hat,accessories,70.0,georgia,s,brown,spring,3.1,False,paypal,express,False,False,33.0,bank_transfer,monthly,1.0,3520,2026-04-25 09:50:22.623131
3522.0,52.0,female,shoes,footwear,50.0,maryland,m,pink,winter,3.7,False,credit_card,store_pickup,False,False,35.0,venmo,weekly,1.0,3521,2026-04-25 09:50:22.623131
3523.0,27.0,female,pants,clothing,85.0,new_jersey,m,yellow,spring,3.2,False,bank_transfer,store_pickup,False,False,13.0,cash,quarterly,1.0,3522,2026-04-25 09:50:22.623131
3524.0,49.0,female,backpack,accessories,59.0,nevada,m,cyan,summer,2.8,False,paypal,standard,False,False,30.0,cash,fortnightly,1.0,3523,2026-04-25 09:50:22.623131
3525.0,69.0,female,pants,clothing,74.0,michigan,l,silver,summer,2.9,False,credit_card,free_shipping,False,False,30.0,credit_card,monthly,1.0,3524,2026-04-25 09:50:22.623131
3526.0,45.0,female,sunglasses,accessories,38.0,wyoming,l,olive,winter,3.5,False,paypal,standard,False,False,47.0,bank_transfer,annually,1.0,3525,2026-04-25 09:50:22.623131
3527.0,20.0,female,sweater,clothing,99.0,massachusetts,m,olive,spring,3.8,False,paypal,express,False,False,1.0,paypal,every_3_months,1.0,3526,2026-04-25 09:50:22.623131
3528.0,25.0,female,blouse,clothing,97.0,washington,s,charcoal,spring,4.7,False,cash,free_shipping,False,False,1.0,cash,weekly,1.0,3527,2026-04-25 09:50:22.623131
3529.0,38.0,female,scarf,accessories,67.0,maine,l,gray,summer,4.5,False,cash,free_shipping,False,False,33.0,paypal,annually,1.0,3528,2026-04-25 09:50:22.623131
3530.0,55.0,female,t-shirt,clothing,20.0,montana,s,maroon,winter,3.9,False,credit_card,next_day_air,False,False,43.0,bank_transfer,weekly,1.0,3529,2026-04-25 09:50:22.623131
3531.0,62.0,female,sunglasses,accessories,45.0,oklahoma,l,black,spring,3.4,False,bank_transfer,express,False,False,37.0,paypal,weekly,1.0,3530,2026-04-25 09:50:22.623131
3532.0,54.0,female,shoes,footwear,52.0,north_dakota,xl,violet,winter,4.6,False,credit_card,2-day_shipping,False,False,23.0,cash,quarterly,1.0,3531,2026-04-25 09:50:22.623131
3533.0,61.0,female,pants,clothing,68.0,connecticut,l,indigo,fall,4.6,False,credit_card,standard,False,False,12.0,credit_card,annually,1.0,3532,2026-04-25 09:50:22.623131
3534.0,50.0,female,sneakers,footwear,98.0,texas,l,yellow,fall,4.7,False,venmo,standard,False,False,30.0,venmo,fortnightly,1.0,3533,2026-04-25 09:50:22.623131
3535.0,65.0,female,shoes,footwear,83.0,delaware,m,gray,fall,3.2,False,venmo,express,False,False,7.0,cash,weekly,1.0,3534,2026-04-25 09:50:22.623131
3536.0,68.0,female,shorts,clothing,51.0,mississippi,m,red,summer,5.0,False,bank_transfer,express,False,False,20.0,debit_card,monthly,1.0,3535,2026-04-25 09:50:22.623131
3537.0,55.0,female,handbag,accessories,21.0,minnesota,l,peach,spring,4.5,False,venmo,express,False,False,10.0,venmo,monthly,1.0,3536,2026-04-25 09:50:22.623131
3538.0,57.0,female,handbag,accessories,92.0,georgia,m,gray,spring,3.5,False,venmo,standard,False,False,40.0,credit_card,every_3_months,1.0,3537,2026-04-25 09:50:22.623131
3539.0,56.0,female,shoes,footwear,63.0,iowa,s,white,spring,4.5,False,venmo,store_pickup,False,False,21.0,venmo,monthly,1.0,3538,2026-04-25 09:50:22.623131
3540.0,29.0,female,jewelry,accessories,56.0,new_york,s,green,spring,3.2,False,venmo,express,False,False,17.0,credit_card,bi-weekly,1.0,3539,2026-04-25 09:50:22.623131
3541.0,24.0,female,shorts,clothing,95.0,nevada,m,magenta,spring,4.6,False,bank_transfer,free_shipping,False,False,5.0,bank_transfer,weekly,1.0,3540,2026-04-25 09:50:22.623131
3542.0,59.0,female,blouse,clothing,66.0,virginia,m,olive,winter,4.0,False,cash,next_day_air,False,False,22.0,paypal,annually,1.0,3541,2026-04-25 09:50:22.623131
3543.0,62.0,female,coat,outerwear,28.0,idaho,s,olive,spring,4.2,False,bank_transfer,express,False,False,5.0,venmo,weekly,1.0,3542,2026-04-25 09:50:22.623131
3544.0,58.0,female,hat,accessories,83.0,colorado,m,blue,winter,4.1,False,credit_card,standard,False,False,18.0,paypal,every_3_months,1.0,3543,2026-04-25 09:50:22.623131
3545.0,64.0,female,socks,clothing,55.0,wisconsin,xl,charcoal,fall,3.6,False,paypal,2-day_shipping,False,False,42.0,cash,every_3_months,1.0,3544,2026-04-25 09:50:22.623131
3546.0,48.0,female,sandals,footwear,28.0,connecticut,m,yellow,spring,3.7,False,venmo,2-day_shipping,False,False,22.0,debit_card,annually,1.0,3545,2026-04-25 09:50:22.623131
3547.0,60.0,female,scarf,accessories,79.0,kansas,m,violet,summer,3.6,False,bank_transfer,free_shipping,False,False,37.0,bank_transfer,bi-weekly,1.0,3546,2026-04-25 09:50:22.623131
3548.0,52.0,female,scarf,accessories,31.0,pennsylvania,l,magenta,summer,3.8,False,debit_card,standard,False,False,23.0,credit_card,annually,1.0,3547,2026-04-25 09:50:22.623131
3549.0,63.0,female,blouse,clothing,37.0,utah,m,red,fall,3.0,False,venmo,standard,False,False,47.0,debit_card,fortnightly,1.0,3548,2026-04-25 09:50:22.623131
3550.0,44.0,female,t-shirt,clothing,34.0,oregon,m,cyan,summer,3.4,False,credit_card,2-day_shipping,False,False,11.0,bank_transfer,fortnightly,1.0,3549,2026-04-25 09:50:22.623131
3551.0,63.0,female,shoes,footwear,74.0,west_virginia,s,orange,winter,4.8,False,venmo,standard,False,False,32.0,cash,weekly,1.0,3550,2026-04-25 09:50:22.623131
3552.0,66.0,female,gloves,accessories,31.0,montana,l,black,spring,2.6,False,credit_card,store_pickup,False,False,20.0,venmo,weekly,1.0,3551,2026-04-25 09:50:22.623131
3553.0,22.0,female,sunglasses,accessories,66.0,kentucky,m,blue,winter,2.9,False,credit_card,next_day_air,False,False,3.0,paypal,quarterly,1.0,3552,2026-04-25 09:50:22.623131
3554.0,62.0,female,shoes,footwear,99.0,minnesota,m,charcoal,spring,4.9,False,cash,free_shipping,False,False,32.0,bank_transfer,weekly,1.0,3553,2026-04-25 09:50:22.623131
3555.0,39.0,female,dress,clothing,55.0,louisiana,m,indigo,spring,5.0,False,bank_transfer,free_shipping,False,False,5.0,credit_card,fortnightly,1.0,3554,2026-04-25 09:50:22.623131
3556.0,25.0,female,blouse,clothing,23.0,delaware,l,silver,spring,4.6,False,paypal,next_day_air,False,False,45.0,cash,quarterly,1.0,3555,2026-04-25 09:50:22.623131
3557.0,70.0,female,sweater,clothing,88.0,arizona,m,brown,fall,4.2,False,bank_transfer,express,False,False,43.0,cash,bi-weekly,1.0,3556,2026-04-25 09:50:22.623131
3558.0,52.0,female,jacket,outerwear,26.0,nevada,m,peach,summer,4.9,False,paypal,next_day_air,False,False,1.0,paypal,every_3_months,1.0,3557,2026-04-25 09:50:22.623131
3559.0,68.0,female,backpack,accessories,94.0,alaska,l,magenta,summer,4.8,False,credit_card,standard,False,False,9.0,venmo,quarterly,1.0,3558,2026-04-25 09:50:22.623131
3560.0,18.0,female,shorts,clothing,25.0,utah,m,beige,fall,3.0,False,debit_card,next_day_air,False,False,13.0,venmo,every_3_months,1.0,3559,2026-04-25 09:50:22.623131
3561.0,18.0,female,socks,clothing,96.0,kansas,xl,violet,fall,3.5,False,cash,express,False,False,5.0,credit_card,annually,1.0,3560,2026-04-25 09:50:22.623131
3562.0,63.0,female,sneakers,footwear,29.0,north_carolina,l,black,spring,3.4,False,cash,standard,False,False,39.0,credit_card,fortnightly,1.0,3561,2026-04-25 09:50:22.623131
3563.0,47.0,female,sneakers,footwear,36.0,maryland,m,cyan,winter,3.4,False,paypal,free_shipping,False,False,7.0,bank_transfer,weekly,1.0,3562,2026-04-25 09:50:22.623131
3564.0,43.0,female,blouse,clothing,90.0,maine,m,green,summer,4.9,False,credit_card,standard,False,False,8.0,credit_card,every_3_months,1.0,3563,2026-04-25 09:50:22.623131
3565.0,60.0,female,gloves,accessories,38.0,illinois,s,brown,summer,4.4,False,paypal,free_shipping,False,False,40.0,venmo,annually,1.0,3564,2026-04-25 09:50:22.623131
3566.0,49.0,female,handbag,accessories,52.0,pennsylvania,s,gray,spring,4.2,False,cash,store_pickup,False,False,35.0,paypal,monthly,1.0,3565,2026-04-25 09:50:22.623131
3567.0,28.0,female,jeans,clothing,88.0,alaska,s,orange,spring,3.1,False,credit_card,next_day_air,False,False,14.0,venmo,monthly,1.0,3566,2026-04-25 09:50:22.623131
3568.0,32.0,female,scarf,accessories,56.0,new_mexico,s,silver,summer,4.0,False,venmo,next_day_air,False,False,26.0,credit_card,monthly,1.0,3567,2026-04-25 09:50:22.623131
3569.0,29.0,female,sandals,footwear,71.0,arkansas,m,purple,spring,4.8,False,cash,next_day_air,False,False,14.0,paypal,quarterly,1.0,3568,2026-04-25 09:50:22.623131
3570.0,35.0,female,sandals,footwear,94.0,alaska,m,olive,fall,3.3,False,credit_card,express,False,False,9.0,bank_transfer,fortnightly,1.0,3569,2026-04-25 09:50:22.623131
3571.0,23.0,female,dress,clothing,97.0,louisiana,xl,teal,winter,4.7,False,paypal,standard,False,False,32.0,debit_card,annually,1.0,3570,2026-04-25 09:50:22.623131
3572.0,70.0,female,skirt,clothing,27.0,north_dakota,m,white,summer,3.2,False,cash,standard,False,False,15.0,bank_transfer,every_3_months,1.0,3571,2026-04-25 09:50:22.623131
3573.0,23.0,female,shorts,clothing,28.0,rhode_island,m,black,spring,5.0,False,bank_transfer,standard,False,False,25.0,credit_card,monthly,1.0,3572,2026-04-25 09:50:22.623131
3574.0,43.0,female,jeans,clothing,67.0,connecticut,l,maroon,fall,4.9,False,cash,free_shipping,False,False,27.0,paypal,monthly,1.0,3573,2026-04-25 09:50:22.623131
3575.0,29.0,female,socks,clothing,70.0,new_york,m,cyan,fall,4.9,False,cash,express,False,False,39.0,bank_transfer,quarterly,1.0,3574,2026-04-25 09:50:22.623131
3576.0,61.0,female,coat,outerwear,95.0,kentucky,m,violet,fall,3.7,False,cash,express,False,False,49.0,venmo,bi-weekly,1.0,3575,2026-04-25 09:50:22.623131
3577.0,29.0,female,boots,footwear,24.0,maine,l,yellow,spring,3.0,False,cash,express,False,False,12.0,venmo,bi-weekly,1.0,3576,2026-04-25 09:50:22.623131
3578.0,66.0,female,belt,accessories,35.0,missouri,s,yellow,winter,2.6,False,paypal,standard,False,False,13.0,bank_transfer,weekly,1.0,3577,2026-04-25 09:50:22.623131
3579.0,46.0,female,shoes,footwear,22.0,georgia,l,olive,winter,2.6,False,credit_card,standard,False,False,22.0,bank_transfer,quarterly,1.0,3578,2026-04-25 09:50:22.623131
3580.0,34.0,female,scarf,accessories,66.0,arizona,l,olive,fall,4.8,False,bank_transfer,standard,False,False,19.0,credit_card,every_3_months,1.0,3579,2026-04-25 09:50:22.623131
3581.0,51.0,female,blouse,clothing,83.0,new_hampshire,m,magenta,summer,3.2,False,bank_transfer,2-day_shipping,False,False,3.0,cash,bi-weekly,1.0,3580,2026-04-25 09:50:22.623131
3582.0,26.0,female,dress,clothing,95.0,georgia,m,orange,fall,4.9,False,venmo,next_day_air,False,False,50.0,credit_card,weekly,1.0,3581,2026-04-25 09:50:22.623131
3583.0,23.0,female,shorts,clothing,41.0,california,s,beige,summer,3.4,False,cash,2-day_shipping,False,False,15.0,paypal,annually,1.0,3582,2026-04-25 09:50:22.623131
3584.0,52.0,female,blouse,clothing,77.0,arizona,l,brown,summer,2.7,False,debit_card,store_pickup,False,False,44.0,credit_card,every_3_months,1.0,3583,2026-04-25 09:50:22.623131
3585.0,39.0,female,sneakers,footwear,52.0,florida,l,indigo,fall,4.8,False,debit_card,express,False,False,48.0,debit_card,monthly,1.0,3584,2026-04-25 09:50:22.623131
3586.0,39.0,female,gloves,accessories,41.0,new_york,xl,gray,winter,4.1,False,cash,standard,False,False,4.0,venmo,bi-weekly,1.0,3585,2026-04-25 09:50:22.623131
3587.0,33.0,female,hoodie,clothing,28.0,idaho,m,yellow,winter,4.6,False,paypal,store_pickup,False,False,12.0,paypal,bi-weekly,1.0,3586,2026-04-25 09:50:22.623131
3588.0,33.0,female,sweater,clothing,90.0,virginia,s,violet,summer,4.4,False,debit_card,standard,False,False,33.0,debit_card,annually,1.0,3587,2026-04-25 09:50:22.623131
3589.0,23.0,female,sunglasses,accessories,55.0,michigan,m,magenta,spring,3.5,False,bank_transfer,2-day_shipping,False,False,40.0,cash,annually,1.0,3588,2026-04-25 09:50:22.623131
3590.0,31.0,female,belt,accessories,73.0,new_hampshire,m,blue,spring,4.8,False,cash,next_day_air,False,False,38.0,cash,every_3_months,1.0,3589,2026-04-25 09:50:22.623131
3591.0,27.0,female,dress,clothing,87.0,south_dakota,m,gray,fall,2.9,False,paypal,2-day_shipping,False,False,19.0,venmo,every_3_months,1.0,3590,2026-04-25 09:50:22.623131
3592.0,48.0,female,jacket,outerwear,89.0,south_dakota,m,gold,winter,3.2,False,cash,2-day_shipping,False,False,38.0,bank_transfer,quarterly,1.0,3591,2026-04-25 09:50:22.623131
3593.0,61.0,female,boots,footwear,82.0,new_jersey,l,lavender,spring,4.4,False,cash,2-day_shipping,False,False,18.0,venmo,fortnightly,1.0,3592,2026-04-25 09:50:22.623131
3594.0,63.0,female,sandals,footwear,80.0,wyoming,m,black,spring,4.6,False,bank_transfer,next_day_air,False,False,24.0,paypal,monthly,1.0,3593,2026-04-25 09:50:22.623131
3595.0,19.0,female,scarf,accessories,87.0,alabama,l,charcoal,summer,2.6,False,paypal,2-day_shipping,False,False,29.0,venmo,quarterly,1.0,3594,2026-04-25 09:50:22.623131
3596.0,21.0,female,blouse,clothing,41.0,south_dakota,m,violet,spring,3.1,False,cash,store_pickup,False,False,14.0,paypal,annually,1.0,3595,2026-04-25 09:50:22.623131
3597.0,28.0,female,hoodie,clothing,83.0,south_carolina,m,charcoal,spring,4.3,False,bank_transfer,standard,False,False,44.0,cash,fortnightly,1.0,3596,2026-04-25 09:50:22.623131
3598.0,29.0,female,sunglasses,accessories,71.0,new_mexico,m,maroon,summer,3.1,False,cash,standard,False,False,18.0,bank_transfer,quarterly,1.0,3597,2026-04-25 09:50:22.623131
3599.0,23.0,female,hoodie,clothing,76.0,connecticut,xl,purple,spring,4.6,False,bank_transfer,store_pickup,False,False,19.0,bank_transfer,bi-weekly,1.0,3598,2026-04-25 09:50:22.623131
3600.0,37.0,female,scarf,accessories,34.0,kansas,s,peach,spring,4.6,False,cash,express,False,False,4.0,cash,weekly,1.0,3599,2026-04-25 09:50:22.623131
3601.0,67.0,female,dress,clothing,81.0,south_carolina,xl,olive,spring,2.7,False,paypal,free_shipping,False,False,25.0,cash,bi-weekly,1.0,3600,2026-04-25 09:50:22.623131
3602.0,34.0,female,t-shirt,clothing,47.0,north_carolina,m,indigo,summer,3.0,False,debit_card,next_day_air,False,False,3.0,paypal,monthly,1.0,3601,2026-04-25 09:50:22.623131
3603.0,58.0,female,skirt,clothing,36.0,wyoming,s,magenta,summer,3.3,False,bank_transfer,store_pickup,False,False,40.0,debit_card,quarterly,1.0,3602,2026-04-25 09:50:22.623131
3604.0,45.0,female,jeans,clothing,51.0,louisiana,m,gold,spring,2.7,False,debit_card,free_shipping,False,False,5.0,cash,weekly,1.0,3603,2026-04-25 09:50:22.623131
3605.0,63.0,female,hoodie,clothing,86.0,louisiana,m,orange,fall,3.3,False,bank_transfer,standard,False,False,17.0,debit_card,annually,1.0,3604,2026-04-25 09:50:22.623131
3606.0,68.0,female,jeans,clothing,41.0,alabama,m,gold,fall,4.3,False,venmo,store_pickup,False,False,36.0,bank_transfer,every_3_months,1.0,3605,2026-04-25 09:50:22.623131
3607.0,41.0,female,sandals,footwear,90.0,minnesota,xl,purple,fall,4.8,False,cash,express,False,False,41.0,venmo,annually,1.0,3606,2026-04-25 09:50:22.623131
3608.0,50.0,female,hat,accessories,93.0,new_mexico,l,charcoal,fall,3.3,False,debit_card,standard,False,False,20.0,venmo,bi-weekly,1.0,3607,2026-04-25 09:50:22.623131
3609.0,24.0,female,gloves,accessories,56.0,tennessee,m,cyan,fall,4.3,False,bank_transfer,next_day_air,False,False,2.0,cash,every_3_months,1.0,3608,2026-04-25 09:50:22.623131
3610.0,21.0,female,socks,clothing,39.0,new_mexico,m,cyan,summer,3.0,False,debit_card,2-day_shipping,False,False,31.0,debit_card,monthly,1.0,3609,2026-04-25 09:50:22.623131
3611.0,18.0,female,jacket,outerwear,86.0,texas,xl,green,fall,4.8,False,credit_card,2-day_shipping,False,False,23.0,bank_transfer,fortnightly,1.0,3610,2026-04-25 09:50:22.623131
3612.0,63.0,female,t-shirt,clothing,82.0,washington,m,silver,spring,2.9,False,paypal,standard,False,False,30.0,credit_card,annually,1.0,3611,2026-04-25 09:50:22.623131
3613.0,47.0,female,sandals,footwear,29.0,michigan,m,teal,summer,3.6,False,credit_card,standard,False,False,26.0,cash,every_3_months,1.0,3612,2026-04-25 09:50:22.623131
3614.0,58.0,female,hat,accessories,27.0,minnesota,m,magenta,fall,3.5,False,cash,store_pickup,False,False,40.0,venmo,annually,1.0,3613,2026-04-25 09:50:22.623131
3615.0,46.0,female,gloves,accessories,25.0,delaware,l,maroon,spring,4.7,False,bank_transfer,2-day_shipping,False,False,19.0,bank_transfer,annually,1.0,3614,2026-04-25 09:50:22.623131
3616.0,35.0,female,dress,clothing,31.0,california,m,gold,winter,4.4,False,bank_transfer,free_shipping,False,False,4.0,credit_card,monthly,1.0,3615,2026-04-25 09:50:22.623131
3617.0,42.0,female,hoodie,clothing,23.0,wisconsin,l,purple,winter,3.3,False,cash,store_pickup,False,False,33.0,debit_card,fortnightly,1.0,3616,2026-04-25 09:50:22.623131
3618.0,48.0,female,belt,accessories,47.0,kentucky,m,lavender,fall,4.3,False,debit_card,express,False,False,29.0,debit_card,monthly,1.0,3617,2026-04-25 09:50:22.623131
3619.0,28.0,female,gloves,accessories,67.0,nevada,m,maroon,fall,4.0,False,venmo,2-day_shipping,False,False,47.0,paypal,bi-weekly,1.0,3618,2026-04-25 09:50:22.623131
3620.0,44.0,female,scarf,accessories,75.0,north_carolina,s,magenta,winter,4.9,False,cash,2-day_shipping,False,False,50.0,venmo,weekly,1.0,3619,2026-04-25 09:50:22.623131
3621.0,60.0,female,sandals,footwear,82.0,louisiana,m,turquoise,summer,2.9,False,credit_card,express,False,False,28.0,credit_card,fortnightly,1.0,3620,2026-04-25 09:50:22.623131
3622.0,38.0,female,sneakers,footwear,32.0,new_jersey,xl,silver,summer,4.0,False,venmo,2-day_shipping,False,False,5.0,cash,fortnightly,1.0,3621,2026-04-25 09:50:22.623131
3623.0,46.0,female,dress,clothing,41.0,wisconsin,m,purple,fall,4.3,False,bank_transfer,store_pickup,False,False,12.0,credit_card,annually,1.0,3622,2026-04-25 09:50:22.623131
3624.0,39.0,female,jewelry,accessories,89.0,arkansas,m,violet,winter,2.7,False,venmo,2-day_shipping,False,False,4.0,paypal,weekly,1.0,3623,2026-04-25 09:50:22.623131
3625.0,22.0,female,hat,accessories,82.0,texas,xl,peach,fall,5.0,False,paypal,store_pickup,False,False,22.0,bank_transfer,bi-weekly,1.0,3624,2026-04-25 09:50:22.623131
3626.0,44.0,female,scarf,accessories,99.0,illinois,l,green,winter,4.4,False,debit_card,express,False,False,32.0,paypal,weekly,1.0,3625,2026-04-25 09:50:22.623131
3627.0,69.0,female,blouse,clothing,98.0,mississippi,l,teal,fall,3.5,False,bank_transfer,express,False,False,32.0,venmo,quarterly,1.0,3626,2026-04-25 09:50:22.623131
3628.0,39.0,female,belt,accessories,54.0,delaware,m,silver,winter,3.3,False,credit_card,next_day_air,False,False,48.0,cash,every_3_months,1.0,3627,2026-04-25 09:50:22.623131
3629.0,53.0,female,blouse,clothing,88.0,georgia,l,purple,summer,3.8,False,cash,free_shipping,False,False,35.0,credit_card,monthly,1.0,3628,2026-04-25 09:50:22.623131
3630.0,52.0,female,t-shirt,clothing,43.0,kansas,l,lavender,summer,4.5,False,credit_card,standard,False,False,44.0,debit_card,fortnightly,1.0,3629,2026-04-25 09:50:22.623131
3631.0,65.0,female,hat,accessories,73.0,oklahoma,m,lavender,winter,4.8,False,credit_card,store_pickup,False,False,29.0,cash,weekly,1.0,3630,2026-04-25 09:50:22.623131
3632.0,48.0,female,hat,accessories,50.0,new_jersey,m,peach,fall,2.9,False,debit_card,store_pickup,False,False,26.0,credit_card,monthly,1.0,3631,2026-04-25 09:50:22.623131
3633.0,27.0,female,sneakers,footwear,73.0,utah,l,green,spring,3.2,False,paypal,express,False,False,3.0,debit_card,quarterly,1.0,3632,2026-04-25 09:50:22.623131
3634.0,39.0,female,gloves,accessories,51.0,montana,m,orange,spring,2.8,False,venmo,free_shipping,False,False,1.0,bank_transfer,bi-weekly,1.0,3633,2026-04-25 09:50:22.623131
3635.0,59.0,female,socks,clothing,22.0,ohio,m,pink,winter,3.3,False,bank_transfer,standard,False,False,17.0,paypal,annually,1.0,3634,2026-04-25 09:50:22.623131
3636.0,52.0,female,sandals,footwear,32.0,colorado,l,cyan,fall,3.3,False,cash,free_shipping,False,False,17.0,credit_card,fortnightly,1.0,3635,2026-04-25 09:50:22.623131
3637.0,50.0,female,sandals,footwear,38.0,california,l,lavender,summer,4.2,False,paypal,2-day_shipping,False,False,36.0,cash,weekly,1.0,3636,2026-04-25 09:50:22.623131
3638.0,32.0,female,boots,footwear,66.0,utah,l,yellow,winter,3.6,False,paypal,express,False,False,32.0,credit_card,fortnightly,1.0,3637,2026-04-25 09:50:22.623131
3639.0,40.0,female,backpack,accessories,20.0,kansas,m,olive,spring,4.6,False,credit_card,express,False,False,50.0,paypal,bi-weekly,1.0,3638,2026-04-25 09:50:22.623131
3640.0,26.0,female,coat,outerwear,44.0,illinois,m,brown,summer,3.6,False,venmo,2-day_shipping,False,False,39.0,venmo,annually,1.0,3639,2026-04-25 09:50:22.623131
3641.0,47.0,female,sunglasses,accessories,31.0,minnesota,l,pink,spring,4.0,False,credit_card,next_day_air,False,False,17.0,paypal,monthly,1.0,3640,2026-04-25 09:50:22.623131
3642.0,51.0,female,jacket,outerwear,45.0,new_york,m,cyan,fall,2.7,False,debit_card,free_shipping,False,False,39.0,bank_transfer,every_3_months,1.0,3641,2026-04-25 09:50:22.623131
3643.0,47.0,female,dress,clothing,71.0,arizona,l,maroon,summer,4.4,False,credit_card,store_pickup,False,False,5.0,paypal,annually,1.0,3642,2026-04-25 09:50:22.623131
3644.0,53.0,female,scarf,accessories,96.0,tennessee,xl,magenta,fall,3.2,False,bank_transfer,standard,False,False,47.0,debit_card,annually,1.0,3643,2026-04-25 09:50:22.623131
3645.0,35.0,female,blouse,clothing,32.0,arkansas,m,violet,winter,2.6,False,cash,next_day_air,False,False,18.0,venmo,weekly,1.0,3644,2026-04-25 09:50:22.623131
3646.0,38.0,female,backpack,accessories,90.0,colorado,l,silver,summer,3.4,False,credit_card,free_shipping,False,False,31.0,credit_card,every_3_months,1.0,3645,2026-04-25 09:50:22.623131
3647.0,69.0,female,jewelry,accessories,68.0,nevada,m,maroon,spring,5.0,False,credit_card,2-day_shipping,False,False,39.0,debit_card,fortnightly,1.0,3646,2026-04-25 09:50:22.623131
3648.0,47.0,female,shorts,clothing,45.0,kansas,m,gray,winter,2.9,False,cash,store_pickup,False,False,12.0,bank_transfer,weekly,1.0,3647,2026-04-25 09:50:22.623131
3649.0,31.0,female,skirt,clothing,67.0,new_york,m,white,winter,5.0,False,cash,free_shipping,False,False,45.0,cash,bi-weekly,1.0,3648,2026-04-25 09:50:22.623131
3650.0,68.0,female,skirt,clothing,57.0,minnesota,m,brown,fall,4.4,False,debit_card,standard,False,False,33.0,credit_card,fortnightly,1.0,3649,2026-04-25 09:50:22.623131
3651.0,51.0,female,jeans,clothing,60.0,ohio,m,silver,summer,3.5,False,cash,2-day_shipping,False,False,3.0,paypal,annually,1.0,3650,2026-04-25 09:50:22.623131
3652.0,20.0,female,handbag,accessories,32.0,arizona,m,yellow,spring,3.8,False,bank_transfer,express,False,False,5.0,venmo,every_3_months,1.0,3651,2026-04-25 09:50:22.623131
3653.0,27.0,female,handbag,accessories,29.0,kentucky,s,magenta,fall,3.8,False,venmo,store_pickup,False,False,23.0,debit_card,monthly,1.0,3652,2026-04-25 09:50:22.623131
3654.0,67.0,female,coat,outerwear,20.0,minnesota,m,blue,spring,3.9,False,debit_card,next_day_air,False,False,39.0,credit_card,fortnightly,1.0,3653,2026-04-25 09:50:22.623131
3655.0,21.0,female,jewelry,accessories,98.0,arkansas,m,green,winter,3.3,False,debit_card,next_day_air,False,False,10.0,credit_card,annually,1.0,3654,2026-04-25 09:50:22.623131
3656.0,20.0,female,sweater,clothing,27.0,wyoming,m,yellow,fall,2.9,False,venmo,next_day_air,False,False,4.0,credit_card,bi-weekly,1.0,3655,2026-04-25 09:50:22.623131
3657.0,35.0,female,jacket,outerwear,67.0,north_dakota,xl,cyan,spring,3.7,False,debit_card,2-day_shipping,False,False,18.0,credit_card,monthly,1.0,3656,2026-04-25 09:50:22.623131
3658.0,58.0,female,shoes,footwear,82.0,alabama,l,gold,winter,3.7,False,bank_transfer,express,False,False,1.0,debit_card,every_3_months,1.0,3657,2026-04-25 09:50:22.623131
3659.0,28.0,female,t-shirt,clothing,72.0,mississippi,m,magenta,fall,4.6,False,cash,standard,False,False,18.0,paypal,fortnightly,1.0,3658,2026-04-25 09:50:22.623131
3660.0,27.0,female,sandals,footwear,77.0,illinois,s,gray,fall,4.9,False,bank_transfer,store_pickup,False,False,46.0,bank_transfer,annually,1.0,3659,2026-04-25 09:50:22.623131
3661.0,19.0,female,shoes,footwear,74.0,arkansas,l,indigo,winter,3.1,False,venmo,2-day_shipping,False,False,13.0,bank_transfer,fortnightly,1.0,3660,2026-04-25 09:50:22.623131
3662.0,63.0,female,sandals,footwear,39.0,kansas,s,white,winter,3.5,False,cash,next_day_air,False,False,5.0,credit_card,fortnightly,1.0,3661,2026-04-25 09:50:22.623131
3663.0,69.0,female,shorts,clothing,80.0,rhode_island,m,indigo,spring,4.9,False,venmo,next_day_air,False,False,11.0,debit_card,weekly,1.0,3662,2026-04-25 09:50:22.623131
3664.0,65.0,female,backpack,accessories,59.0,florida,m,green,summer,4.4,False,cash,express,False,False,49.0,credit_card,weekly,1.0,3663,2026-04-25 09:50:22.623131
3665.0,63.0,female,jacket,outerwear,68.0,missouri,m,turquoise,fall,4.4,False,cash,store_pickup,False,False,1.0,debit_card,fortnightly,1.0,3664,2026-04-25 09:50:22.623131
3666.0,28.0,female,socks,clothing,77.0,north_carolina,m,peach,fall,3.4,False,credit_card,next_day_air,False,False,11.0,credit_card,quarterly,1.0,3665,2026-04-25 09:50:22.623131
3667.0,67.0,female,jewelry,accessories,50.0,alabama,m,olive,winter,3.0,False,credit_card,2-day_shipping,False,False,47.0,cash,every_3_months,1.0,3666,2026-04-25 09:50:22.623131
3668.0,51.0,female,pants,clothing,45.0,washington,l,cyan,fall,2.6,False,credit_card,next_day_air,False,False,20.0,venmo,monthly,1.0,3667,2026-04-25 09:50:22.623131
3669.0,59.0,female,blouse,clothing,71.0,michigan,xl,magenta,summer,3.2,False,paypal,store_pickup,False,False,18.0,venmo,annually,1.0,3668,2026-04-25 09:50:22.623131
3670.0,25.0,female,socks,clothing,52.0,washington,s,silver,fall,4.6,False,credit_card,store_pickup,False,False,43.0,paypal,quarterly,1.0,3669,2026-04-25 09:50:22.623131
3671.0,31.0,female,shoes,footwear,50.0,vermont,s,white,winter,3.8,False,cash,free_shipping,False,False,4.0,paypal,every_3_months,1.0,3670,2026-04-25 09:50:22.623131
3672.0,62.0,female,handbag,accessories,66.0,illinois,l,pink,summer,4.8,False,bank_transfer,2-day_shipping,False,False,20.0,venmo,quarterly,1.0,3671,2026-04-25 09:50:22.623131
3673.0,51.0,female,sandals,footwear,81.0,new_york,s,pink,fall,4.5,False,venmo,free_shipping,False,False,7.0,paypal,monthly,1.0,3672,2026-04-25 09:50:22.623131
3674.0,32.0,female,socks,clothing,28.0,rhode_island,m,pink,summer,4.2,False,debit_card,2-day_shipping,False,False,31.0,bank_transfer,fortnightly,1.0,3673,2026-04-25 09:50:22.623131
3675.0,35.0,female,handbag,accessories,65.0,washington,m,blue,winter,2.7,False,venmo,2-day_shipping,False,False,41.0,venmo,fortnightly,1.0,3674,2026-04-25 09:50:22.623131
3676.0,70.0,female,hat,accessories,80.0,virginia,m,white,winter,4.5,False,cash,express,False,False,3.0,bank_transfer,monthly,1.0,3675,2026-04-25 09:50:22.623131
3677.0,19.0,female,jewelry,accessories,94.0,wisconsin,s,teal,spring,4.9,False,paypal,free_shipping,False,False,16.0,paypal,monthly,1.0,3676,2026-04-25 09:50:22.623131
3678.0,32.0,female,backpack,accessories,30.0,michigan,m,gray,fall,2.8,False,cash,standard,False,False,43.0,cash,annually,1.0,3677,2026-04-25 09:50:22.623131
3679.0,56.0,female,shirt,clothing,45.0,texas,s,beige,fall,3.5,False,debit_card,standard,False,False,29.0,bank_transfer,fortnightly,1.0,3678,2026-04-25 09:50:22.623131
3680.0,53.0,female,coat,outerwear,91.0,idaho,m,violet,summer,2.5,False,paypal,store_pickup,False,False,5.0,cash,bi-weekly,1.0,3679,2026-04-25 09:50:22.623131
3681.0,22.0,female,sunglasses,accessories,36.0,iowa,s,blue,winter,2.9,False,venmo,standard,False,False,30.0,debit_card,quarterly,1.0,3680,2026-04-25 09:50:22.623131
3682.0,26.0,female,gloves,accessories,73.0,connecticut,xl,magenta,fall,4.2,False,paypal,next_day_air,False,False,33.0,debit_card,monthly,1.0,3681,2026-04-25 09:50:22.623131
3683.0,42.0,female,shirt,clothing,60.0,wyoming,m,maroon,fall,4.6,False,venmo,store_pickup,False,False,46.0,venmo,bi-weekly,1.0,3682,2026-04-25 09:50:22.623131
3684.0,30.0,female,socks,clothing,77.0,mississippi,m,purple,winter,3.0,False,bank_transfer,free_shipping,False,False,17.0,venmo,fortnightly,1.0,3683,2026-04-25 09:50:22.623131
3685.0,29.0,female,skirt,clothing,86.0,pennsylvania,l,charcoal,spring,4.4,False,paypal,free_shipping,False,False,47.0,credit_card,bi-weekly,1.0,3684,2026-04-25 09:50:22.623131
3686.0,47.0,female,shorts,clothing,42.0,tennessee,l,red,summer,2.6,False,paypal,standard,False,False,17.0,cash,bi-weekly,1.0,3685,2026-04-25 09:50:22.623131
3687.0,59.0,female,sandals,footwear,70.0,louisiana,m,charcoal,spring,4.8,False,paypal,free_shipping,False,False,17.0,cash,bi-weekly,1.0,3686,2026-04-25 09:50:22.623131
3688.0,34.0,female,shirt,clothing,44.0,arkansas,l,lavender,summer,2.9,False,paypal,next_day_air,False,False,28.0,bank_transfer,every_3_months,1.0,3687,2026-04-25 09:50:22.623131
3689.0,52.0,female,sunglasses,accessories,91.0,west_virginia,l,white,spring,3.0,False,venmo,next_day_air,False,False,8.0,cash,monthly,1.0,3688,2026-04-25 09:50:22.623131
3690.0,47.0,female,jewelry,accessories,30.0,south_carolina,l,red,fall,4.5,False,cash,standard,False,False,8.0,bank_transfer,quarterly,1.0,3689,2026-04-25 09:50:22.623131
3691.0,24.0,female,blouse,clothing,23.0,kansas,s,violet,fall,3.7,False,venmo,store_pickup,False,False,4.0,bank_transfer,bi-weekly,1.0,3690,2026-04-25 09:50:22.623131
3692.0,63.0,female,sandals,footwear,21.0,michigan,xl,orange,summer,4.8,False,credit_card,next_day_air,False,False,24.0,paypal,weekly,1.0,3691,2026-04-25 09:50:22.623131
3693.0,59.0,female,coat,outerwear,34.0,alabama,l,turquoise,spring,4.8,False,venmo,free_shipping,False,False,29.0,cash,fortnightly,1.0,3692,2026-04-25 09:50:22.623131
3694.0,66.0,female,blouse,clothing,46.0,south_dakota,m,violet,summer,4.7,False,debit_card,2-day_shipping,False,False,10.0,venmo,weekly,1.0,3693,2026-04-25 09:50:22.623131
3695.0,45.0,female,sweater,clothing,41.0,rhode_island,m,blue,winter,2.6,False,venmo,express,False,False,11.0,paypal,bi-weekly,1.0,3694,2026-04-25 09:50:22.623131
3696.0,38.0,female,skirt,clothing,33.0,florida,m,white,fall,4.6,False,bank_transfer,standard,False,False,18.0,bank_transfer,fortnightly,1.0,3695,2026-04-25 09:50:22.623131
3697.0,63.0,female,blouse,clothing,48.0,connecticut,l,turquoise,fall,3.4,False,venmo,next_day_air,False,False,26.0,bank_transfer,annually,1.0,3696,2026-04-25 09:50:22.623131
3698.0,55.0,female,hoodie,clothing,66.0,pennsylvania,l,pink,winter,3.0,False,paypal,standard,False,False,39.0,cash,weekly,1.0,3697,2026-04-25 09:50:22.623131
3699.0,25.0,female,skirt,clothing,54.0,california,xl,maroon,spring,4.0,False,credit_card,2-day_shipping,False,False,4.0,venmo,annually,1.0,3698,2026-04-25 09:50:22.623131
3700.0,51.0,female,backpack,accessories,55.0,oklahoma,m,olive,fall,2.6,False,cash,store_pickup,False,False,24.0,bank_transfer,weekly,1.0,3699,2026-04-25 09:50:22.623131
3701.0,28.0,female,handbag,accessories,84.0,north_dakota,xl,charcoal,summer,3.4,False,credit_card,store_pickup,False,False,2.0,bank_transfer,every_3_months,1.0,3700,2026-04-25 09:50:22.623131
3702.0,46.0,female,sandals,footwear,66.0,new_mexico,m,charcoal,spring,4.5,False,cash,store_pickup,False,False,36.0,cash,annually,1.0,3701,2026-04-25 09:50:22.623131
3703.0,58.0,female,shoes,footwear,65.0,south_carolina,m,indigo,spring,2.7,False,paypal,store_pickup,False,False,36.0,venmo,weekly,1.0,3702,2026-04-25 09:50:22.623131
3704.0,30.0,female,sandals,footwear,83.0,michigan,s,teal,fall,2.9,False,bank_transfer,standard,False,False,23.0,paypal,every_3_months,1.0,3703,2026-04-25 09:50:22.623131
3705.0,68.0,female,sunglasses,accessories,61.0,missouri,l,black,winter,4.0,False,paypal,store_pickup,False,False,36.0,credit_card,quarterly,1.0,3704,2026-04-25 09:50:22.623131
3706.0,28.0,female,skirt,clothing,65.0,colorado,l,teal,summer,3.2,False,paypal,free_shipping,False,False,2.0,debit_card,annually,1.0,3705,2026-04-25 09:50:22.623131
3707.0,26.0,female,sandals,footwear,55.0,kansas,m,green,spring,4.0,False,credit_card,store_pickup,False,False,17.0,cash,bi-weekly,1.0,3706,2026-04-25 09:50:22.623131
3708.0,35.0,female,gloves,accessories,79.0,illinois,m,gold,fall,3.4,False,bank_transfer,2-day_shipping,False,False,19.0,venmo,weekly,1.0,3707,2026-04-25 09:50:22.623131
3709.0,40.0,female,hoodie,clothing,96.0,south_carolina,m,red,fall,4.9,False,bank_transfer,express,False,False,41.0,paypal,monthly,1.0,3708,2026-04-25 09:50:22.623131
3710.0,31.0,female,socks,clothing,43.0,utah,m,silver,fall,3.6,False,debit_card,free_shipping,False,False,27.0,paypal,quarterly,1.0,3709,2026-04-25 09:50:22.623131
3711.0,60.0,female,jewelry,accessories,40.0,hawaii,m,yellow,summer,3.6,False,paypal,2-day_shipping,False,False,32.0,bank_transfer,fortnightly,1.0,3710,2026-04-25 09:50:22.623131
3712.0,69.0,female,hat,accessories,62.0,texas,xl,peach,fall,3.2,False,cash,free_shipping,False,False,33.0,cash,annually,1.0,3711,2026-04-25 09:50:22.623131
3713.0,51.0,female,blouse,clothing,72.0,oregon,m,turquoise,spring,3.7,False,venmo,2-day_shipping,False,False,24.0,paypal,quarterly,1.0,3712,2026-04-25 09:50:22.623131
3714.0,49.0,female,shoes,footwear,87.0,arizona,m,peach,spring,2.6,False,cash,express,False,False,31.0,debit_card,every_3_months,1.0,3713,2026-04-25 09:50:22.623131
3715.0,18.0,female,hat,accessories,31.0,new_york,s,peach,winter,3.9,False,cash,express,False,False,35.0,credit_card,weekly,1.0,3714,2026-04-25 09:50:22.623131
3716.0,63.0,female,sunglasses,accessories,34.0,nebraska,s,orange,fall,3.4,False,credit_card,free_shipping,False,False,2.0,bank_transfer,monthly,1.0,3715,2026-04-25 09:50:22.623131
3717.0,57.0,female,shirt,clothing,53.0,vermont,m,charcoal,fall,3.4,False,bank_transfer,next_day_air,False,False,42.0,debit_card,every_3_months,1.0,3716,2026-04-25 09:50:22.623131
3718.0,45.0,female,t-shirt,clothing,85.0,maryland,xl,white,summer,4.2,False,venmo,express,False,False,47.0,bank_transfer,every_3_months,1.0,3717,2026-04-25 09:50:22.623131
3719.0,36.0,female,pants,clothing,50.0,tennessee,l,turquoise,fall,2.9,False,credit_card,standard,False,False,44.0,bank_transfer,bi-weekly,1.0,3718,2026-04-25 09:50:22.623131
3720.0,20.0,female,pants,clothing,91.0,pennsylvania,m,red,summer,4.1,False,cash,free_shipping,False,False,8.0,bank_transfer,every_3_months,1.0,3719,2026-04-25 09:50:22.623131
3721.0,21.0,female,hat,accessories,56.0,south_carolina,m,peach,fall,3.6,False,debit_card,free_shipping,False,False,13.0,credit_card,quarterly,1.0,3720,2026-04-25 09:50:22.623131
3722.0,62.0,female,coat,outerwear,60.0,connecticut,l,pink,fall,4.0,False,credit_card,next_day_air,False,False,10.0,cash,annually,1.0,3721,2026-04-25 09:50:22.623131
3723.0,23.0,female,jacket,outerwear,34.0,kentucky,xl,yellow,fall,4.0,False,paypal,standard,False,False,1.0,credit_card,fortnightly,1.0,3722,2026-04-25 09:50:22.623131
3724.0,26.0,female,sandals,footwear,30.0,rhode_island,m,beige,spring,3.6,False,venmo,free_shipping,False,False,1.0,debit_card,monthly,1.0,3723,2026-04-25 09:50:22.623131
3725.0,30.0,female,gloves,accessories,71.0,colorado,l,green,winter,3.1,False,paypal,express,False,False,18.0,bank_transfer,annually,1.0,3724,2026-04-25 09:50:22.623131
3726.0,18.0,female,dress,clothing,100.0,oklahoma,s,turquoise,winter,4.4,False,bank_transfer,next_day_air,False,False,2.0,paypal,annually,1.0,3725,2026-04-25 09:50:22.623131
3727.0,47.0,female,belt,accessories,85.0,idaho,xl,orange,fall,4.3,False,debit_card,next_day_air,False,False,36.0,debit_card,every_3_months,1.0,3726,2026-04-25 09:50:22.623131
3728.0,41.0,female,socks,clothing,83.0,maine,m,gold,summer,3.5,False,credit_card,next_day_air,False,False,17.0,debit_card,bi-weekly,1.0,3727,2026-04-25 09:50:22.623131
3729.0,62.0,female,jacket,outerwear,31.0,vermont,l,red,winter,3.0,False,credit_card,standard,False,False,1.0,debit_card,annually,1.0,3728,2026-04-25 09:50:22.623131
3730.0,28.0,female,boots,footwear,82.0,rhode_island,m,teal,spring,4.7,False,bank_transfer,2-day_shipping,False,False,50.0,cash,quarterly,1.0,3729,2026-04-25 09:50:22.623131
3731.0,46.0,female,shirt,clothing,79.0,florida,m,teal,summer,2.5,False,bank_transfer,2-day_shipping,False,False,3.0,credit_card,bi-weekly,1.0,3730,2026-04-25 09:50:22.623131
3732.0,54.0,female,hat,accessories,62.0,west_virginia,m,lavender,spring,3.1,False,credit_card,2-day_shipping,False,False,45.0,paypal,quarterly,1.0,3731,2026-04-25 09:50:22.623131
3733.0,36.0,female,shoes,footwear,92.0,indiana,l,pink,spring,3.3,False,paypal,free_shipping,False,False,28.0,paypal,annually,1.0,3732,2026-04-25 09:50:22.623131
3734.0,25.0,female,socks,clothing,58.0,illinois,m,maroon,fall,4.7,False,bank_transfer,next_day_air,False,False,6.0,debit_card,every_3_months,1.0,3733,2026-04-25 09:50:22.623131
3735.0,38.0,female,hoodie,clothing,88.0,california,m,beige,spring,3.4,False,venmo,next_day_air,False,False,33.0,debit_card,every_3_months,1.0,3734,2026-04-25 09:50:22.623131
3736.0,38.0,female,sandals,footwear,44.0,massachusetts,l,orange,spring,3.1,False,cash,2-day_shipping,False,False,29.0,paypal,annually,1.0,3735,2026-04-25 09:50:22.623131
3737.0,42.0,female,jeans,clothing,56.0,idaho,m,red,spring,4.6,False,cash,store_pickup,False,False,2.0,paypal,every_3_months,1.0,3736,2026-04-25 09:50:22.623131
3738.0,19.0,female,jewelry,accessories,23.0,kentucky,s,maroon,winter,4.9,False,debit_card,free_shipping,False,False,43.0,paypal,bi-weekly,1.0,3737,2026-04-25 09:50:22.623131
3739.0,34.0,female,shorts,clothing,45.0,delaware,m,brown,spring,2.7,False,credit_card,free_shipping,False,False,48.0,cash,fortnightly,1.0,3738,2026-04-25 09:50:22.623131
3740.0,38.0,female,sunglasses,accessories,31.0,idaho,m,olive,fall,4.2,False,bank_transfer,free_shipping,False,False,43.0,credit_card,weekly,1.0,3739,2026-04-25 09:50:22.623131
3741.0,42.0,female,pants,clothing,96.0,virginia,m,silver,summer,2.6,False,cash,store_pickup,False,False,26.0,debit_card,bi-weekly,1.0,3740,2026-04-25 09:50:22.623131
3742.0,58.0,female,shirt,clothing,96.0,arizona,m,purple,spring,3.2,False,venmo,2-day_shipping,False,False,26.0,debit_card,bi-weekly,1.0,3741,2026-04-25 09:50:22.623131
3743.0,56.0,female,shirt,clothing,80.0,maryland,m,gray,fall,4.4,False,debit_card,standard,False,False,50.0,credit_card,bi-weekly,1.0,3742,2026-04-25 09:50:22.623131
3744.0,62.0,female,pants,clothing,28.0,idaho,l,cyan,fall,3.6,False,credit_card,free_shipping,False,False,36.0,debit_card,quarterly,1.0,3743,2026-04-25 09:50:22.623131
3745.0,24.0,female,hoodie,clothing,51.0,new_jersey,m,gray,summer,2.7,False,venmo,next_day_air,False,False,26.0,bank_transfer,fortnightly,1.0,3744,2026-04-25 09:50:22.623131
3746.0,60.0,female,socks,clothing,41.0,washington,l,gold,spring,4.3,False,bank_transfer,express,False,False,2.0,debit_card,monthly,1.0,3745,2026-04-25 09:50:22.623131
3747.0,53.0,female,coat,outerwear,99.0,idaho,xl,cyan,summer,2.6,False,debit_card,next_day_air,False,False,49.0,paypal,monthly,1.0,3746,2026-04-25 09:50:22.623131
3748.0,26.0,female,sweater,clothing,53.0,rhode_island,l,olive,spring,4.3,False,credit_card,store_pickup,False,False,32.0,bank_transfer,bi-weekly,1.0,3747,2026-04-25 09:50:22.623131
3749.0,34.0,female,backpack,accessories,25.0,delaware,m,violet,fall,3.9,False,paypal,2-day_shipping,False,False,3.0,venmo,annually,1.0,3748,2026-04-25 09:50:22.623131
3750.0,24.0,female,blouse,clothing,95.0,alaska,l,yellow,winter,2.9,False,debit_card,2-day_shipping,False,False,38.0,venmo,every_3_months,1.0,3749,2026-04-25 09:50:22.623131
3751.0,42.0,female,hoodie,clothing,88.0,arizona,m,gold,fall,3.1,False,debit_card,free_shipping,False,False,5.0,paypal,monthly,1.0,3750,2026-04-25 09:50:22.623131
3752.0,36.0,female,jewelry,accessories,97.0,alabama,s,silver,fall,4.2,False,cash,free_shipping,False,False,8.0,credit_card,every_3_months,1.0,3751,2026-04-25 09:50:22.623131
3753.0,24.0,female,coat,outerwear,81.0,washington,l,pink,winter,4.1,False,debit_card,2-day_shipping,False,False,43.0,venmo,weekly,1.0,3752,2026-04-25 09:50:22.623131
3754.0,39.0,female,sunglasses,accessories,26.0,louisiana,s,turquoise,winter,4.2,False,bank_transfer,next_day_air,False,False,22.0,bank_transfer,fortnightly,1.0,3753,2026-04-25 09:50:22.623131
3755.0,46.0,female,shoes,footwear,41.0,nebraska,m,turquoise,summer,4.4,False,paypal,express,False,False,10.0,cash,every_3_months,1.0,3754,2026-04-25 09:50:22.623131
3756.0,64.0,female,skirt,clothing,93.0,pennsylvania,m,peach,fall,3.4,False,bank_transfer,free_shipping,False,False,26.0,credit_card,monthly,1.0,3755,2026-04-25 09:50:22.623131
3757.0,64.0,female,skirt,clothing,69.0,south_carolina,l,teal,spring,4.8,False,credit_card,express,False,False,42.0,debit_card,bi-weekly,1.0,3756,2026-04-25 09:50:22.623131
3758.0,61.0,female,skirt,clothing,44.0,california,l,red,fall,4.5,False,debit_card,2-day_shipping,False,False,33.0,cash,weekly,1.0,3757,2026-04-25 09:50:22.623131
3759.0,61.0,female,sandals,footwear,54.0,indiana,s,black,spring,2.7,False,cash,store_pickup,False,False,23.0,bank_transfer,quarterly,1.0,3758,2026-04-25 09:50:22.623131
3760.0,44.0,female,sneakers,footwear,61.0,missouri,m,pink,spring,3.5,False,credit_card,store_pickup,False,False,30.0,venmo,quarterly,1.0,3759,2026-04-25 09:50:22.623131
3761.0,65.0,female,socks,clothing,80.0,connecticut,m,peach,fall,3.1,False,paypal,next_day_air,False,False,36.0,paypal,weekly,1.0,3760,2026-04-25 09:50:22.623131
3762.0,60.0,female,backpack,accessories,30.0,nevada,m,green,summer,2.8,False,venmo,next_day_air,False,False,3.0,venmo,every_3_months,1.0,3761,2026-04-25 09:50:22.623131
3763.0,65.0,female,shorts,clothing,94.0,new_york,l,green,fall,2.9,False,venmo,store_pickup,False,False,13.0,paypal,annually,1.0,3762,2026-04-25 09:50:22.623131
3764.0,27.0,female,shirt,clothing,24.0,oklahoma,xl,red,winter,4.5,False,paypal,standard,False,False,38.0,cash,every_3_months,1.0,3763,2026-04-25 09:50:22.623131
3765.0,36.0,female,socks,clothing,21.0,south_dakota,m,maroon,fall,3.5,False,paypal,next_day_air,False,False,19.0,venmo,monthly,1.0,3764,2026-04-25 09:50:22.623131
3766.0,22.0,female,jewelry,accessories,52.0,missouri,m,green,summer,4.3,False,cash,standard,False,False,14.0,bank_transfer,bi-weekly,1.0,3765,2026-04-25 09:50:22.623131
3767.0,62.0,female,handbag,accessories,59.0,texas,m,black,fall,4.9,False,cash,next_day_air,False,False,43.0,debit_card,annually,1.0,3766,2026-04-25 09:50:22.623131
3768.0,59.0,female,shorts,clothing,51.0,new_york,xl,black,summer,3.1,False,venmo,free_shipping,False,False,10.0,bank_transfer,fortnightly,1.0,3767,2026-04-25 09:50:22.623131
3769.0,50.0,female,sweater,clothing,35.0,vermont,m,yellow,winter,4.0,False,paypal,free_shipping,False,False,34.0,bank_transfer,quarterly,1.0,3768,2026-04-25 09:50:22.623131
3770.0,51.0,female,gloves,accessories,87.0,arizona,l,green,summer,3.6,False,cash,standard,False,False,31.0,venmo,annually,1.0,3769,2026-04-25 09:50:22.623131
3771.0,23.0,female,pants,clothing,42.0,montana,l,black,summer,4.0,False,credit_card,store_pickup,False,False,34.0,bank_transfer,weekly,1.0,3770,2026-04-25 09:50:22.623131
3772.0,21.0,female,t-shirt,clothing,86.0,oklahoma,m,red,winter,2.6,False,bank_transfer,express,False,False,28.0,venmo,bi-weekly,1.0,3771,2026-04-25 09:50:22.623131
3773.0,44.0,female,pants,clothing,26.0,new_hampshire,l,yellow,fall,3.1,False,cash,next_day_air,False,False,35.0,cash,annually,1.0,3772,2026-04-25 09:50:22.623131
3774.0,25.0,female,sweater,clothing,60.0,wisconsin,m,violet,summer,3.5,False,bank_transfer,store_pickup,False,False,41.0,cash,quarterly,1.0,3773,2026-04-25 09:50:22.623131
3775.0,57.0,female,gloves,accessories,83.0,alaska,s,cyan,winter,3.9,False,venmo,standard,False,False,48.0,paypal,fortnightly,1.0,3774,2026-04-25 09:50:22.623131
3776.0,41.0,female,belt,accessories,63.0,south_dakota,s,pink,spring,2.7,False,debit_card,2-day_shipping,False,False,45.0,cash,quarterly,1.0,3775,2026-04-25 09:50:22.623131
3777.0,19.0,female,sneakers,footwear,25.0,alaska,l,olive,spring,4.1,False,debit_card,standard,False,False,10.0,credit_card,fortnightly,1.0,3776,2026-04-25 09:50:22.623131
3778.0,43.0,female,shorts,clothing,65.0,utah,m,maroon,fall,4.3,False,debit_card,express,False,False,9.0,cash,weekly,1.0,3777,2026-04-25 09:50:22.623131
3779.0,25.0,female,sneakers,footwear,60.0,south_dakota,m,cyan,fall,2.9,False,paypal,free_shipping,False,False,30.0,debit_card,annually,1.0,3778,2026-04-25 09:50:22.623131
3780.0,60.0,female,jeans,clothing,75.0,california,xl,lavender,spring,4.0,False,venmo,express,False,False,45.0,paypal,annually,1.0,3779,2026-04-25 09:50:22.623131
3781.0,54.0,female,sneakers,footwear,57.0,mississippi,l,yellow,fall,4.1,False,bank_transfer,free_shipping,False,False,41.0,venmo,quarterly,1.0,3780,2026-04-25 09:50:22.623131
3782.0,52.0,female,boots,footwear,99.0,tennessee,m,pink,winter,3.7,False,venmo,standard,False,False,40.0,paypal,fortnightly,1.0,3781,2026-04-25 09:50:22.623131
3783.0,40.0,female,jacket,outerwear,45.0,alabama,l,orange,spring,2.8,False,cash,free_shipping,False,False,42.0,paypal,fortnightly,1.0,3782,2026-04-25 09:50:22.623131
3784.0,39.0,female,gloves,accessories,66.0,maine,xl,orange,summer,3.2,False,cash,free_shipping,False,False,17.0,debit_card,fortnightly,1.0,3783,2026-04-25 09:50:22.623131
3785.0,54.0,female,socks,clothing,53.0,virginia,m,violet,winter,4.5,False,cash,next_day_air,False,False,4.0,venmo,annually,1.0,3784,2026-04-25 09:50:22.623131
3786.0,64.0,female,jeans,clothing,94.0,new_hampshire,l,lavender,winter,3.8,False,debit_card,standard,False,False,6.0,cash,monthly,1.0,3785,2026-04-25 09:50:22.623131
3787.0,31.0,female,boots,footwear,47.0,tennessee,l,yellow,fall,3.6,False,venmo,2-day_shipping,False,False,22.0,venmo,weekly,1.0,3786,2026-04-25 09:50:22.623131
3788.0,37.0,female,blouse,clothing,80.0,new_york,m,pink,fall,3.6,False,paypal,2-day_shipping,False,False,46.0,paypal,every_3_months,1.0,3787,2026-04-25 09:50:22.623131
3789.0,43.0,female,hat,accessories,65.0,kansas,xl,teal,spring,3.2,False,cash,next_day_air,False,False,27.0,debit_card,monthly,1.0,3788,2026-04-25 09:50:22.623131
3790.0,56.0,female,shirt,clothing,75.0,north_dakota,m,magenta,summer,3.8,False,debit_card,express,False,False,18.0,bank_transfer,every_3_months,1.0,3789,2026-04-25 09:50:22.623131
3791.0,27.0,female,handbag,accessories,45.0,alaska,xl,beige,summer,4.4,False,venmo,standard,False,False,31.0,credit_card,weekly,1.0,3790,2026-04-25 09:50:22.623131
3792.0,40.0,female,sunglasses,accessories,51.0,texas,m,gray,spring,3.7,False,credit_card,store_pickup,False,False,1.0,venmo,weekly,1.0,3791,2026-04-25 09:50:22.623131
3793.0,43.0,female,scarf,accessories,58.0,massachusetts,s,turquoise,summer,2.6,False,credit_card,express,False,False,2.0,paypal,fortnightly,1.0,3792,2026-04-25 09:50:22.623131
3794.0,62.0,female,sunglasses,accessories,20.0,delaware,m,pink,fall,4.0,False,cash,standard,False,False,46.0,bank_transfer,annually,1.0,3793,2026-04-25 09:50:22.623131
3795.0,44.0,female,scarf,accessories,82.0,south_dakota,m,violet,summer,3.6,False,debit_card,2-day_shipping,False,False,27.0,venmo,weekly,1.0,3794,2026-04-25 09:50:22.623131
3796.0,45.0,female,gloves,accessories,92.0,arkansas,m,charcoal,spring,2.5,False,bank_transfer,express,False,False,3.0,cash,weekly,1.0,3795,2026-04-25 09:50:22.623131
3797.0,40.0,female,shorts,clothing,81.0,utah,m,lavender,fall,3.2,False,credit_card,free_shipping,False,False,47.0,bank_transfer,quarterly,1.0,3796,2026-04-25 09:50:22.623131
3798.0,68.0,female,sunglasses,accessories,44.0,california,m,gray,summer,2.5,False,venmo,next_day_air,False,False,20.0,cash,quarterly,1.0,3797,2026-04-25 09:50:22.623131
3799.0,63.0,female,jewelry,accessories,72.0,rhode_island,s,brown,winter,3.2,False,credit_card,next_day_air,False,False,23.0,credit_card,annually,1.0,3798,2026-04-25 09:50:22.623131
3800.0,60.0,female,jacket,outerwear,26.0,oklahoma,l,violet,winter,2.6,False,paypal,store_pickup,False,False,13.0,credit_card,monthly,1.0,3799,2026-04-25 09:50:22.623131
3801.0,19.0,female,sweater,clothing,26.0,vermont,m,turquoise,fall,4.8,False,venmo,next_day_air,False,False,12.0,venmo,bi-weekly,1.0,3800,2026-04-25 09:50:22.623131
3802.0,26.0,female,blouse,clothing,84.0,kentucky,m,peach,spring,5.0,False,paypal,store_pickup,False,False,36.0,paypal,fortnightly,1.0,3801,2026-04-25 09:50:22.623131
3803.0,70.0,female,scarf,accessories,72.0,illinois,s,turquoise,spring,3.2,False,bank_transfer,2-day_shipping,False,False,1.0,bank_transfer,monthly,1.0,3802,2026-04-25 09:50:22.623131
3804.0,48.0,female,handbag,accessories,55.0,connecticut,m,violet,spring,3.6,False,credit_card,standard,False,False,14.0,debit_card,weekly,1.0,3803,2026-04-25 09:50:22.623131
3805.0,37.0,female,hat,accessories,77.0,florida,m,olive,fall,2.7,False,venmo,2-day_shipping,False,False,45.0,cash,annually,1.0,3804,2026-04-25 09:50:22.623131
3806.0,48.0,female,scarf,accessories,57.0,new_jersey,m,green,fall,3.1,False,debit_card,standard,False,False,31.0,credit_card,quarterly,1.0,3805,2026-04-25 09:50:22.623131
3807.0,18.0,female,boots,footwear,71.0,missouri,m,teal,spring,3.0,False,cash,standard,False,False,41.0,paypal,weekly,1.0,3806,2026-04-25 09:50:22.623131
3808.0,38.0,female,blouse,clothing,39.0,michigan,l,peach,spring,2.9,False,paypal,next_day_air,False,False,36.0,paypal,annually,1.0,3807,2026-04-25 09:50:22.623131
3809.0,33.0,female,socks,clothing,28.0,washington,m,pink,winter,4.7,False,venmo,express,False,False,6.0,debit_card,bi-weekly,1.0,3808,2026-04-25 09:50:22.623131
3810.0,57.0,female,shoes,footwear,33.0,new_york,s,maroon,winter,3.7,False,bank_transfer,standard,False,False,28.0,credit_card,annually,1.0,3809,2026-04-25 09:50:22.623131
3811.0,46.0,female,skirt,clothing,79.0,wisconsin,l,peach,fall,3.9,False,debit_card,free_shipping,False,False,29.0,venmo,monthly,1.0,3810,2026-04-25 09:50:22.623131
3812.0,46.0,female,belt,accessories,30.0,idaho,m,maroon,winter,4.0,False,venmo,standard,False,False,14.0,cash,monthly,1.0,3811,2026-04-25 09:50:22.623131
3813.0,50.0,female,skirt,clothing,75.0,michigan,m,pink,spring,2.8,False,paypal,next_day_air,False,False,7.0,bank_transfer,every_3_months,1.0,3812,2026-04-25 09:50:22.623131
3814.0,61.0,female,pants,clothing,89.0,georgia,m,orange,summer,4.1,False,credit_card,express,False,False,31.0,venmo,bi-weekly,1.0,3813,2026-04-25 09:50:22.623131
3815.0,45.0,female,dress,clothing,95.0,michigan,m,orange,winter,4.2,False,credit_card,free_shipping,False,False,26.0,bank_transfer,every_3_months,1.0,3814,2026-04-25 09:50:22.623131
3816.0,32.0,female,hat,accessories,44.0,maine,m,brown,fall,4.3,False,venmo,express,False,False,12.0,venmo,fortnightly,1.0,3815,2026-04-25 09:50:22.623131
3817.0,29.0,female,coat,outerwear,86.0,maryland,s,silver,summer,4.3,False,debit_card,store_pickup,False,False,45.0,credit_card,fortnightly,1.0,3816,2026-04-25 09:50:22.623131
3818.0,66.0,female,scarf,accessories,91.0,missouri,m,magenta,fall,2.6,False,debit_card,express,False,False,40.0,paypal,annually,1.0,3817,2026-04-25 09:50:22.623131
3819.0,70.0,female,sneakers,footwear,41.0,oregon,xl,indigo,winter,3.8,False,credit_card,free_shipping,False,False,42.0,cash,monthly,1.0,3818,2026-04-25 09:50:22.623131
3820.0,36.0,female,pants,clothing,99.0,arkansas,s,gold,spring,2.9,False,paypal,express,False,False,45.0,cash,quarterly,1.0,3819,2026-04-25 09:50:22.623131
3821.0,34.0,female,belt,accessories,65.0,new_hampshire,m,purple,winter,5.0,False,credit_card,standard,False,False,34.0,debit_card,quarterly,1.0,3820,2026-04-25 09:50:22.623131
3822.0,20.0,female,sneakers,footwear,48.0,oregon,m,gold,summer,4.6,False,paypal,free_shipping,False,False,34.0,credit_card,every_3_months,1.0,3821,2026-04-25 09:50:22.623131
3823.0,70.0,female,hat,accessories,41.0,kansas,s,gold,spring,3.2,False,cash,free_shipping,False,False,17.0,paypal,every_3_months,1.0,3822,2026-04-25 09:50:22.623131
3824.0,50.0,female,shirt,clothing,42.0,california,m,gold,summer,3.0,False,bank_transfer,standard,False,False,27.0,bank_transfer,weekly,1.0,3823,2026-04-25 09:50:22.623131
3825.0,54.0,female,shorts,clothing,26.0,georgia,m,olive,summer,4.0,False,credit_card,free_shipping,False,False,31.0,credit_card,quarterly,1.0,3824,2026-04-25 09:50:22.623131
3826.0,49.0,female,shorts,clothing,35.0,hawaii,l,green,fall,4.1,False,bank_transfer,express,False,False,47.0,debit_card,fortnightly,1.0,3825,2026-04-25 09:50:22.623131
3827.0,50.0,female,jacket,outerwear,31.0,montana,m,gray,summer,4.0,False,bank_transfer,express,False,False,25.0,bank_transfer,annually,1.0,3826,2026-04-25 09:50:22.623131
3828.0,62.0,female,jewelry,accessories,73.0,montana,m,red,summer,4.1,False,cash,standard,False,False,47.0,cash,fortnightly,1.0,3827,2026-04-25 09:50:22.623131
3829.0,42.0,female,blouse,clothing,82.0,mississippi,m,charcoal,spring,3.4,False,venmo,free_shipping,False,False,8.0,cash,weekly,1.0,3828,2026-04-25 09:50:22.623131
3830.0,69.0,female,pants,clothing,32.0,washington,m,indigo,spring,2.9,False,credit_card,free_shipping,False,False,32.0,debit_card,fortnightly,1.0,3829,2026-04-25 09:50:22.623131
3831.0,22.0,female,hat,accessories,27.0,pennsylvania,m,indigo,summer,3.0,False,paypal,2-day_shipping,False,False,33.0,bank_transfer,every_3_months,1.0,3830,2026-04-25 09:50:22.623131
3832.0,36.0,female,backpack,accessories,86.0,nevada,l,silver,spring,4.0,False,venmo,next_day_air,False,False,16.0,debit_card,every_3_months,1.0,3831,2026-04-25 09:50:22.623131
3833.0,64.0,female,boots,footwear,38.0,kansas,xl,purple,winter,4.8,False,paypal,2-day_shipping,False,False,27.0,cash,weekly,1.0,3832,2026-04-25 09:50:22.623131
3834.0,44.0,female,jacket,outerwear,93.0,arizona,l,gray,summer,4.6,False,cash,free_shipping,False,False,17.0,paypal,every_3_months,1.0,3833,2026-04-25 09:50:22.623131
3835.0,43.0,female,hoodie,clothing,59.0,tennessee,m,magenta,winter,4.1,False,debit_card,2-day_shipping,False,False,17.0,cash,quarterly,1.0,3834,2026-04-25 09:50:22.623131
3836.0,58.0,female,sandals,footwear,58.0,pennsylvania,l,silver,winter,2.6,False,credit_card,express,False,False,28.0,paypal,bi-weekly,1.0,3835,2026-04-25 09:50:22.623131
3837.0,62.0,female,skirt,clothing,84.0,alaska,m,violet,spring,2.5,False,venmo,free_shipping,False,False,38.0,paypal,fortnightly,1.0,3836,2026-04-25 09:50:22.623131
3838.0,45.0,female,hoodie,clothing,100.0,new_mexico,m,green,spring,4.8,False,debit_card,free_shipping,False,False,33.0,bank_transfer,fortnightly,1.0,3837,2026-04-25 09:50:22.623131
3839.0,47.0,female,dress,clothing,25.0,rhode_island,l,green,summer,4.2,False,bank_transfer,express,False,False,24.0,venmo,every_3_months,1.0,3838,2026-04-25 09:50:22.623131
3840.0,66.0,female,sandals,footwear,29.0,connecticut,m,peach,spring,3.9,False,paypal,free_shipping,False,False,14.0,venmo,quarterly,1.0,3839,2026-04-25 09:50:22.623131
3841.0,30.0,female,jeans,clothing,42.0,idaho,m,turquoise,spring,3.7,False,debit_card,express,False,False,5.0,venmo,fortnightly,1.0,3840,2026-04-25 09:50:22.623131
3842.0,68.0,female,jeans,clothing,57.0,mississippi,l,pink,fall,4.2,False,cash,2-day_shipping,False,False,8.0,bank_transfer,monthly,1.0,3841,2026-04-25 09:50:22.623131
3843.0,35.0,female,jacket,outerwear,84.0,colorado,l,lavender,winter,4.2,False,cash,next_day_air,False,False,42.0,debit_card,monthly,1.0,3842,2026-04-25 09:50:22.623131
3844.0,64.0,female,hat,accessories,71.0,georgia,l,silver,winter,4.0,False,venmo,free_shipping,False,False,48.0,venmo,every_3_months,1.0,3843,2026-04-25 09:50:22.623131
3845.0,30.0,female,shorts,clothing,87.0,montana,s,cyan,fall,5.0,False,credit_card,next_day_air,False,False,40.0,venmo,quarterly,1.0,3844,2026-04-25 09:50:22.623131
3846.0,58.0,female,sweater,clothing,52.0,california,m,green,winter,4.9,False,venmo,standard,False,False,46.0,venmo,annually,1.0,3845,2026-04-25 09:50:22.623131
3847.0,57.0,female,blouse,clothing,58.0,pennsylvania,l,orange,summer,4.0,False,credit_card,express,False,False,40.0,paypal,every_3_months,1.0,3846,2026-04-25 09:50:22.623131
3848.0,60.0,female,sweater,clothing,34.0,delaware,s,blue,fall,3.2,False,credit_card,2-day_shipping,False,False,31.0,paypal,fortnightly,1.0,3847,2026-04-25 09:50:22.623131
3849.0,22.0,female,jewelry,accessories,60.0,new_hampshire,m,magenta,winter,3.0,False,bank_transfer,next_day_air,False,False,39.0,cash,every_3_months,1.0,3848,2026-04-25 09:50:22.623131
3850.0,46.0,female,hoodie,clothing,68.0,florida,s,cyan,winter,2.6,False,venmo,express,False,False,36.0,paypal,fortnightly,1.0,3849,2026-04-25 09:50:22.623131
3851.0,27.0,female,jewelry,accessories,74.0,mississippi,l,indigo,summer,4.4,False,credit_card,2-day_shipping,False,False,25.0,debit_card,every_3_months,1.0,3850,2026-04-25 09:50:22.623131
3852.0,50.0,female,scarf,accessories,83.0,montana,m,pink,summer,3.9,False,credit_card,free_shipping,False,False,24.0,debit_card,annually,1.0,3851,2026-04-25 09:50:22.623131
3853.0,65.0,female,hat,accessories,79.0,mississippi,m,peach,fall,4.0,False,credit_card,2-day_shipping,False,False,19.0,paypal,weekly,1.0,3852,2026-04-25 09:50:22.623131
3854.0,61.0,female,sunglasses,accessories,76.0,tennessee,m,lavender,fall,4.0,False,bank_transfer,store_pickup,False,False,49.0,debit_card,bi-weekly,1.0,3853,2026-04-25 09:50:22.623131
3855.0,57.0,female,t-shirt,clothing,20.0,florida,m,black,spring,4.2,False,venmo,free_shipping,False,False,4.0,venmo,annually,1.0,3854,2026-04-25 09:50:22.623131
3856.0,40.0,female,shirt,clothing,61.0,illinois,xl,lavender,summer,4.4,False,debit_card,next_day_air,False,False,36.0,cash,quarterly,1.0,3855,2026-04-25 09:50:22.623131
3857.0,39.0,female,sandals,footwear,78.0,virginia,s,brown,summer,2.5,False,paypal,free_shipping,False,False,8.0,debit_card,quarterly,1.0,3856,2026-04-25 09:50:22.623131
3858.0,42.0,female,hat,accessories,21.0,texas,s,yellow,summer,3.1,False,debit_card,store_pickup,False,False,29.0,credit_card,every_3_months,1.0,3857,2026-04-25 09:50:22.623131
3859.0,30.0,female,t-shirt,clothing,77.0,missouri,m,olive,winter,3.5,False,paypal,store_pickup,False,False,26.0,credit_card,quarterly,1.0,3858,2026-04-25 09:50:22.623131
3860.0,65.0,female,shorts,clothing,88.0,mississippi,s,blue,fall,3.0,False,credit_card,2-day_shipping,False,False,47.0,bank_transfer,bi-weekly,1.0,3859,2026-04-25 09:50:22.623131
3861.0,57.0,female,sunglasses,accessories,64.0,pennsylvania,m,turquoise,summer,4.4,False,credit_card,next_day_air,False,False,44.0,cash,annually,1.0,3860,2026-04-25 09:50:22.623131
3862.0,64.0,female,jacket,outerwear,57.0,wyoming,m,yellow,spring,4.9,False,venmo,standard,False,False,49.0,credit_card,monthly,1.0,3861,2026-04-25 09:50:22.623131
3863.0,56.0,female,shirt,clothing,49.0,idaho,l,turquoise,winter,2.8,False,paypal,next_day_air,False,False,9.0,venmo,monthly,1.0,3862,2026-04-25 09:50:22.623131
3864.0,40.0,female,scarf,accessories,35.0,new_hampshire,m,orange,summer,3.3,False,venmo,free_shipping,False,False,28.0,cash,fortnightly,1.0,3863,2026-04-25 09:50:22.623131
3865.0,55.0,female,t-shirt,clothing,99.0,wyoming,s,blue,winter,4.9,False,bank_transfer,express,False,False,1.0,debit_card,fortnightly,1.0,3864,2026-04-25 09:50:22.623131
3866.0,25.0,female,shorts,clothing,42.0,nebraska,m,olive,spring,4.2,False,cash,store_pickup,False,False,28.0,cash,every_3_months,1.0,3865,2026-04-25 09:50:22.623131
3867.0,58.0,female,hat,accessories,32.0,alaska,m,beige,winter,3.3,False,venmo,2-day_shipping,False,False,33.0,credit_card,fortnightly,1.0,3866,2026-04-25 09:50:22.623131
3868.0,46.0,female,jacket,outerwear,21.0,maryland,l,lavender,summer,2.7,False,cash,standard,False,False,28.0,credit_card,monthly,1.0,3867,2026-04-25 09:50:22.623131
3869.0,18.0,female,dress,clothing,29.0,maryland,xl,magenta,winter,3.3,False,paypal,2-day_shipping,False,False,9.0,cash,annually,1.0,3868,2026-04-25 09:50:22.623131
3870.0,26.0,female,coat,outerwear,64.0,arizona,l,cyan,spring,3.8,False,bank_transfer,free_shipping,False,False,28.0,bank_transfer,annually,1.0,3869,2026-04-25 09:50:22.623131
3871.0,61.0,female,sandals,footwear,46.0,ohio,l,lavender,fall,3.2,False,bank_transfer,next_day_air,False,False,19.0,cash,every_3_months,1.0,3870,2026-04-25 09:50:22.623131
3872.0,55.0,female,t-shirt,clothing,97.0,minnesota,m,black,fall,4.1,False,credit_card,2-day_shipping,False,False,20.0,bank_transfer,every_3_months,1.0,3871,2026-04-25 09:50:22.623131
3873.0,41.0,female,jacket,outerwear,94.0,new_hampshire,m,green,spring,4.3,False,cash,standard,False,False,3.0,cash,monthly,1.0,3872,2026-04-25 09:50:22.623131
3874.0,42.0,female,sandals,footwear,43.0,louisiana,l,silver,summer,4.0,False,paypal,standard,False,False,22.0,credit_card,weekly,1.0,3873,2026-04-25 09:50:22.623131
3875.0,70.0,female,sweater,clothing,54.0,nevada,xl,beige,summer,3.9,False,cash,2-day_shipping,False,False,33.0,credit_card,bi-weekly,1.0,3874,2026-04-25 09:50:22.623131
3876.0,63.0,female,hat,accessories,51.0,new_hampshire,m,pink,winter,3.3,False,venmo,2-day_shipping,False,False,21.0,credit_card,annually,1.0,3875,2026-04-25 09:50:22.623131
3877.0,60.0,female,shoes,footwear,85.0,wisconsin,s,cyan,fall,2.6,False,bank_transfer,2-day_shipping,False,False,7.0,cash,annually,1.0,3876,2026-04-25 09:50:22.623131
3878.0,28.0,female,hoodie,clothing,96.0,nevada,m,olive,spring,4.2,False,venmo,next_day_air,False,False,46.0,debit_card,monthly,1.0,3877,2026-04-25 09:50:22.623131
3879.0,60.0,female,hat,accessories,42.0,south_carolina,m,pink,summer,3.4,False,venmo,2-day_shipping,False,False,24.0,credit_card,annually,1.0,3878,2026-04-25 09:50:22.623131
3880.0,26.0,female,skirt,clothing,63.0,florida,l,maroon,winter,4.1,False,cash,free_shipping,False,False,6.0,debit_card,quarterly,1.0,3879,2026-04-25 09:50:22.623131
3881.0,42.0,female,shirt,clothing,20.0,massachusetts,m,red,winter,3.9,False,credit_card,free_shipping,False,False,40.0,paypal,monthly,1.0,3880,2026-04-25 09:50:22.623131
3882.0,56.0,female,scarf,accessories,25.0,georgia,l,silver,spring,2.8,False,paypal,2-day_shipping,False,False,17.0,debit_card,weekly,1.0,3881,2026-04-25 09:50:22.623131
3883.0,35.0,female,pants,clothing,95.0,north_dakota,l,blue,fall,2.6,False,credit_card,free_shipping,False,False,24.0,cash,fortnightly,1.0,3882,2026-04-25 09:50:22.623131
3884.0,34.0,female,hat,accessories,38.0,north_dakota,xl,purple,fall,4.0,False,bank_transfer,next_day_air,False,False,22.0,cash,fortnightly,1.0,3883,2026-04-25 09:50:22.623131
3885.0,47.0,female,sandals,footwear,29.0,maryland,m,brown,fall,4.9,False,debit_card,express,False,False,3.0,paypal,weekly,1.0,3884,2026-04-25 09:50:22.623131
3886.0,49.0,female,socks,clothing,64.0,new_mexico,l,purple,winter,3.2,False,venmo,free_shipping,False,False,39.0,cash,quarterly,1.0,3885,2026-04-25 09:50:22.623131
3887.0,37.0,female,jewelry,accessories,92.0,iowa,s,brown,summer,3.9,False,bank_transfer,express,False,False,40.0,debit_card,quarterly,1.0,3886,2026-04-25 09:50:22.623131
3888.0,40.0,female,shirt,clothing,34.0,kansas,m,charcoal,spring,2.7,False,paypal,express,False,False,1.0,credit_card,quarterly,1.0,3887,2026-04-25 09:50:22.623131
3889.0,45.0,female,sneakers,footwear,69.0,virginia,m,violet,spring,3.4,False,bank_transfer,standard,False,False,14.0,venmo,bi-weekly,1.0,3888,2026-04-25 09:50:22.623131
3890.0,57.0,female,dress,clothing,65.0,alaska,s,yellow,spring,3.5,False,debit_card,express,False,False,49.0,bank_transfer,annually,1.0,3889,2026-04-25 09:50:22.623131
3891.0,35.0,female,shirt,clothing,81.0,nebraska,xl,green,winter,2.6,False,credit_card,standard,False,False,33.0,debit_card,annually,1.0,3890,2026-04-25 09:50:22.623131
3892.0,36.0,female,dress,clothing,30.0,colorado,l,peach,winter,4.7,False,cash,free_shipping,False,False,6.0,bank_transfer,quarterly,1.0,3891,2026-04-25 09:50:22.623131
3893.0,35.0,female,jewelry,accessories,86.0,michigan,l,indigo,summer,3.5,False,bank_transfer,standard,False,False,5.0,paypal,fortnightly,1.0,3892,2026-04-25 09:50:22.623131
3894.0,21.0,female,hat,accessories,64.0,massachusetts,l,white,fall,3.3,False,bank_transfer,store_pickup,False,False,29.0,bank_transfer,bi-weekly,1.0,3893,2026-04-25 09:50:22.623131
3895.0,66.0,female,skirt,clothing,78.0,connecticut,l,white,spring,3.9,False,cash,2-day_shipping,False,False,44.0,credit_card,every_3_months,1.0,3894,2026-04-25 09:50:22.623131
3896.0,40.0,female,hoodie,clothing,28.0,virginia,l,turquoise,summer,4.2,False,cash,2-day_shipping,False,False,32.0,venmo,weekly,1.0,3895,2026-04-25 09:50:22.623131
3897.0,52.0,female,backpack,accessories,49.0,iowa,l,white,spring,4.5,False,paypal,store_pickup,False,False,41.0,bank_transfer,bi-weekly,1.0,3896,2026-04-25 09:50:22.623131
3898.0,46.0,female,belt,accessories,33.0,new_jersey,l,green,spring,2.9,False,credit_card,standard,False,False,24.0,venmo,quarterly,1.0,3897,2026-04-25 09:50:22.623131
3899.0,44.0,female,shoes,footwear,77.0,minnesota,s,brown,summer,3.8,False,paypal,express,False,False,24.0,venmo,weekly,1.0,3898,2026-04-25 09:50:22.623131
3900.0,52.0,female,handbag,accessories,81.0,california,m,beige,spring,3.1,False,bank_transfer,store_pickup,False,False,33.0,venmo,quarterly,1.0,3899,2026-04-25 09:50:22.623131
